5.0, {'J01': 0}, {'J01': 0}, {'J01': 0}, 
10.0, {'J01': 0}, {'J01': 0}, {'J01': 0}, 
15.0, {'J01': -7.5}, {'J01': 1}, {'J01': 3}, 
20.0, {'J01': -25.5}, {'J01': 1}, {'J01': 2}, 
25.0, {'J01': -50.0}, {'J01': 2}, {'J01': 4}, 
30.0, {'J01': -91.0}, {'J01': 2}, {'J01': 5}, 
35.0, {'J01': -152.5}, {'J01': 3}, {'J01': 8}, 
40.0, {'J01': -232.5}, {'J01': 3}, {'J01': 8}, 
45.0, {'J01': -315.5}, {'J01': 3}, {'J01': 9}, 
50.0, {'J01': -417.5}, {'J01': 4}, {'J01': 14}, 
55.0, {'J01': -569.0}, {'J01': 4}, {'J01': 17}, 
60.0, {'J01': -739.0}, {'J01': 4}, {'J01': 17}, 
65.0, {'J01': -703.5}, {'J01': 3}, {'J01': 15}, 
70.0, {'J01': -666.0}, {'J01': 3}, {'J01': 13}, 
75.0, {'J01': -788.5}, {'J01': 3}, {'J01': 20}, 
80.0, {'J01': -980.5}, {'J01': 5}, {'J01': 28}, 
85.0, {'J01': -1206.5}, {'J01': 7}, {'J01': 30}, 
90.0, {'J01': -1383.5}, {'J01': 5}, {'J01': 26}, 
95.0, {'J01': -1547.5}, {'J01': 4}, {'J01': 24}, 
100.0, {'J01': -1683.0}, {'J01': 4}, {'J01': 21}, 
105.0, {'J01': -1893.0}, {'J01': 4}, {'J01': 21}, 
110.0, {'J01': -2103.0}, {'J01': 4}, {'J01': 21}, 
115.0, {'J01': -2313.0}, {'J01': 4}, {'J01': 21}, 
120.0, {'J01': -2527.5}, {'J01': 4}, {'J01': 23}, 
125.0, {'J01': -2252.5}, {'J01': 4}, {'J01': 22}, 
130.0, {'J01': -2436.5}, {'J01': 4}, {'J01': 19}, 
135.0, {'J01': -2626.5}, {'J01': 4}, {'J01': 19}, 
140.0, {'J01': -2821.0}, {'J01': 4}, {'J01': 20}, 
145.0, {'J01': -2498.5}, {'J01': 4}, {'J01': 21}, 
150.0, {'J01': -2705.5}, {'J01': 4}, {'J01': 25}, 
155.0, {'J01': -2959.0}, {'J01': 4}, {'J01': 30}, 
160.0, {'J01': -3122.0}, {'J01': 5}, {'J01': 24}, 
165.0, {'J01': -3316.0}, {'J01': 5}, {'J01': 22}, 
170.0, {'J01': -3536.0}, {'J01': 5}, {'J01': 22}, 
175.0, {'J01': -3761.0}, {'J01': 5}, {'J01': 23}, 
180.0, {'J01': -3996.0}, {'J01': 6}, {'J01': 26}, 
185.0, {'J01': -4270.0}, {'J01': 7}, {'J01': 31}, 
190.0, {'J01': -4594.0}, {'J01': 7}, {'J01': 37}, 
195.0, {'J01': -4981.5}, {'J01': 7}, {'J01': 42}, 
200.0, {'J01': -5199.5}, {'J01': 7}, {'J01': 37}, 
205.0, {'J01': -5372.0}, {'J01': 7}, {'J01': 31}, 
210.0, {'J01': -4478.5}, {'J01': 7}, {'J01': 27}, 
215.0, {'J01': -3947.5}, {'J01': 7}, {'J01': 27}, 
220.0, {'J01': -4101.5}, {'J01': 7}, {'J01': 27}, 
225.0, {'J01': -4353.0}, {'J01': 7}, {'J01': 27}, 
230.0, {'J01': -4623.0}, {'J01': 7}, {'J01': 27}, 
235.0, {'J01': -4895.5}, {'J01': 7}, {'J01': 28}, 
240.0, {'J01': -3616.5}, {'J01': 7}, {'J01': 25}, 
245.0, {'J01': -3097.0}, {'J01': 7}, {'J01': 26}, 
250.0, {'J01': -3378.0}, {'J01': 7}, {'J01': 34}, 
255.0, {'J01': -3731.5}, {'J01': 7}, {'J01': 38}, 
260.0, {'J01': -4112.5}, {'J01': 7}, {'J01': 40}, 
265.0, {'J01': -4143.0}, {'J01': 7}, {'J01': 34}, 
270.0, {'J01': -4204.5}, {'J01': 7}, {'J01': 28}, 
275.0, {'J01': -4413.5}, {'J01': 7}, {'J01': 27}, 
280.0, {'J01': -4620.5}, {'J01': 7}, {'J01': 25}, 
285.0, {'J01': -3526.5}, {'J01': 7}, {'J01': 20}, 
290.0, {'J01': -3056.5}, {'J01': 7}, {'J01': 22}, 
295.0, {'J01': -3260.5}, {'J01': 7}, {'J01': 26}, 
300.0, {'J01': -3464.5}, {'J01': 7}, {'J01': 25}, 
305.0, {'J01': -3636.5}, {'J01': 7}, {'J01': 22}, 
310.0, {'J01': -3856.5}, {'J01': 7}, {'J01': 22}, 
315.0, {'J01': -3448.5}, {'J01': 7}, {'J01': 21}, 
320.0, {'J01': -3460.5}, {'J01': 7}, {'J01': 23}, 
325.0, {'J01': -3702.0}, {'J01': 7}, {'J01': 27}, 
330.0, {'J01': -3964.0}, {'J01': 7}, {'J01': 31}, 
335.0, {'J01': -4143.5}, {'J01': 7}, {'J01': 27}, 
340.0, {'J01': -4290.0}, {'J01': 7}, {'J01': 22}, 
345.0, {'J01': -4510.0}, {'J01': 7}, {'J01': 22}, 
350.0, {'J01': -4730.0}, {'J01': 7}, {'J01': 22}, 
355.0, {'J01': -4950.0}, {'J01': 7}, {'J01': 22}, 
360.0, {'J01': -5170.0}, {'J01': 7}, {'J01': 22}, 
365.0, {'J01': -4837.5}, {'J01': 7}, {'J01': 19}, 
370.0, {'J01': -4732.5}, {'J01': 7}, {'J01': 22}, 
375.0, {'J01': -4911.5}, {'J01': 7}, {'J01': 22}, 
380.0, {'J01': -5099.0}, {'J01': 7}, {'J01': 21}, 
385.0, {'J01': -5254.5}, {'J01': 7}, {'J01': 19}, 
390.0, {'J01': -5448.0}, {'J01': 7}, {'J01': 20}, 
395.0, {'J01': -5651.0}, {'J01': 7}, {'J01': 21}, 
400.0, {'J01': -5864.5}, {'J01': 7}, {'J01': 22}, 
405.0, {'J01': -6084.5}, {'J01': 7}, {'J01': 22}, 
410.0, {'J01': -5895.0}, {'J01': 7}, {'J01': 22}, 
415.0, {'J01': -5799.5}, {'J01': 7}, {'J01': 22}, 
420.0, {'J01': -5985.0}, {'J01': 7}, {'J01': 23}, 
425.0, {'J01': -6202.5}, {'J01': 7}, {'J01': 24}, 
430.0, {'J01': -6354.5}, {'J01': 7}, {'J01': 21}, 
435.0, {'J01': -6564.5}, {'J01': 7}, {'J01': 21}, 
440.0, {'J01': -6774.5}, {'J01': 7}, {'J01': 21}, 
445.0, {'J01': -6984.5}, {'J01': 7}, {'J01': 21}, 
450.0, {'J01': -6991.5}, {'J01': 7}, {'J01': 20}, 
455.0, {'J01': -7039.5}, {'J01': 7}, {'J01': 20}, 
460.0, {'J01': -7227.0}, {'J01': 7}, {'J01': 24}, 
465.0, {'J01': -7457.0}, {'J01': 7}, {'J01': 26}, 
470.0, {'J01': -7655.0}, {'J01': 7}, {'J01': 24}, 
475.0, {'J01': -7895.0}, {'J01': 7}, {'J01': 24}, 
480.0, {'J01': -8135.0}, {'J01': 7}, {'J01': 24}, 
485.0, {'J01': -8375.0}, {'J01': 7}, {'J01': 24}, 
490.0, {'J01': -7814.5}, {'J01': 7}, {'J01': 22}, 
495.0, {'J01': -7824.5}, {'J01': 7}, {'J01': 24}, 
500.0, {'J01': -8085.5}, {'J01': 7}, {'J01': 31}, 
505.0, {'J01': -8397.5}, {'J01': 7}, {'J01': 35}, 
510.0, {'J01': -8753.0}, {'J01': 7}, {'J01': 37}, 
515.0, {'J01': -9112.0}, {'J01': 7}, {'J01': 37}, 
520.0, {'J01': -9097.5}, {'J01': 7}, {'J01': 30}, 
525.0, {'J01': -9260.5}, {'J01': 7}, {'J01': 28}, 
530.0, {'J01': -9465.0}, {'J01': 7}, {'J01': 28}, 
535.0, {'J01': -9137.0}, {'J01': 7}, {'J01': 26}, 
540.0, {'J01': -9113.5}, {'J01': 7}, {'J01': 21}, 
545.0, {'J01': -9323.5}, {'J01': 7}, {'J01': 21}, 
550.0, {'J01': -9533.5}, {'J01': 7}, {'J01': 21}, 
555.0, {'J01': -9746.0}, {'J01': 7}, {'J01': 23}, 
560.0, {'J01': -9976.0}, {'J01': 7}, {'J01': 23}, 
565.0, {'J01': -10210.0}, {'J01': 7}, {'J01': 24}, 
570.0, {'J01': -9478.0}, {'J01': 7}, {'J01': 21}, 
575.0, {'J01': -8933.0}, {'J01': 7}, {'J01': 23}, 
580.0, {'J01': -9092.5}, {'J01': 7}, {'J01': 21}, 
585.0, {'J01': -9287.0}, {'J01': 7}, {'J01': 21}, 
590.0, {'J01': -9463.5}, {'J01': 7}, {'J01': 20}, 
595.0, {'J01': -9622.5}, {'J01': 7}, {'J01': 20}, 
600.0, {'J01': -9827.0}, {'J01': 7}, {'J01': 21}, 
605.0, {'J01': -9731.0}, {'J01': 7}, {'J01': 22}, 
610.0, {'J01': -9963.0}, {'J01': 7}, {'J01': 26}, 
615.0, {'J01': -9926.0}, {'J01': 7}, {'J01': 30}, 
620.0, {'J01': -10240.0}, {'J01': 7}, {'J01': 35}, 
625.0, {'J01': -10362.5}, {'J01': 7}, {'J01': 29}, 
630.0, {'J01': -9977.0}, {'J01': 7}, {'J01': 31}, 
635.0, {'J01': -10243.5}, {'J01': 7}, {'J01': 31}, 
640.0, {'J01': -10577.5}, {'J01': 7}, {'J01': 37}, 
645.0, {'J01': -10485.5}, {'J01': 7}, {'J01': 27}, 
650.0, {'J01': -10600.5}, {'J01': 7}, {'J01': 22}, 
655.0, {'J01': -10823.5}, {'J01': 7}, {'J01': 23}, 
660.0, {'J01': -10270.5}, {'J01': 7}, {'J01': 17}, 
665.0, {'J01': -10281.5}, {'J01': 7}, {'J01': 20}, 
670.0, {'J01': -10366.5}, {'J01': 7}, {'J01': 20}, 
675.0, {'J01': -10394.5}, {'J01': 7}, {'J01': 27}, 
680.0, {'J01': -10687.5}, {'J01': 7}, {'J01': 36}, 
685.0, {'J01': -11059.0}, {'J01': 7}, {'J01': 40}, 
690.0, {'J01': -10993.0}, {'J01': 7}, {'J01': 28}, 
695.0, {'J01': -11088.5}, {'J01': 7}, {'J01': 22}, 
700.0, {'J01': -10912.0}, {'J01': 7}, {'J01': 20}, 
705.0, {'J01': -11121.5}, {'J01': 7}, {'J01': 24}, 
710.0, {'J01': -11311.0}, {'J01': 7}, {'J01': 26}, 
715.0, {'J01': -11534.0}, {'J01': 7}, {'J01': 25}, 
720.0, {'J01': -11718.0}, {'J01': 7}, {'J01': 22}, 
725.0, {'J01': -11940.0}, {'J01': 7}, {'J01': 23}, 
730.0, {'J01': -12071.0}, {'J01': 7}, {'J01': 24}, 
735.0, {'J01': -12104.5}, {'J01': 7}, {'J01': 27}, 
740.0, {'J01': -12314.0}, {'J01': 7}, {'J01': 25}, 
745.0, {'J01': -12564.0}, {'J01': 7}, {'J01': 25}, 
750.0, {'J01': -12814.0}, {'J01': 7}, {'J01': 25}, 
755.0, {'J01': -13069.5}, {'J01': 7}, {'J01': 27}, 
760.0, {'J01': -13075.0}, {'J01': 7}, {'J01': 27}, 
765.0, {'J01': -13182.5}, {'J01': 7}, {'J01': 30}, 
770.0, {'J01': -13428.5}, {'J01': 7}, {'J01': 29}, 
775.0, {'J01': -13669.0}, {'J01': 7}, {'J01': 28}, 
780.0, {'J01': -13949.0}, {'J01': 7}, {'J01': 28}, 
785.0, {'J01': -14232.5}, {'J01': 7}, {'J01': 29}, 
790.0, {'J01': -14522.5}, {'J01': 7}, {'J01': 29}, 
795.0, {'J01': -14812.5}, {'J01': 7}, {'J01': 29}, 
800.0, {'J01': -14630.5}, {'J01': 7}, {'J01': 28}, 
805.0, {'J01': -14456.0}, {'J01': 7}, {'J01': 30}, 
810.0, {'J01': -14771.0}, {'J01': 7}, {'J01': 35}, 
815.0, {'J01': -14991.0}, {'J01': 7}, {'J01': 31}, 
820.0, {'J01': -15270.0}, {'J01': 7}, {'J01': 30}, 
825.0, {'J01': -15490.5}, {'J01': 7}, {'J01': 31}, 
830.0, {'J01': -15613.0}, {'J01': 7}, {'J01': 33}, 
835.0, {'J01': -15952.5}, {'J01': 7}, {'J01': 36}, 
840.0, {'J01': -16175.0}, {'J01': 7}, {'J01': 31}, 
845.0, {'J01': -16489.5}, {'J01': 7}, {'J01': 33}, 
850.0, {'J01': -12032.0}, {'J01': 7}, {'J01': 28}, 
855.0, {'J01': -10913.5}, {'J01': 7}, {'J01': 31}, 
860.0, {'J01': -11149.5}, {'J01': 7}, {'J01': 30}, 
865.0, {'J01': -10250.0}, {'J01': 7}, {'J01': 29}, 
870.0, {'J01': -10239.5}, {'J01': 7}, {'J01': 31}, 
875.0, {'J01': -10576.5}, {'J01': 7}, {'J01': 41}, 
880.0, {'J01': -10908.5}, {'J01': 7}, {'J01': 38}, 
885.0, {'J01': -11110.5}, {'J01': 7}, {'J01': 33}, 
890.0, {'J01': -11359.0}, {'J01': 7}, {'J01': 33}, 
895.0, {'J01': -11515.0}, {'J01': 7}, {'J01': 32}, 
900.0, {'J01': -11812.0}, {'J01': 7}, {'J01': 34}, 
905.0, {'J01': -10981.0}, {'J01': 7}, {'J01': 30}, 
910.0, {'J01': -11138.5}, {'J01': 7}, {'J01': 35}, 
915.0, {'J01': -11465.0}, {'J01': 7}, {'J01': 39}, 
920.0, {'J01': -11762.5}, {'J01': 7}, {'J01': 37}, 
925.0, {'J01': -11328.0}, {'J01': 7}, {'J01': 32}, 
930.0, {'J01': -11651.5}, {'J01': 7}, {'J01': 35}, 
935.0, {'J01': -12037.0}, {'J01': 7}, {'J01': 45}, 
940.0, {'J01': -12348.0}, {'J01': 7}, {'J01': 43}, 
945.0, {'J01': -12582.0}, {'J01': 7}, {'J01': 37}, 
950.0, {'J01': -12476.0}, {'J01': 7}, {'J01': 32}, 
955.0, {'J01': -12761.0}, {'J01': 7}, {'J01': 36}, 
960.0, {'J01': -13139.0}, {'J01': 7}, {'J01': 44}, 
965.0, {'J01': -13596.5}, {'J01': 7}, {'J01': 50}, 
970.0, {'J01': -13633.5}, {'J01': 7}, {'J01': 38}, 
975.0, {'J01': -13840.5}, {'J01': 7}, {'J01': 32}, 
980.0, {'J01': -13456.0}, {'J01': 7}, {'J01': 29}, 
985.0, {'J01': -13558.0}, {'J01': 7}, {'J01': 31}, 
990.0, {'J01': -13895.5}, {'J01': 7}, {'J01': 41}, 
995.0, {'J01': -14173.5}, {'J01': 7}, {'J01': 38}, 
1000.0, {'J01': -14433.0}, {'J01': 7}, {'J01': 35}, 
1005.0, {'J01': -14667.0}, {'J01': 7}, {'J01': 31}, 
1010.0, {'J01': -14337.5}, {'J01': 7}, {'J01': 25}, 
1015.0, {'J01': -14597.0}, {'J01': 7}, {'J01': 31}, 
1020.0, {'J01': -14881.0}, {'J01': 7}, {'J01': 32}, 
1025.0, {'J01': -15129.5}, {'J01': 7}, {'J01': 31}, 
1030.0, {'J01': -15362.5}, {'J01': 7}, {'J01': 28}, 
1035.0, {'J01': -15642.5}, {'J01': 7}, {'J01': 28}, 
1040.0, {'J01': -15891.0}, {'J01': 7}, {'J01': 27}, 
1045.0, {'J01': -15663.5}, {'J01': 7}, {'J01': 24}, 
1050.0, {'J01': -15646.5}, {'J01': 7}, {'J01': 27}, 
1055.0, {'J01': -15910.5}, {'J01': 7}, {'J01': 32}, 
1060.0, {'J01': -16170.5}, {'J01': 7}, {'J01': 29}, 
1065.0, {'J01': -16418.0}, {'J01': 7}, {'J01': 27}, 
1070.0, {'J01': -16688.0}, {'J01': 7}, {'J01': 27}, 
1075.0, {'J01': -16440.5}, {'J01': 7}, {'J01': 24}, 
1080.0, {'J01': -16453.0}, {'J01': 7}, {'J01': 25}, 
1085.0, {'J01': -16652.0}, {'J01': 7}, {'J01': 24}, 
1090.0, {'J01': -16897.0}, {'J01': 7}, {'J01': 25}, 
1095.0, {'J01': -17147.0}, {'J01': 7}, {'J01': 25}, 
1100.0, {'J01': -17164.5}, {'J01': 7}, {'J01': 25}, 
1105.0, {'J01': -17418.5}, {'J01': 7}, {'J01': 28}, 
1110.0, {'J01': -17655.5}, {'J01': 7}, {'J01': 26}, 
1115.0, {'J01': -17862.0}, {'J01': 7}, {'J01': 27}, 
1120.0, {'J01': -18132.0}, {'J01': 7}, {'J01': 27}, 
1125.0, {'J01': -18402.0}, {'J01': 7}, {'J01': 27}, 
1130.0, {'J01': -16675.5}, {'J01': 7}, {'J01': 25}, 
1135.0, {'J01': -15271.5}, {'J01': 7}, {'J01': 28}, 
1140.0, {'J01': -15486.5}, {'J01': 7}, {'J01': 29}, 
1145.0, {'J01': -15729.0}, {'J01': 7}, {'J01': 27}, 
1150.0, {'J01': -15951.5}, {'J01': 7}, {'J01': 25}, 
1155.0, {'J01': -16201.5}, {'J01': 7}, {'J01': 25}, 
1160.0, {'J01': -16451.5}, {'J01': 7}, {'J01': 25}, 
1165.0, {'J01': -16706.5}, {'J01': 7}, {'J01': 27}, 
1170.0, {'J01': -16981.0}, {'J01': 7}, {'J01': 28}, 
1175.0, {'J01': -17055.5}, {'J01': 7}, {'J01': 26}, 
1180.0, {'J01': -16429.0}, {'J01': 7}, {'J01': 29}, 
1185.0, {'J01': -16735.5}, {'J01': 7}, {'J01': 35}, 
1190.0, {'J01': -17069.0}, {'J01': 7}, {'J01': 39}, 
1195.0, {'J01': -17459.0}, {'J01': 7}, {'J01': 39}, 
1200.0, {'J01': -17623.0}, {'J01': 7}, {'J01': 36}, 
1205.0, {'J01': -17814.0}, {'J01': 7}, {'J01': 33}, 
1210.0, {'J01': -17229.5}, {'J01': 7}, {'J01': 31}, 
1215.0, {'J01': -17323.0}, {'J01': 7}, {'J01': 32}, 
1220.0, {'J01': -17683.0}, {'J01': 7}, {'J01': 43}, 
1225.0, {'J01': -17734.0}, {'J01': 7}, {'J01': 32}, 
1230.0, {'J01': -17907.5}, {'J01': 7}, {'J01': 26}, 
1235.0, {'J01': -18145.0}, {'J01': 7}, {'J01': 28}, 
1240.0, {'J01': -18425.0}, {'J01': 7}, {'J01': 28}, 
1245.0, {'J01': -18450.5}, {'J01': 7}, {'J01': 29}, 
1250.0, {'J01': -18609.0}, {'J01': 7}, {'J01': 29}, 
1255.0, {'J01': -18855.0}, {'J01': 7}, {'J01': 27}, 
1260.0, {'J01': -19106.0}, {'J01': 7}, {'J01': 27}, 
1265.0, {'J01': -19376.0}, {'J01': 7}, {'J01': 27}, 
1270.0, {'J01': -19651.0}, {'J01': 7}, {'J01': 28}, 
1275.0, {'J01': -18674.0}, {'J01': 7}, {'J01': 23}, 
1280.0, {'J01': -18772.5}, {'J01': 7}, {'J01': 24}, 
1285.0, {'J01': -18114.5}, {'J01': 7}, {'J01': 23}, 
1290.0, {'J01': -17879.5}, {'J01': 7}, {'J01': 26}, 
1295.0, {'J01': -18120.0}, {'J01': 7}, {'J01': 29}, 
1300.0, {'J01': -18329.5}, {'J01': 7}, {'J01': 28}, 
1305.0, {'J01': -18438.5}, {'J01': 7}, {'J01': 24}, 
1310.0, {'J01': -18505.0}, {'J01': 7}, {'J01': 19}, 
1315.0, {'J01': -18006.0}, {'J01': 7}, {'J01': 18}, 
1320.0, {'J01': -17731.0}, {'J01': 7}, {'J01': 22}, 
1325.0, {'J01': -17913.0}, {'J01': 7}, {'J01': 22}, 
1330.0, {'J01': -18081.5}, {'J01': 7}, {'J01': 21}, 
1335.0, {'J01': -18225.5}, {'J01': 7}, {'J01': 19}, 
1340.0, {'J01': -18421.0}, {'J01': 7}, {'J01': 21}, 
1345.0, {'J01': -18631.0}, {'J01': 7}, {'J01': 21}, 
1350.0, {'J01': -18291.0}, {'J01': 7}, {'J01': 20}, 
1355.0, {'J01': -18435.5}, {'J01': 7}, {'J01': 23}, 
1360.0, {'J01': -18621.5}, {'J01': 7}, {'J01': 24}, 
1365.0, {'J01': -18834.5}, {'J01': 7}, {'J01': 25}, 
1370.0, {'J01': -19027.5}, {'J01': 7}, {'J01': 23}, 
1375.0, {'J01': -19260.5}, {'J01': 7}, {'J01': 24}, 
1380.0, {'J01': -19500.5}, {'J01': 7}, {'J01': 24}, 
1385.0, {'J01': -19740.5}, {'J01': 7}, {'J01': 24}, 
1390.0, {'J01': -19980.5}, {'J01': 7}, {'J01': 24}, 
1395.0, {'J01': -19811.5}, {'J01': 7}, {'J01': 22}, 
1400.0, {'J01': -20036.5}, {'J01': 7}, {'J01': 25}, 
1405.0, {'J01': -20233.5}, {'J01': 7}, {'J01': 23}, 
1410.0, {'J01': -20445.5}, {'J01': 7}, {'J01': 23}, 
1415.0, {'J01': -20680.0}, {'J01': 7}, {'J01': 24}, 
1420.0, {'J01': -20554.0}, {'J01': 7}, {'J01': 22}, 
1425.0, {'J01': -20584.5}, {'J01': 7}, {'J01': 25}, 
1430.0, {'J01': -20843.0}, {'J01': 7}, {'J01': 30}, 
1435.0, {'J01': -21008.5}, {'J01': 7}, {'J01': 24}, 
1440.0, {'J01': -21234.0}, {'J01': 7}, {'J01': 23}, 
1445.0, {'J01': -21464.0}, {'J01': 7}, {'J01': 23}, 
1450.0, {'J01': -21699.5}, {'J01': 7}, {'J01': 25}, 
1455.0, {'J01': -21951.0}, {'J01': 7}, {'J01': 26}, 
1460.0, {'J01': -22214.0}, {'J01': 7}, {'J01': 27}, 
1465.0, {'J01': -21469.0}, {'J01': 7}, {'J01': 26}, 
1470.0, {'J01': -21185.5}, {'J01': 7}, {'J01': 26}, 
1475.0, {'J01': -21462.5}, {'J01': 7}, {'J01': 33}, 
1480.0, {'J01': -21664.0}, {'J01': 7}, {'J01': 28}, 
1485.0, {'J01': -21901.5}, {'J01': 7}, {'J01': 26}, 
1490.0, {'J01': -22161.5}, {'J01': 7}, {'J01': 26}, 
1495.0, {'J01': -22422.5}, {'J01': 7}, {'J01': 27}, 
1500.0, {'J01': -22692.5}, {'J01': 7}, {'J01': 27}, 
1505.0, {'J01': -22967.5}, {'J01': 7}, {'J01': 28}, 
1510.0, {'J01': -23247.5}, {'J01': 7}, {'J01': 28}, 
1515.0, {'J01': -23527.5}, {'J01': 7}, {'J01': 28}, 
1520.0, {'J01': -23807.5}, {'J01': 7}, {'J01': 28}, 
1525.0, {'J01': -23829.5}, {'J01': 7}, {'J01': 31}, 
1530.0, {'J01': -23926.5}, {'J01': 7}, {'J01': 32}, 
1535.0, {'J01': -24266.5}, {'J01': 7}, {'J01': 38}, 
1540.0, {'J01': -24648.5}, {'J01': 7}, {'J01': 39}, 
1545.0, {'J01': -24870.5}, {'J01': 7}, {'J01': 34}, 
1550.0, {'J01': -25045.5}, {'J01': 7}, {'J01': 30}, 
1555.0, {'J01': -25345.5}, {'J01': 7}, {'J01': 30}, 
1560.0, {'J01': -25645.5}, {'J01': 7}, {'J01': 30}, 
1565.0, {'J01': -25945.5}, {'J01': 7}, {'J01': 30}, 
1570.0, {'J01': -26250.0}, {'J01': 7}, {'J01': 31}, 
1575.0, {'J01': -26560.0}, {'J01': 7}, {'J01': 31}, 
1580.0, {'J01': -26873.5}, {'J01': 7}, {'J01': 32}, 
1585.0, {'J01': -25523.5}, {'J01': 7}, {'J01': 26}, 
1590.0, {'J01': -24699.5}, {'J01': 7}, {'J01': 29}, 
1595.0, {'J01': -24966.0}, {'J01': 7}, {'J01': 31}, 
1600.0, {'J01': -25241.5}, {'J01': 7}, {'J01': 33}, 
1605.0, {'J01': -25221.0}, {'J01': 7}, {'J01': 29}, 
1610.0, {'J01': -25345.5}, {'J01': 7}, {'J01': 34}, 
1615.0, {'J01': -25712.5}, {'J01': 7}, {'J01': 42}, 
1620.0, {'J01': -26124.5}, {'J01': 7}, {'J01': 46}, 
1625.0, {'J01': -26531.0}, {'J01': 7}, {'J01': 44}, 
1630.0, {'J01': -26913.5}, {'J01': 7}, {'J01': 44}, 
1635.0, {'J01': -27133.5}, {'J01': 7}, {'J01': 41}, 
1640.0, {'J01': -27166.0}, {'J01': 7}, {'J01': 35}, 
1645.0, {'J01': -27161.5}, {'J01': 7}, {'J01': 30}, 
1650.0, {'J01': -25296.0}, {'J01': 7}, {'J01': 24}, 
1655.0, {'J01': -25392.0}, {'J01': 7}, {'J01': 28}, 
1660.0, {'J01': -25708.0}, {'J01': 7}, {'J01': 41}, 
1665.0, {'J01': -26135.0}, {'J01': 7}, {'J01': 46}, 
1670.0, {'J01': -26597.5}, {'J01': 7}, {'J01': 48}, 
1675.0, {'J01': -26701.5}, {'J01': 7}, {'J01': 39}, 
1680.0, {'J01': -27008.5}, {'J01': 7}, {'J01': 39}, 
1685.0, {'J01': -27193.0}, {'J01': 7}, {'J01': 39}, 
1690.0, {'J01': -27436.5}, {'J01': 7}, {'J01': 36}, 
1695.0, {'J01': -26683.0}, {'J01': 7}, {'J01': 30}, 
1700.0, {'J01': -26449.5}, {'J01': 7}, {'J01': 32}, 
1705.0, {'J01': -26766.0}, {'J01': 7}, {'J01': 36}, 
1710.0, {'J01': -26965.5}, {'J01': 7}, {'J01': 32}, 
1715.0, {'J01': -26284.5}, {'J01': 7}, {'J01': 26}, 
1720.0, {'J01': -26528.0}, {'J01': 7}, {'J01': 33}, 
1725.0, {'J01': -26873.0}, {'J01': 7}, {'J01': 38}, 
1730.0, {'J01': -27069.0}, {'J01': 7}, {'J01': 35}, 
1735.0, {'J01': -27263.0}, {'J01': 7}, {'J01': 30}, 
1740.0, {'J01': -27412.5}, {'J01': 7}, {'J01': 29}, 
1745.0, {'J01': -27620.0}, {'J01': 7}, {'J01': 28}, 
1750.0, {'J01': -27079.0}, {'J01': 7}, {'J01': 23}, 
1755.0, {'J01': -27128.0}, {'J01': 7}, {'J01': 28}, 
1760.0, {'J01': -27361.5}, {'J01': 7}, {'J01': 28}, 
1765.0, {'J01': -27583.0}, {'J01': 7}, {'J01': 26}, 
1770.0, {'J01': -27789.5}, {'J01': 7}, {'J01': 23}, 
1775.0, {'J01': -28024.0}, {'J01': 7}, {'J01': 25}, 
1780.0, {'J01': -28132.5}, {'J01': 7}, {'J01': 24}, 
1785.0, {'J01': -28285.0}, {'J01': 7}, {'J01': 25}, 
1790.0, {'J01': -28528.5}, {'J01': 7}, {'J01': 29}, 
1795.0, {'J01': -28755.0}, {'J01': 7}, {'J01': 25}, 
1800.0, {'J01': -28963.0}, {'J01': 7}, {'J01': 24}, 
1805.0, {'J01': -29207.5}, {'J01': 7}, {'J01': 25}, 
1810.0, {'J01': -29427.5}, {'J01': 7}, {'J01': 26}, 
1815.0, {'J01': -28710.0}, {'J01': 7}, {'J01': 28}, 
1820.0, {'J01': -28660.5}, {'J01': 7}, {'J01': 29}, 
1825.0, {'J01': -28978.0}, {'J01': 7}, {'J01': 38}, 
1830.0, {'J01': -29205.0}, {'J01': 7}, {'J01': 38}, 
1835.0, {'J01': -29401.5}, {'J01': 7}, {'J01': 32}, 
1840.0, {'J01': -29586.5}, {'J01': 7}, {'J01': 27}, 
1845.0, {'J01': -29567.0}, {'J01': 7}, {'J01': 25}, 
1850.0, {'J01': -29772.5}, {'J01': 7}, {'J01': 27}, 
1855.0, {'J01': -30019.5}, {'J01': 7}, {'J01': 29}, 
1860.0, {'J01': -30255.5}, {'J01': 7}, {'J01': 28}, 
1865.0, {'J01': -30459.5}, {'J01': 7}, {'J01': 25}, 
1870.0, {'J01': -29979.5}, {'J01': 7}, {'J01': 23}, 
1875.0, {'J01': -30156.0}, {'J01': 7}, {'J01': 22}, 
1880.0, {'J01': -30370.0}, {'J01': 7}, {'J01': 24}, 
1885.0, {'J01': -30567.0}, {'J01': 7}, {'J01': 22}, 
1890.0, {'J01': -30765.5}, {'J01': 7}, {'J01': 21}, 
1895.0, {'J01': -30976.5}, {'J01': 7}, {'J01': 22}, 
1900.0, {'J01': -29959.5}, {'J01': 7}, {'J01': 20}, 
1905.0, {'J01': -29998.0}, {'J01': 7}, {'J01': 21}, 
1910.0, {'J01': -30173.5}, {'J01': 7}, {'J01': 21}, 
1915.0, {'J01': -30390.0}, {'J01': 7}, {'J01': 23}, 
1920.0, {'J01': -30620.0}, {'J01': 7}, {'J01': 23}, 
1925.0, {'J01': -30427.0}, {'J01': 7}, {'J01': 21}, 
1930.0, {'J01': -30641.0}, {'J01': 7}, {'J01': 23}, 
1935.0, {'J01': -30848.5}, {'J01': 7}, {'J01': 23}, 
1940.0, {'J01': -31056.5}, {'J01': 7}, {'J01': 22}, 
1945.0, {'J01': -31276.5}, {'J01': 7}, {'J01': 22}, 
1950.0, {'J01': -31320.0}, {'J01': 7}, {'J01': 23}, 
1955.0, {'J01': -31553.5}, {'J01': 7}, {'J01': 26}, 
1960.0, {'J01': -31770.0}, {'J01': 7}, {'J01': 24}, 
1965.0, {'J01': -31986.0}, {'J01': 7}, {'J01': 25}, 
1970.0, {'J01': -32200.0}, {'J01': 7}, {'J01': 23}, 
1975.0, {'J01': -32433.0}, {'J01': 7}, {'J01': 24}, 
1980.0, {'J01': -32678.0}, {'J01': 7}, {'J01': 26}, 
1985.0, {'J01': -32481.0}, {'J01': 7}, {'J01': 21}, 
1990.0, {'J01': -32700.5}, {'J01': 7}, {'J01': 26}, 
1995.0, {'J01': -32931.0}, {'J01': 7}, {'J01': 27}, 
2000.0, {'J01': -33149.5}, {'J01': 7}, {'J01': 25}, 
2005.0, {'J01': -33348.0}, {'J01': 7}, {'J01': 23}, 
2010.0, {'J01': -33582.0}, {'J01': 7}, {'J01': 24}, 
2015.0, {'J01': -33484.5}, {'J01': 7}, {'J01': 20}, 
2020.0, {'J01': -33690.0}, {'J01': 7}, {'J01': 23}, 
2025.0, {'J01': -33929.0}, {'J01': 7}, {'J01': 27}, 
2030.0, {'J01': -34134.0}, {'J01': 7}, {'J01': 25}, 
2035.0, {'J01': -34300.0}, {'J01': 7}, {'J01': 22}, 
2040.0, {'J01': -34520.0}, {'J01': 7}, {'J01': 22}, 
2045.0, {'J01': -34567.0}, {'J01': 7}, {'J01': 21}, 
2050.0, {'J01': -34767.0}, {'J01': 7}, {'J01': 22}, 
2055.0, {'J01': -34957.0}, {'J01': 7}, {'J01': 22}, 
2060.0, {'J01': -35181.5}, {'J01': 7}, {'J01': 23}, 
2065.0, {'J01': -35393.5}, {'J01': 7}, {'J01': 23}, 
2070.0, {'J01': -35623.5}, {'J01': 7}, {'J01': 23}, 
2075.0, {'J01': -35861.5}, {'J01': 7}, {'J01': 27}, 
2080.0, {'J01': -35067.5}, {'J01': 7}, {'J01': 25}, 
2085.0, {'J01': -34172.5}, {'J01': 7}, {'J01': 24}, 
2090.0, {'J01': -34430.0}, {'J01': 7}, {'J01': 30}, 
2095.0, {'J01': -34597.5}, {'J01': 7}, {'J01': 27}, 
2100.0, {'J01': -34856.0}, {'J01': 7}, {'J01': 29}, 
2105.0, {'J01': -35146.0}, {'J01': 7}, {'J01': 29}, 
2110.0, {'J01': -34957.0}, {'J01': 7}, {'J01': 27}, 
2115.0, {'J01': -35016.0}, {'J01': 7}, {'J01': 31}, 
2120.0, {'J01': -35287.5}, {'J01': 7}, {'J01': 31}, 
2125.0, {'J01': -35543.5}, {'J01': 7}, {'J01': 29}, 
2130.0, {'J01': -35811.5}, {'J01': 7}, {'J01': 28}, 
2135.0, {'J01': -36092.0}, {'J01': 7}, {'J01': 29}, 
2140.0, {'J01': -36382.0}, {'J01': 7}, {'J01': 29}, 
2145.0, {'J01': -36397.5}, {'J01': 7}, {'J01': 28}, 
2150.0, {'J01': -36476.0}, {'J01': 7}, {'J01': 28}, 
2155.0, {'J01': -36771.0}, {'J01': 7}, {'J01': 34}, 
2160.0, {'J01': -36991.0}, {'J01': 7}, {'J01': 32}, 
2165.0, {'J01': -37234.0}, {'J01': 7}, {'J01': 29}, 
2170.0, {'J01': -37506.5}, {'J01': 7}, {'J01': 29}, 
2175.0, {'J01': -37407.0}, {'J01': 7}, {'J01': 25}, 
2180.0, {'J01': -37664.0}, {'J01': 7}, {'J01': 28}, 
2185.0, {'J01': -37915.5}, {'J01': 7}, {'J01': 31}, 
2190.0, {'J01': -38188.5}, {'J01': 7}, {'J01': 31}, 
2195.0, {'J01': -38431.5}, {'J01': 7}, {'J01': 28}, 
2200.0, {'J01': -38711.5}, {'J01': 7}, {'J01': 28}, 
2205.0, {'J01': -38706.5}, {'J01': 7}, {'J01': 27}, 
2210.0, {'J01': -38763.0}, {'J01': 7}, {'J01': 29}, 
2215.0, {'J01': -39048.0}, {'J01': 7}, {'J01': 33}, 
2220.0, {'J01': -39308.0}, {'J01': 7}, {'J01': 33}, 
2225.0, {'J01': -39590.5}, {'J01': 7}, {'J01': 31}, 
2230.0, {'J01': -39822.5}, {'J01': 7}, {'J01': 29}, 
2235.0, {'J01': -39560.0}, {'J01': 7}, {'J01': 26}, 
2240.0, {'J01': -39822.5}, {'J01': 7}, {'J01': 27}, 
2245.0, {'J01': -40104.5}, {'J01': 7}, {'J01': 32}, 
2250.0, {'J01': -40298.5}, {'J01': 7}, {'J01': 31}, 
2255.0, {'J01': -40514.0}, {'J01': 7}, {'J01': 28}, 
2260.0, {'J01': -40682.0}, {'J01': 7}, {'J01': 25}, 
2265.0, {'J01': -40932.0}, {'J01': 7}, {'J01': 25}, 
2270.0, {'J01': -41186.0}, {'J01': 7}, {'J01': 26}, 
2275.0, {'J01': -40812.0}, {'J01': 7}, {'J01': 22}, 
2280.0, {'J01': -41041.0}, {'J01': 7}, {'J01': 27}, 
2285.0, {'J01': -41257.5}, {'J01': 7}, {'J01': 24}, 
2290.0, {'J01': -41454.0}, {'J01': 7}, {'J01': 22}, 
2295.0, {'J01': -41674.0}, {'J01': 7}, {'J01': 22}, 
2300.0, {'J01': -41894.0}, {'J01': 7}, {'J01': 22}, 
2305.0, {'J01': -42123.0}, {'J01': 7}, {'J01': 25}, 
2310.0, {'J01': -42376.5}, {'J01': 7}, {'J01': 26}, 
2315.0, {'J01': -42636.5}, {'J01': 7}, {'J01': 26}, 
2320.0, {'J01': -40394.5}, {'J01': 7}, {'J01': 24}, 
2325.0, {'J01': -39816.5}, {'J01': 7}, {'J01': 27}, 
2330.0, {'J01': -40111.5}, {'J01': 7}, {'J01': 36}, 
2335.0, {'J01': -40320.0}, {'J01': 7}, {'J01': 33}, 
2340.0, {'J01': -40516.5}, {'J01': 7}, {'J01': 27}, 
2345.0, {'J01': -40786.5}, {'J01': 7}, {'J01': 27}, 
2350.0, {'J01': -41056.5}, {'J01': 7}, {'J01': 27}, 
2355.0, {'J01': -41326.5}, {'J01': 7}, {'J01': 27}, 
2360.0, {'J01': -41596.5}, {'J01': 7}, {'J01': 27}, 
2365.0, {'J01': -41869.5}, {'J01': 7}, {'J01': 29}, 
2370.0, {'J01': -41382.5}, {'J01': 7}, {'J01': 26}, 
2375.0, {'J01': -41396.5}, {'J01': 7}, {'J01': 25}, 
2380.0, {'J01': -41624.5}, {'J01': 7}, {'J01': 25}, 
2385.0, {'J01': -41874.5}, {'J01': 7}, {'J01': 25}, 
2390.0, {'J01': -42069.5}, {'J01': 7}, {'J01': 23}, 
2395.0, {'J01': -42257.5}, {'J01': 7}, {'J01': 22}, 
2400.0, {'J01': -42483.5}, {'J01': 7}, {'J01': 24}, 
2405.0, {'J01': -42737.0}, {'J01': 7}, {'J01': 29}, 
2410.0, {'J01': -42984.5}, {'J01': 7}, {'J01': 29}, 
2415.0, {'J01': -43182.0}, {'J01': 7}, {'J01': 25}, 
2420.0, {'J01': -43433.0}, {'J01': 7}, {'J01': 26}, 
2425.0, {'J01': -43694.0}, {'J01': 7}, {'J01': 27}, 
2430.0, {'J01': -43982.0}, {'J01': 7}, {'J01': 32}, 
2435.0, {'J01': -35348.0}, {'J01': 6}, {'J01': 35}, 
2440.0, {'J01': -32537.5}, {'J01': 6}, {'J01': 35}, 
2445.0, {'J01': -32855.0}, {'J01': 7}, {'J01': 39}, 
2450.0, {'J01': -33245.0}, {'J01': 7}, {'J01': 39}, 
2455.0, {'J01': -33635.5}, {'J01': 7}, {'J01': 40}, 
2460.0, {'J01': -33715.0}, {'J01': 7}, {'J01': 35}, 
2465.0, {'J01': -33773.5}, {'J01': 7}, {'J01': 34}, 
2470.0, {'J01': -34113.5}, {'J01': 7}, {'J01': 34}, 
2475.0, {'J01': -34353.5}, {'J01': 7}, {'J01': 34}, 
2480.0, {'J01': -34292.5}, {'J01': 7}, {'J01': 30}, 
2485.0, {'J01': -34305.0}, {'J01': 7}, {'J01': 26}, 
2490.0, {'J01': -34566.0}, {'J01': 7}, {'J01': 27}, 
2495.0, {'J01': -33485.0}, {'J01': 7}, {'J01': 24}, 
2500.0, {'J01': -33635.5}, {'J01': 7}, {'J01': 26}, 
2505.0, {'J01': -33888.0}, {'J01': 7}, {'J01': 29}, 
2510.0, {'J01': -34120.0}, {'J01': 7}, {'J01': 26}, 
2515.0, {'J01': -34326.0}, {'J01': 7}, {'J01': 24}, 
2520.0, {'J01': -34533.0}, {'J01': 7}, {'J01': 23}, 
2525.0, {'J01': -34698.5}, {'J01': 7}, {'J01': 25}, 
2530.0, {'J01': -34929.0}, {'J01': 7}, {'J01': 25}, 
2535.0, {'J01': -35171.0}, {'J01': 7}, {'J01': 26}, 
2540.0, {'J01': -35386.5}, {'J01': 7}, {'J01': 24}, 
2545.0, {'J01': -35631.0}, {'J01': 7}, {'J01': 25}, 
2550.0, {'J01': -35888.5}, {'J01': 7}, {'J01': 28}, 
2555.0, {'J01': -35264.5}, {'J01': 7}, {'J01': 22}, 
2560.0, {'J01': -35352.0}, {'J01': 7}, {'J01': 23}, 
2565.0, {'J01': -35579.5}, {'J01': 7}, {'J01': 25}, 
2570.0, {'J01': -35792.0}, {'J01': 7}, {'J01': 25}, 
2575.0, {'J01': -36022.0}, {'J01': 7}, {'J01': 27}, 
2580.0, {'J01': -36269.0}, {'J01': 7}, {'J01': 28}, 
2585.0, {'J01': -36515.5}, {'J01': 7}, {'J01': 27}, 
2590.0, {'J01': -36738.5}, {'J01': 7}, {'J01': 25}, 
2595.0, {'J01': -36938.5}, {'J01': 7}, {'J01': 24}, 
2600.0, {'J01': -37002.5}, {'J01': 7}, {'J01': 25}, 
2605.0, {'J01': -37234.5}, {'J01': 7}, {'J01': 25}, 
2610.0, {'J01': -37474.0}, {'J01': 7}, {'J01': 26}, 
2615.0, {'J01': -37674.5}, {'J01': 7}, {'J01': 25}, 
2620.0, {'J01': -37903.5}, {'J01': 7}, {'J01': 24}, 
2625.0, {'J01': -38143.5}, {'J01': 7}, {'J01': 24}, 
2630.0, {'J01': -38316.5}, {'J01': 7}, {'J01': 23}, 
2635.0, {'J01': -38111.0}, {'J01': 7}, {'J01': 21}, 
2640.0, {'J01': -38228.5}, {'J01': 7}, {'J01': 25}, 
2645.0, {'J01': -38494.0}, {'J01': 7}, {'J01': 31}, 
2650.0, {'J01': -38722.0}, {'J01': 7}, {'J01': 29}, 
2655.0, {'J01': -38858.5}, {'J01': 7}, {'J01': 23}, 
2660.0, {'J01': -39088.5}, {'J01': 7}, {'J01': 23}, 
2665.0, {'J01': -39318.5}, {'J01': 7}, {'J01': 23}, 
2670.0, {'J01': -39454.0}, {'J01': 7}, {'J01': 23}, 
2675.0, {'J01': -39676.5}, {'J01': 7}, {'J01': 24}, 
2680.0, {'J01': -39903.0}, {'J01': 7}, {'J01': 26}, 
2685.0, {'J01': -40168.5}, {'J01': 7}, {'J01': 28}, 
2690.0, {'J01': -40406.5}, {'J01': 7}, {'J01': 29}, 
2695.0, {'J01': -40674.0}, {'J01': 7}, {'J01': 29}, 
2700.0, {'J01': -40907.0}, {'J01': 7}, {'J01': 27}, 
2705.0, {'J01': -41111.5}, {'J01': 7}, {'J01': 25}, 
2710.0, {'J01': -40920.0}, {'J01': 7}, {'J01': 21}, 
2715.0, {'J01': -41135.0}, {'J01': 7}, {'J01': 23}, 
2720.0, {'J01': -41376.5}, {'J01': 7}, {'J01': 27}, 
2725.0, {'J01': -41575.5}, {'J01': 7}, {'J01': 26}, 
2730.0, {'J01': -41771.5}, {'J01': 7}, {'J01': 24}, 
2735.0, {'J01': -41967.0}, {'J01': 7}, {'J01': 22}, 
2740.0, {'J01': -42187.0}, {'J01': 7}, {'J01': 22}, 
2745.0, {'J01': -42407.0}, {'J01': 7}, {'J01': 22}, 
2750.0, {'J01': -42203.0}, {'J01': 7}, {'J01': 21}, 
2755.0, {'J01': -42419.5}, {'J01': 7}, {'J01': 24}, 
2760.0, {'J01': -42641.5}, {'J01': 7}, {'J01': 24}, 
2765.0, {'J01': -42838.0}, {'J01': 7}, {'J01': 25}, 
2770.0, {'J01': -42997.5}, {'J01': 7}, {'J01': 22}, 
2775.0, {'J01': -39078.0}, {'J01': 7}, {'J01': 21}, 
2780.0, {'J01': -37921.5}, {'J01': 7}, {'J01': 25}, 
2785.0, {'J01': -38082.0}, {'J01': 7}, {'J01': 22}, 
2790.0, {'J01': -38309.5}, {'J01': 7}, {'J01': 24}, 
2795.0, {'J01': -38549.5}, {'J01': 7}, {'J01': 24}, 
2800.0, {'J01': -38794.5}, {'J01': 7}, {'J01': 25}, 
2805.0, {'J01': -39044.5}, {'J01': 7}, {'J01': 25}, 
2810.0, {'J01': -39294.5}, {'J01': 7}, {'J01': 25}, 
2815.0, {'J01': -39376.5}, {'J01': 7}, {'J01': 23}, 
2820.0, {'J01': -39497.0}, {'J01': 7}, {'J01': 26}, 
2825.0, {'J01': -39728.0}, {'J01': 7}, {'J01': 27}, 
2830.0, {'J01': -39962.0}, {'J01': 7}, {'J01': 25}, 
2835.0, {'J01': -40190.5}, {'J01': 7}, {'J01': 24}, 
2840.0, {'J01': -40435.0}, {'J01': 7}, {'J01': 25}, 
2845.0, {'J01': -40301.0}, {'J01': 7}, {'J01': 21}, 
2850.0, {'J01': -40515.5}, {'J01': 7}, {'J01': 24}, 
2855.0, {'J01': -40741.0}, {'J01': 7}, {'J01': 25}, 
2860.0, {'J01': -40936.5}, {'J01': 7}, {'J01': 22}, 
2865.0, {'J01': -41156.5}, {'J01': 7}, {'J01': 22}, 
2870.0, {'J01': -41376.5}, {'J01': 7}, {'J01': 22}, 
2875.0, {'J01': -41147.0}, {'J01': 7}, {'J01': 22}, 
2880.0, {'J01': -41349.0}, {'J01': 7}, {'J01': 23}, 
2885.0, {'J01': -41547.0}, {'J01': 7}, {'J01': 23}, 
2890.0, {'J01': -41731.0}, {'J01': 7}, {'J01': 20}, 
2895.0, {'J01': -41932.5}, {'J01': 7}, {'J01': 21}, 
2900.0, {'J01': -42146.5}, {'J01': 7}, {'J01': 23}, 
2905.0, {'J01': -41196.5}, {'J01': 7}, {'J01': 23}, 
2910.0, {'J01': -41405.0}, {'J01': 7}, {'J01': 22}, 
2915.0, {'J01': -39264.5}, {'J01': 7}, {'J01': 23}, 
2920.0, {'J01': -38955.5}, {'J01': 7}, {'J01': 28}, 
2925.0, {'J01': -39256.0}, {'J01': 7}, {'J01': 36}, 
2930.0, {'J01': -39599.5}, {'J01': 7}, {'J01': 41}, 
2935.0, {'J01': -39960.0}, {'J01': 7}, {'J01': 40}, 
2940.0, {'J01': -40361.0}, {'J01': 7}, {'J01': 41}, 
2945.0, {'J01': -40392.0}, {'J01': 7}, {'J01': 33}, 
2950.0, {'J01': -40466.5}, {'J01': 7}, {'J01': 27}, 
2955.0, {'J01': -40705.5}, {'J01': 7}, {'J01': 26}, 
2960.0, {'J01': -40974.5}, {'J01': 7}, {'J01': 29}, 
2965.0, {'J01': -39730.0}, {'J01': 7}, {'J01': 27}, 
2970.0, {'J01': -39529.5}, {'J01': 7}, {'J01': 27}, 
2975.0, {'J01': -39766.0}, {'J01': 7}, {'J01': 30}, 
2980.0, {'J01': -40070.5}, {'J01': 7}, {'J01': 32}, 
2985.0, {'J01': -40393.5}, {'J01': 7}, {'J01': 33}, 
2990.0, {'J01': -40505.0}, {'J01': 7}, {'J01': 31}, 
2995.0, {'J01': -40407.0}, {'J01': 7}, {'J01': 33}, 
3000.0, {'J01': -40687.0}, {'J01': 7}, {'J01': 32}, 
3005.0, {'J01': -40985.0}, {'J01': 7}, {'J01': 31}, 
3010.0, {'J01': -41120.5}, {'J01': 7}, {'J01': 31}, 
3015.0, {'J01': -41160.5}, {'J01': 7}, {'J01': 33}, 
3020.0, {'J01': -41503.5}, {'J01': 7}, {'J01': 39}, 
3025.0, {'J01': -41729.5}, {'J01': 7}, {'J01': 31}, 
3030.0, {'J01': -42018.5}, {'J01': 7}, {'J01': 30}, 
3035.0, {'J01': -42318.5}, {'J01': 7}, {'J01': 30}, 
3040.0, {'J01': -41149.0}, {'J01': 7}, {'J01': 24}, 
3045.0, {'J01': -41025.0}, {'J01': 7}, {'J01': 27}, 
3050.0, {'J01': -40346.5}, {'J01': 7}, {'J01': 22}, 
3055.0, {'J01': -40330.5}, {'J01': 7}, {'J01': 29}, 
3060.0, {'J01': -40619.5}, {'J01': 7}, {'J01': 35}, 
3065.0, {'J01': -40917.5}, {'J01': 7}, {'J01': 36}, 
3070.0, {'J01': -41031.5}, {'J01': 7}, {'J01': 31}, 
3075.0, {'J01': -41179.5}, {'J01': 7}, {'J01': 27}, 
3080.0, {'J01': -41275.5}, {'J01': 7}, {'J01': 25}, 
3085.0, {'J01': -41302.0}, {'J01': 7}, {'J01': 27}, 
3090.0, {'J01': -41556.5}, {'J01': 7}, {'J01': 28}, 
3095.0, {'J01': -41764.5}, {'J01': 7}, {'J01': 27}, 
3100.0, {'J01': -41978.5}, {'J01': 7}, {'J01': 25}, 
3105.0, {'J01': -42228.5}, {'J01': 7}, {'J01': 25}, 
3110.0, {'J01': -42076.5}, {'J01': 7}, {'J01': 22}, 
3115.0, {'J01': -42304.5}, {'J01': 7}, {'J01': 25}, 
3120.0, {'J01': -42564.0}, {'J01': 7}, {'J01': 29}, 
3125.0, {'J01': -42754.5}, {'J01': 7}, {'J01': 27}, 
3130.0, {'J01': -42926.5}, {'J01': 7}, {'J01': 23}, 
3135.0, {'J01': -43160.0}, {'J01': 7}, {'J01': 24}, 
3140.0, {'J01': -43193.5}, {'J01': 7}, {'J01': 23}, 
3145.0, {'J01': -43263.0}, {'J01': 7}, {'J01': 25}, 
3150.0, {'J01': -43491.0}, {'J01': 7}, {'J01': 30}, 
3155.0, {'J01': -43731.0}, {'J01': 7}, {'J01': 29}, 
3160.0, {'J01': -43055.0}, {'J01': 7}, {'J01': 31}, 
3165.0, {'J01': -42786.5}, {'J01': 7}, {'J01': 32}, 
3170.0, {'J01': -43135.0}, {'J01': 7}, {'J01': 42}, 
3175.0, {'J01': -43574.0}, {'J01': 10}, {'J01': 50}, 
3180.0, {'J01': -44096.0}, {'J01': 11}, {'J01': 57}, 
3185.0, {'J01': -44676.0}, {'J01': 12}, {'J01': 60}, 
3190.0, {'J01': -45280.5}, {'J01': 13}, {'J01': 62}, 
3195.0, {'J01': -45900.5}, {'J01': 13}, {'J01': 62}, 
3200.0, {'J01': -46534.5}, {'J01': 15}, {'J01': 65}, 
3205.0, {'J01': -47184.5}, {'J01': 15}, {'J01': 65}, 
3210.0, {'J01': -47836.5}, {'J01': 15}, {'J01': 66}, 
3215.0, {'J01': -48496.5}, {'J01': 15}, {'J01': 66}, 
3220.0, {'J01': -47846.5}, {'J01': 11}, {'J01': 56}, 
3225.0, {'J01': -48069.5}, {'J01': 11}, {'J01': 53}, 
3230.0, {'J01': -48609.5}, {'J01': 11}, {'J01': 57}, 
3235.0, {'J01': -49186.0}, {'J01': 12}, {'J01': 60}, 
3240.0, {'J01': -49787.5}, {'J01': 13}, {'J01': 62}, 
3245.0, {'J01': -50410.0}, {'J01': 14}, {'J01': 63}, 
3250.0, {'J01': -51046.0}, {'J01': 15}, {'J01': 65}, 
3255.0, {'J01': -51702.0}, {'J01': 16}, {'J01': 67}, 
3260.0, {'J01': -52376.5}, {'J01': 17}, {'J01': 69}, 
3265.0, {'J01': -53073.5}, {'J01': 17}, {'J01': 71}, 
3270.0, {'J01': -53786.5}, {'J01': 17}, {'J01': 72}, 
3275.0, {'J01': -54506.5}, {'J01': 17}, {'J01': 72}, 
3280.0, {'J01': -55226.5}, {'J01': 17}, {'J01': 72}, 
3285.0, {'J01': -53815.0}, {'J01': 14}, {'J01': 62}, 
3290.0, {'J01': -53604.5}, {'J01': 13}, {'J01': 59}, 
3295.0, {'J01': -54204.5}, {'J01': 13}, {'J01': 63}, 
3300.0, {'J01': -54841.5}, {'J01': 14}, {'J01': 66}, 
3305.0, {'J01': -55512.0}, {'J01': 15}, {'J01': 69}, 
3310.0, {'J01': -56205.0}, {'J01': 15}, {'J01': 71}, 
3315.0, {'J01': -56915.5}, {'J01': 16}, {'J01': 72}, 
3320.0, {'J01': -57640.0}, {'J01': 18}, {'J01': 74}, 
3325.0, {'J01': -58380.0}, {'J01': 18}, {'J01': 74}, 
3330.0, {'J01': -59124.0}, {'J01': 19}, {'J01': 75}, 
3335.0, {'J01': -59874.0}, {'J01': 19}, {'J01': 75}, 
3340.0, {'J01': -60633.0}, {'J01': 22}, {'J01': 79}, 
3345.0, {'J01': -61423.0}, {'J01': 22}, {'J01': 79}, 
3350.0, {'J01': -59540.5}, {'J01': 20}, {'J01': 70}, 
3355.0, {'J01': -58928.0}, {'J01': 18}, {'J01': 65}, 
3360.0, {'J01': -59588.0}, {'J01': 18}, {'J01': 70}, 
3365.0, {'J01': -60300.5}, {'J01': 18}, {'J01': 75}, 
3370.0, {'J01': -61050.5}, {'J01': 18}, {'J01': 75}, 
3375.0, {'J01': -61809.0}, {'J01': 18}, {'J01': 77}, 
3380.0, {'J01': -62579.5}, {'J01': 18}, {'J01': 78}, 
3385.0, {'J01': -63373.5}, {'J01': 19}, {'J01': 81}, 
3390.0, {'J01': -64191.5}, {'J01': 21}, {'J01': 84}, 
3395.0, {'J01': -65041.0}, {'J01': 23}, {'J01': 87}, 
3400.0, {'J01': -65912.5}, {'J01': 23}, {'J01': 88}, 
3405.0, {'J01': -66794.5}, {'J01': 24}, {'J01': 89}, 
3410.0, {'J01': -67692.0}, {'J01': 26}, {'J01': 92}, 
3415.0, {'J01': -65231.5}, {'J01': 24}, {'J01': 82}, 
3420.0, {'J01': -64649.5}, {'J01': 22}, {'J01': 79}, 
3425.0, {'J01': -65125.5}, {'J01': 21}, {'J01': 85}, 
3430.0, {'J01': -65981.0}, {'J01': 21}, {'J01': 87}, 
3435.0, {'J01': -66859.0}, {'J01': 21}, {'J01': 90}, 
3440.0, {'J01': -67759.0}, {'J01': 21}, {'J01': 90}, 
3445.0, {'J01': -68664.0}, {'J01': 22}, {'J01': 91}, 
3450.0, {'J01': -69579.0}, {'J01': 22}, {'J01': 93}, 
3455.0, {'J01': -70519.5}, {'J01': 22}, {'J01': 96}, 
3460.0, {'J01': -71481.5}, {'J01': 22}, {'J01': 97}, 
3465.0, {'J01': -72451.5}, {'J01': 22}, {'J01': 97}, 
3470.0, {'J01': -73421.5}, {'J01': 22}, {'J01': 97}, 
3475.0, {'J01': -74391.5}, {'J01': 22}, {'J01': 97}, 
3480.0, {'J01': -72139.5}, {'J01': 19}, {'J01': 87}, 
3485.0, {'J01': -71125.5}, {'J01': 17}, {'J01': 80}, 
3490.0, {'J01': -71935.5}, {'J01': 17}, {'J01': 84}, 
3495.0, {'J01': -72786.5}, {'J01': 17}, {'J01': 88}, 
3500.0, {'J01': -73671.5}, {'J01': 17}, {'J01': 89}, 
3505.0, {'J01': -74571.5}, {'J01': 19}, {'J01': 91}, 
3510.0, {'J01': -75482.5}, {'J01': 20}, {'J01': 93}, 
3515.0, {'J01': -76421.0}, {'J01': 22}, {'J01': 97}, 
3520.0, {'J01': -77399.5}, {'J01': 22}, {'J01': 100}, 
3525.0, {'J01': -78402.5}, {'J01': 22}, {'J01': 101}, 
3530.0, {'J01': -79416.5}, {'J01': 23}, {'J01': 102}, 
3535.0, {'J01': -80442.5}, {'J01': 23}, {'J01': 104}, 
3540.0, {'J01': -81487.5}, {'J01': 25}, {'J01': 106}, 
3545.0, {'J01': -79082.0}, {'J01': 22}, {'J01': 96}, 
3550.0, {'J01': -77972.0}, {'J01': 19}, {'J01': 89}, 
3555.0, {'J01': -78869.5}, {'J01': 19}, {'J01': 92}, 
3560.0, {'J01': -79804.5}, {'J01': 19}, {'J01': 97}, 
3565.0, {'J01': -80780.5}, {'J01': 20}, {'J01': 100}, 
3570.0, {'J01': -81784.0}, {'J01': 22}, {'J01': 102}, 
3575.0, {'J01': -82807.0}, {'J01': 23}, {'J01': 105}, 
3580.0, {'J01': -83864.0}, {'J01': 26}, {'J01': 108}, 
3585.0, {'J01': -84944.0}, {'J01': 26}, {'J01': 108}, 
3590.0, {'J01': -86024.0}, {'J01': 26}, {'J01': 108}, 
3595.0, {'J01': -87104.0}, {'J01': 26}, {'J01': 108}, 
3600.0, {'J01': -88189.0}, {'J01': 26}, {'J01': 109}, 
3605.0, {'J01': -89279.0}, {'J01': 26}, {'J01': 109}, 
3610.0, {'J01': -86419.5}, {'J01': 24}, {'J01': 101}, 
3615.0, {'J01': -86500.5}, {'J01': 26}, {'J01': 99}, 
3620.0, {'J01': -87493.5}, {'J01': 26}, {'J01': 101}, 
3625.0, {'J01': -88514.0}, {'J01': 26}, {'J01': 106}, 
3630.0, {'J01': -89574.0}, {'J01': 26}, {'J01': 106}, 
3635.0, {'J01': -90634.0}, {'J01': 26}, {'J01': 106}, 
3640.0, {'J01': -91694.5}, {'J01': 26}, {'J01': 107}, 
3645.0, {'J01': -92764.5}, {'J01': 26}, {'J01': 107}, 
3650.0, {'J01': -93834.5}, {'J01': 26}, {'J01': 107}, 
3655.0, {'J01': -94904.5}, {'J01': 26}, {'J01': 107}, 
3660.0, {'J01': -95974.5}, {'J01': 26}, {'J01': 107}, 
3665.0, {'J01': -97044.5}, {'J01': 26}, {'J01': 107}, 
3670.0, {'J01': -98114.5}, {'J01': 26}, {'J01': 107}, 
3675.0, {'J01': -96437.0}, {'J01': 24}, {'J01': 101}, 
3680.0, {'J01': -94729.5}, {'J01': 22}, {'J01': 94}, 
3685.0, {'J01': -95669.5}, {'J01': 22}, {'J01': 94}, 
3690.0, {'J01': -96619.0}, {'J01': 22}, {'J01': 97}, 
3695.0, {'J01': -97594.0}, {'J01': 22}, {'J01': 98}, 
3700.0, {'J01': -98574.0}, {'J01': 22}, {'J01': 98}, 
3705.0, {'J01': -99554.5}, {'J01': 22}, {'J01': 99}, 
3710.0, {'J01': -100544.5}, {'J01': 22}, {'J01': 99}, 
3715.0, {'J01': -101534.5}, {'J01': 22}, {'J01': 99}, 
3720.0, {'J01': -102524.5}, {'J01': 22}, {'J01': 99}, 
3725.0, {'J01': -103514.5}, {'J01': 22}, {'J01': 99}, 
3730.0, {'J01': -104504.5}, {'J01': 22}, {'J01': 99}, 
3735.0, {'J01': -105494.5}, {'J01': 22}, {'J01': 99}, 
3740.0, {'J01': -101473.0}, {'J01': 20}, {'J01': 89}, 
3745.0, {'J01': -77541.0}, {'J01': 20}, {'J01': 78}, 
3750.0, {'J01': -64859.5}, {'J01': 20}, {'J01': 78}, 
3755.0, {'J01': -64459.5}, {'J01': 20}, {'J01': 82}, 
3760.0, {'J01': -65282.5}, {'J01': 20}, {'J01': 84}, 
3765.0, {'J01': -59060.0}, {'J01': 20}, {'J01': 83}, 
3770.0, {'J01': -54077.5}, {'J01': 20}, {'J01': 82}, 
3775.0, {'J01': -54897.5}, {'J01': 20}, {'J01': 82}, 
3780.0, {'J01': -55721.5}, {'J01': 20}, {'J01': 84}, 
3785.0, {'J01': -56573.0}, {'J01': 20}, {'J01': 87}, 
3790.0, {'J01': -57443.0}, {'J01': 20}, {'J01': 87}, 
3795.0, {'J01': -58313.0}, {'J01': 20}, {'J01': 87}, 
3800.0, {'J01': -59183.0}, {'J01': 20}, {'J01': 87}, 
3805.0, {'J01': -53150.5}, {'J01': 18}, {'J01': 81}, 
3810.0, {'J01': -45376.0}, {'J01': 16}, {'J01': 73}, 
3815.0, {'J01': -46113.5}, {'J01': 16}, {'J01': 77}, 
3820.0, {'J01': -46892.0}, {'J01': 16}, {'J01': 79}, 
3825.0, {'J01': -47682.0}, {'J01': 16}, {'J01': 79}, 
3830.0, {'J01': -48472.0}, {'J01': 16}, {'J01': 79}, 
3835.0, {'J01': -49262.0}, {'J01': 16}, {'J01': 79}, 
3840.0, {'J01': -50054.5}, {'J01': 16}, {'J01': 80}, 
3845.0, {'J01': -50854.5}, {'J01': 16}, {'J01': 80}, 
3850.0, {'J01': -51654.5}, {'J01': 16}, {'J01': 80}, 
3855.0, {'J01': -52454.5}, {'J01': 16}, {'J01': 80}, 
3860.0, {'J01': -53254.5}, {'J01': 16}, {'J01': 80}, 
3865.0, {'J01': -54054.5}, {'J01': 16}, {'J01': 80}, 
3870.0, {'J01': -54854.5}, {'J01': 16}, {'J01': 80}, 
3875.0, {'J01': -49092.5}, {'J01': 16}, {'J01': 69}, 
3880.0, {'J01': -40589.0}, {'J01': 16}, {'J01': 63}, 
3885.0, {'J01': -38118.5}, {'J01': 16}, {'J01': 66}, 
3890.0, {'J01': -38559.0}, {'J01': 16}, {'J01': 66}, 
3895.0, {'J01': -38777.5}, {'J01': 16}, {'J01': 66}, 
3900.0, {'J01': -39205.5}, {'J01': 16}, {'J01': 66}, 
3905.0, {'J01': -39865.5}, {'J01': 16}, {'J01': 66}, 
3910.0, {'J01': -40525.5}, {'J01': 16}, {'J01': 66}, 
3915.0, {'J01': -41185.5}, {'J01': 16}, {'J01': 66}, 
3920.0, {'J01': -41845.5}, {'J01': 16}, {'J01': 66}, 
3925.0, {'J01': -42505.5}, {'J01': 16}, {'J01': 66}, 
3930.0, {'J01': -43169.5}, {'J01': 16}, {'J01': 67}, 
3935.0, {'J01': -43839.5}, {'J01': 16}, {'J01': 67}, 
3940.0, {'J01': -36315.5}, {'J01': 14}, {'J01': 60}, 
3945.0, {'J01': -30451.5}, {'J01': 12}, {'J01': 53}, 
3950.0, {'J01': -30989.5}, {'J01': 12}, {'J01': 58}, 
3955.0, {'J01': -31575.0}, {'J01': 12}, {'J01': 60}, 
3960.0, {'J01': -32179.0}, {'J01': 12}, {'J01': 61}, 
3965.0, {'J01': -32789.0}, {'J01': 12}, {'J01': 61}, 
3970.0, {'J01': -33399.0}, {'J01': 12}, {'J01': 61}, 
3975.0, {'J01': -34009.0}, {'J01': 12}, {'J01': 61}, 
3980.0, {'J01': -34619.0}, {'J01': 12}, {'J01': 61}, 
3985.0, {'J01': -35229.0}, {'J01': 12}, {'J01': 61}, 
3990.0, {'J01': -35839.0}, {'J01': 12}, {'J01': 61}, 
3995.0, {'J01': -36449.0}, {'J01': 12}, {'J01': 61}, 
4000.0, {'J01': -37059.0}, {'J01': 12}, {'J01': 61}, 
4005.0, {'J01': -28956.0}, {'J01': 9}, {'J01': 52}, 
4010.0, {'J01': -27615.5}, {'J01': 9}, {'J01': 48}, 
4015.0, {'J01': -27976.5}, {'J01': 9}, {'J01': 48}, 
4020.0, {'J01': -28337.0}, {'J01': 9}, {'J01': 48}, 
4025.0, {'J01': -28817.0}, {'J01': 9}, {'J01': 48}, 
4030.0, {'J01': -29297.0}, {'J01': 9}, {'J01': 48}, 
4035.0, {'J01': -29777.0}, {'J01': 9}, {'J01': 48}, 
4040.0, {'J01': -30257.5}, {'J01': 9}, {'J01': 49}, 
4045.0, {'J01': -30747.5}, {'J01': 9}, {'J01': 49}, 
4050.0, {'J01': -31237.5}, {'J01': 9}, {'J01': 49}, 
4055.0, {'J01': -31727.5}, {'J01': 9}, {'J01': 49}, 
4060.0, {'J01': -32217.5}, {'J01': 9}, {'J01': 49}, 
4065.0, {'J01': -32707.5}, {'J01': 9}, {'J01': 49}, 
4070.0, {'J01': -28266.0}, {'J01': 8}, {'J01': 43}, 
4075.0, {'J01': -24118.5}, {'J01': 8}, {'J01': 36}, 
4080.0, {'J01': -24489.5}, {'J01': 8}, {'J01': 41}, 
4085.0, {'J01': -20688.5}, {'J01': 8}, {'J01': 36}, 
4090.0, {'J01': -17535.0}, {'J01': 8}, {'J01': 26}, 
4095.0, {'J01': -15009.0}, {'J01': 8}, {'J01': 26}, 
4100.0, {'J01': -14255.0}, {'J01': 8}, {'J01': 21}, 
4105.0, {'J01': -14425.0}, {'J01': 8}, {'J01': 21}, 
4110.0, {'J01': -10372.0}, {'J01': 6}, {'J01': 22}, 
4115.0, {'J01': -8953.0}, {'J01': 6}, {'J01': 26}, 
4120.0, {'J01': -9241.0}, {'J01': 6}, {'J01': 37}, 
4125.0, {'J01': -9626.5}, {'J01': 7}, {'J01': 42}, 
4130.0, {'J01': -9893.0}, {'J01': 7}, {'J01': 42}, 
4135.0, {'J01': -10015.0}, {'J01': 7}, {'J01': 34}, 
4140.0, {'J01': -3674.5}, {'J01': 7}, {'J01': 27}, 
4145.0, {'J01': -2288.5}, {'J01': 7}, {'J01': 25}, 
4150.0, {'J01': -2407.5}, {'J01': 7}, {'J01': 24}, 
4155.0, {'J01': -2354.5}, {'J01': 7}, {'J01': 18}, 
4160.0, {'J01': -2534.5}, {'J01': 7}, {'J01': 18}, 
4165.0, {'J01': -1028.5}, {'J01': 7}, {'J01': 16}, 
4170.0, {'J01': -1162.0}, {'J01': 7}, {'J01': 17}, 
4175.0, {'J01': -1312.5}, {'J01': 7}, {'J01': 16}, 
4180.0, {'J01': -1481.5}, {'J01': 7}, {'J01': 19}, 
4185.0, {'J01': -1675.0}, {'J01': 7}, {'J01': 20}, 
4190.0, {'J01': -1875.0}, {'J01': 7}, {'J01': 20}, 
4195.0, {'J01': -2076.0}, {'J01': 7}, {'J01': 21}, 
4200.0, {'J01': -2286.0}, {'J01': 7}, {'J01': 21}, 
4205.0, {'J01': -2496.0}, {'J01': 7}, {'J01': 21}, 
4210.0, {'J01': -2706.0}, {'J01': 7}, {'J01': 21}, 
4215.0, {'J01': -2916.0}, {'J01': 7}, {'J01': 21}, 
4220.0, {'J01': -3126.0}, {'J01': 7}, {'J01': 21}, 
4225.0, {'J01': -3336.0}, {'J01': 7}, {'J01': 21}, 
4230.0, {'J01': -3068.5}, {'J01': 6}, {'J01': 21}, 
4235.0, {'J01': -2769.5}, {'J01': 5}, {'J01': 17}, 
4240.0, {'J01': -2944.5}, {'J01': 5}, {'J01': 19}, 
4245.0, {'J01': -3137.5}, {'J01': 7}, {'J01': 21}, 
4250.0, {'J01': -3347.5}, {'J01': 7}, {'J01': 21}, 
4255.0, {'J01': -3557.5}, {'J01': 7}, {'J01': 21}, 
4260.0, {'J01': -3767.5}, {'J01': 7}, {'J01': 21}, 
4265.0, {'J01': -3515.5}, {'J01': 7}, {'J01': 20}, 
4270.0, {'J01': -3491.5}, {'J01': 7}, {'J01': 24}, 
4275.0, {'J01': -3744.0}, {'J01': 7}, {'J01': 30}, 
4280.0, {'J01': -4055.0}, {'J01': 7}, {'J01': 34}, 
4285.0, {'J01': -4166.5}, {'J01': 7}, {'J01': 26}, 
4290.0, {'J01': -4340.5}, {'J01': 7}, {'J01': 24}, 
4295.0, {'J01': -4550.0}, {'J01': 7}, {'J01': 23}, 
4300.0, {'J01': -4780.0}, {'J01': 7}, {'J01': 23}, 
4305.0, {'J01': -5010.0}, {'J01': 7}, {'J01': 23}, 
4310.0, {'J01': -4424.5}, {'J01': 7}, {'J01': 21}, 
4315.0, {'J01': -4622.5}, {'J01': 7}, {'J01': 20}, 
4320.0, {'J01': -4824.5}, {'J01': 7}, {'J01': 21}, 
4325.0, {'J01': -5034.5}, {'J01': 7}, {'J01': 21}, 
4330.0, {'J01': -5244.5}, {'J01': 7}, {'J01': 21}, 
4335.0, {'J01': -5454.5}, {'J01': 7}, {'J01': 21}, 
4340.0, {'J01': -5664.5}, {'J01': 7}, {'J01': 21}, 
4345.0, {'J01': -5876.0}, {'J01': 7}, {'J01': 22}, 
4350.0, {'J01': -5944.5}, {'J01': 7}, {'J01': 22}, 
4355.0, {'J01': -6000.0}, {'J01': 7}, {'J01': 21}, 
4360.0, {'J01': -6199.5}, {'J01': 7}, {'J01': 20}, 
4365.0, {'J01': -6399.5}, {'J01': 7}, {'J01': 20}, 
4370.0, {'J01': -6599.5}, {'J01': 7}, {'J01': 20}, 
4375.0, {'J01': -6804.5}, {'J01': 7}, {'J01': 21}, 
4380.0, {'J01': -7014.5}, {'J01': 7}, {'J01': 21}, 
4385.0, {'J01': -7224.5}, {'J01': 7}, {'J01': 21}, 
4390.0, {'J01': -7434.5}, {'J01': 7}, {'J01': 21}, 
4395.0, {'J01': -7644.5}, {'J01': 7}, {'J01': 21}, 
4400.0, {'J01': -7854.5}, {'J01': 7}, {'J01': 21}, 
4405.0, {'J01': -8064.5}, {'J01': 7}, {'J01': 21}, 
4410.0, {'J01': -8274.5}, {'J01': 7}, {'J01': 21}, 
4415.0, {'J01': -7290.0}, {'J01': 6}, {'J01': 20}, 
4420.0, {'J01': -6522.0}, {'J01': 5}, {'J01': 17}, 
4425.0, {'J01': -6697.5}, {'J01': 5}, {'J01': 19}, 
4430.0, {'J01': -6895.0}, {'J01': 7}, {'J01': 22}, 
4435.0, {'J01': -6551.5}, {'J01': 7}, {'J01': 20}, 
4440.0, {'J01': -6751.5}, {'J01': 7}, {'J01': 20}, 
4445.0, {'J01': -6951.5}, {'J01': 7}, {'J01': 20}, 
4450.0, {'J01': -7151.5}, {'J01': 7}, {'J01': 20}, 
4455.0, {'J01': -7351.5}, {'J01': 7}, {'J01': 20}, 
4460.0, {'J01': -7551.5}, {'J01': 7}, {'J01': 20}, 
4465.0, {'J01': -7752.0}, {'J01': 7}, {'J01': 21}, 
4470.0, {'J01': -7962.0}, {'J01': 7}, {'J01': 21}, 
4475.0, {'J01': -8172.0}, {'J01': 7}, {'J01': 21}, 
4480.0, {'J01': -8382.0}, {'J01': 7}, {'J01': 21}, 
4485.0, {'J01': -8592.0}, {'J01': 7}, {'J01': 21}, 
4490.0, {'J01': -8802.0}, {'J01': 7}, {'J01': 21}, 
4495.0, {'J01': -9013.5}, {'J01': 7}, {'J01': 22}, 
4500.0, {'J01': -9223.5}, {'J01': 7}, {'J01': 22}, 
4505.0, {'J01': -9443.5}, {'J01': 7}, {'J01': 22}, 
4510.0, {'J01': -9643.0}, {'J01': 7}, {'J01': 22}, 
4515.0, {'J01': -9523.0}, {'J01': 7}, {'J01': 23}, 
4520.0, {'J01': -9759.0}, {'J01': 7}, {'J01': 26}, 
4525.0, {'J01': -9946.5}, {'J01': 7}, {'J01': 23}, 
4530.0, {'J01': -10132.5}, {'J01': 7}, {'J01': 21}, 
4535.0, {'J01': -10342.5}, {'J01': 7}, {'J01': 21}, 
4540.0, {'J01': -10552.5}, {'J01': 7}, {'J01': 21}, 
4545.0, {'J01': -10604.5}, {'J01': 7}, {'J01': 21}, 
4550.0, {'J01': -10741.0}, {'J01': 7}, {'J01': 20}, 
4555.0, {'J01': -10943.5}, {'J01': 7}, {'J01': 21}, 
4560.0, {'J01': -11153.5}, {'J01': 7}, {'J01': 21}, 
4565.0, {'J01': -11363.5}, {'J01': 7}, {'J01': 21}, 
4570.0, {'J01': -11573.5}, {'J01': 7}, {'J01': 21}, 
4575.0, {'J01': -11783.5}, {'J01': 7}, {'J01': 21}, 
4580.0, {'J01': -11993.5}, {'J01': 7}, {'J01': 21}, 
4585.0, {'J01': -12203.5}, {'J01': 7}, {'J01': 21}, 
4590.0, {'J01': -12413.5}, {'J01': 7}, {'J01': 21}, 
4595.0, {'J01': -12623.5}, {'J01': 7}, {'J01': 21}, 
4600.0, {'J01': -12833.5}, {'J01': 7}, {'J01': 21}, 
4605.0, {'J01': -13043.5}, {'J01': 7}, {'J01': 21}, 
4610.0, {'J01': -11541.0}, {'J01': 6}, {'J01': 20}, 
4615.0, {'J01': -10372.5}, {'J01': 5}, {'J01': 18}, 
4620.0, {'J01': -10543.5}, {'J01': 5}, {'J01': 18}, 
4625.0, {'J01': -10726.0}, {'J01': 7}, {'J01': 20}, 
4630.0, {'J01': -10926.0}, {'J01': 7}, {'J01': 20}, 
4635.0, {'J01': -11126.0}, {'J01': 7}, {'J01': 20}, 
4640.0, {'J01': -11326.0}, {'J01': 7}, {'J01': 20}, 
4645.0, {'J01': -11526.0}, {'J01': 7}, {'J01': 20}, 
4650.0, {'J01': -11726.0}, {'J01': 7}, {'J01': 20}, 
4655.0, {'J01': -11926.0}, {'J01': 7}, {'J01': 20}, 
4660.0, {'J01': -11908.0}, {'J01': 7}, {'J01': 20}, 
4665.0, {'J01': -11873.5}, {'J01': 7}, {'J01': 19}, 
4670.0, {'J01': -12066.5}, {'J01': 7}, {'J01': 20}, 
4675.0, {'J01': -12266.5}, {'J01': 7}, {'J01': 20}, 
4680.0, {'J01': -12466.5}, {'J01': 7}, {'J01': 20}, 
4685.0, {'J01': -12666.5}, {'J01': 7}, {'J01': 20}, 
4690.0, {'J01': -12866.5}, {'J01': 7}, {'J01': 20}, 
4695.0, {'J01': -13008.5}, {'J01': 7}, {'J01': 20}, 
4700.0, {'J01': -13135.0}, {'J01': 7}, {'J01': 19}, 
4705.0, {'J01': -13329.5}, {'J01': 7}, {'J01': 20}, 
4710.0, {'J01': -13529.5}, {'J01': 7}, {'J01': 20}, 
4715.0, {'J01': -13729.5}, {'J01': 7}, {'J01': 20}, 
4720.0, {'J01': -13929.5}, {'J01': 7}, {'J01': 20}, 
4725.0, {'J01': -14129.5}, {'J01': 7}, {'J01': 20}, 
4730.0, {'J01': -14329.5}, {'J01': 7}, {'J01': 20}, 
4735.0, {'J01': -14529.5}, {'J01': 7}, {'J01': 20}, 
4740.0, {'J01': -14650.0}, {'J01': 7}, {'J01': 20}, 
4745.0, {'J01': -14754.0}, {'J01': 7}, {'J01': 19}, 
4750.0, {'J01': -14947.5}, {'J01': 7}, {'J01': 20}, 
4755.0, {'J01': -15147.5}, {'J01': 7}, {'J01': 20}, 
4760.0, {'J01': -15347.5}, {'J01': 7}, {'J01': 20}, 
4765.0, {'J01': -15547.5}, {'J01': 7}, {'J01': 20}, 
4770.0, {'J01': -15747.5}, {'J01': 7}, {'J01': 20}, 
4775.0, {'J01': -15947.5}, {'J01': 7}, {'J01': 20}, 
4780.0, {'J01': -16147.5}, {'J01': 7}, {'J01': 20}, 
4785.0, {'J01': -16347.5}, {'J01': 7}, {'J01': 20}, 
4790.0, {'J01': -16547.5}, {'J01': 7}, {'J01': 20}, 
4795.0, {'J01': -16648.5}, {'J01': 7}, {'J01': 20}, 
4800.0, {'J01': -16734.0}, {'J01': 7}, {'J01': 19}, 
4805.0, {'J01': -16927.5}, {'J01': 7}, {'J01': 20}, 
4810.0, {'J01': -17127.5}, {'J01': 7}, {'J01': 20}, 
4815.0, {'J01': -17327.5}, {'J01': 7}, {'J01': 20}, 
4820.0, {'J01': -17527.5}, {'J01': 7}, {'J01': 20}, 
4825.0, {'J01': -17727.5}, {'J01': 7}, {'J01': 20}, 
4830.0, {'J01': -17927.5}, {'J01': 7}, {'J01': 20}, 
4835.0, {'J01': -18127.5}, {'J01': 7}, {'J01': 20}, 
4840.0, {'J01': -18327.5}, {'J01': 7}, {'J01': 20}, 
4845.0, {'J01': -18527.5}, {'J01': 7}, {'J01': 20}, 
4850.0, {'J01': -18727.5}, {'J01': 7}, {'J01': 20}, 
4855.0, {'J01': -18927.5}, {'J01': 7}, {'J01': 20}, 
4860.0, {'J01': -19008.5}, {'J01': 7}, {'J01': 20}, 
4865.0, {'J01': -19073.5}, {'J01': 7}, {'J01': 19}, 
4870.0, {'J01': -19266.5}, {'J01': 7}, {'J01': 20}, 
4875.0, {'J01': -19466.5}, {'J01': 7}, {'J01': 20}, 
4880.0, {'J01': -19636.0}, {'J01': 7}, {'J01': 20}, 
4885.0, {'J01': -19793.5}, {'J01': 7}, {'J01': 19}, 
4890.0, {'J01': -19986.5}, {'J01': 7}, {'J01': 20}, 
4895.0, {'J01': -20186.5}, {'J01': 7}, {'J01': 20}, 
4900.0, {'J01': -20386.5}, {'J01': 7}, {'J01': 20}, 
4905.0, {'J01': -20586.5}, {'J01': 7}, {'J01': 20}, 
4910.0, {'J01': -20786.5}, {'J01': 7}, {'J01': 20}, 
4915.0, {'J01': -20986.5}, {'J01': 7}, {'J01': 20}, 
4920.0, {'J01': -21186.5}, {'J01': 7}, {'J01': 20}, 
4925.0, {'J01': -21307.5}, {'J01': 7}, {'J01': 20}, 
4930.0, {'J01': -21413.0}, {'J01': 7}, {'J01': 19}, 
4935.0, {'J01': -21603.0}, {'J01': 7}, {'J01': 19}, 
4940.0, {'J01': -21793.0}, {'J01': 7}, {'J01': 19}, 
4945.0, {'J01': -21983.0}, {'J01': 7}, {'J01': 19}, 
4950.0, {'J01': -22173.0}, {'J01': 7}, {'J01': 19}, 
4955.0, {'J01': -22363.0}, {'J01': 7}, {'J01': 19}, 
4960.0, {'J01': -22553.0}, {'J01': 7}, {'J01': 19}, 
4965.0, {'J01': -22743.0}, {'J01': 7}, {'J01': 19}, 
4970.0, {'J01': -22933.0}, {'J01': 7}, {'J01': 19}, 
4975.0, {'J01': -23123.0}, {'J01': 7}, {'J01': 19}, 
4980.0, {'J01': -23313.0}, {'J01': 7}, {'J01': 19}, 
4985.0, {'J01': -23503.0}, {'J01': 7}, {'J01': 19}, 
4990.0, {'J01': -20838.5}, {'J01': 6}, {'J01': 18}, 
4995.0, {'J01': -18371.0}, {'J01': 5}, {'J01': 16}, 
5000.0, {'J01': -18525.5}, {'J01': 5}, {'J01': 17}, 
5005.0, {'J01': -18702.5}, {'J01': 7}, {'J01': 20}, 
5010.0, {'J01': -18902.5}, {'J01': 7}, {'J01': 20}, 
5015.0, {'J01': -19102.5}, {'J01': 7}, {'J01': 20}, 
5020.0, {'J01': -19302.5}, {'J01': 7}, {'J01': 20}, 
5025.0, {'J01': -19502.5}, {'J01': 7}, {'J01': 20}, 
5030.0, {'J01': -19702.5}, {'J01': 7}, {'J01': 20}, 
5035.0, {'J01': -19902.5}, {'J01': 7}, {'J01': 20}, 
5040.0, {'J01': -20102.5}, {'J01': 7}, {'J01': 20}, 
5045.0, {'J01': -20302.5}, {'J01': 7}, {'J01': 20}, 
5050.0, {'J01': -20502.5}, {'J01': 7}, {'J01': 20}, 
5055.0, {'J01': -18099.0}, {'J01': 6}, {'J01': 18}, 
5060.0, {'J01': -17005.0}, {'J01': 5}, {'J01': 16}, 
5065.0, {'J01': -17167.5}, {'J01': 5}, {'J01': 17}, 
5070.0, {'J01': -17340.0}, {'J01': 7}, {'J01': 19}, 
5075.0, {'J01': -17530.0}, {'J01': 7}, {'J01': 19}, 
5080.0, {'J01': -17720.0}, {'J01': 7}, {'J01': 19}, 
5085.0, {'J01': -17910.0}, {'J01': 7}, {'J01': 19}, 
5090.0, {'J01': -18100.0}, {'J01': 7}, {'J01': 19}, 
5095.0, {'J01': -18290.0}, {'J01': 7}, {'J01': 19}, 
5100.0, {'J01': -18480.0}, {'J01': 7}, {'J01': 19}, 
5105.0, {'J01': -18670.0}, {'J01': 7}, {'J01': 19}, 
5110.0, {'J01': -18860.0}, {'J01': 7}, {'J01': 19}, 
5115.0, {'J01': -19050.0}, {'J01': 7}, {'J01': 19}, 
5120.0, {'J01': -17619.0}, {'J01': 6}, {'J01': 18}, 
5125.0, {'J01': -16541.5}, {'J01': 5}, {'J01': 15}, 
5130.0, {'J01': -16695.5}, {'J01': 5}, {'J01': 17}, 
5135.0, {'J01': -16868.5}, {'J01': 7}, {'J01': 19}, 
5140.0, {'J01': -17058.5}, {'J01': 7}, {'J01': 19}, 
5145.0, {'J01': -17248.5}, {'J01': 7}, {'J01': 19}, 
5150.0, {'J01': -17438.5}, {'J01': 7}, {'J01': 19}, 
5155.0, {'J01': -17628.5}, {'J01': 7}, {'J01': 19}, 
5160.0, {'J01': -17818.5}, {'J01': 7}, {'J01': 19}, 
5165.0, {'J01': -18008.5}, {'J01': 7}, {'J01': 19}, 
5170.0, {'J01': -18198.5}, {'J01': 7}, {'J01': 19}, 
5175.0, {'J01': -18388.5}, {'J01': 7}, {'J01': 19}, 
5180.0, {'J01': -18578.5}, {'J01': 7}, {'J01': 19}, 
5185.0, {'J01': -17293.0}, {'J01': 6}, {'J01': 17}, 
5190.0, {'J01': -17080.5}, {'J01': 5}, {'J01': 15}, 
5195.0, {'J01': -17235.0}, {'J01': 5}, {'J01': 17}, 
5200.0, {'J01': -17407.5}, {'J01': 7}, {'J01': 19}, 
5205.0, {'J01': -17597.5}, {'J01': 7}, {'J01': 19}, 
5210.0, {'J01': -17787.5}, {'J01': 7}, {'J01': 19}, 
5215.0, {'J01': -17977.5}, {'J01': 7}, {'J01': 19}, 
5220.0, {'J01': -18167.5}, {'J01': 7}, {'J01': 19}, 
5225.0, {'J01': -18357.5}, {'J01': 7}, {'J01': 19}, 
5230.0, {'J01': -18547.5}, {'J01': 7}, {'J01': 19}, 
5235.0, {'J01': -18737.5}, {'J01': 7}, {'J01': 19}, 
5240.0, {'J01': -18927.5}, {'J01': 7}, {'J01': 19}, 
5245.0, {'J01': -19117.5}, {'J01': 7}, {'J01': 19}, 
5250.0, {'J01': -18579.0}, {'J01': 6}, {'J01': 18}, 
5255.0, {'J01': -18255.0}, {'J01': 5}, {'J01': 16}, 
5260.0, {'J01': -18405.0}, {'J01': 5}, {'J01': 17}, 
5265.0, {'J01': -18577.5}, {'J01': 7}, {'J01': 19}, 
5270.0, {'J01': -18767.5}, {'J01': 7}, {'J01': 19}, 
5275.0, {'J01': -18957.5}, {'J01': 7}, {'J01': 19}, 
5280.0, {'J01': -19147.5}, {'J01': 7}, {'J01': 19}, 
5285.0, {'J01': -19337.5}, {'J01': 7}, {'J01': 19}, 
5290.0, {'J01': -19527.5}, {'J01': 7}, {'J01': 19}, 
5295.0, {'J01': -19717.5}, {'J01': 7}, {'J01': 19}, 
5300.0, {'J01': -19907.5}, {'J01': 7}, {'J01': 19}, 
5305.0, {'J01': -20097.5}, {'J01': 7}, {'J01': 19}, 
5310.0, {'J01': -20287.5}, {'J01': 7}, {'J01': 19}, 
5315.0, {'J01': -19746.5}, {'J01': 6}, {'J01': 18}, 
5320.0, {'J01': -19420.0}, {'J01': 5}, {'J01': 15}, 
5325.0, {'J01': -19575.0}, {'J01': 5}, {'J01': 17}, 
5330.0, {'J01': -19747.5}, {'J01': 7}, {'J01': 19}, 
5335.0, {'J01': -19937.5}, {'J01': 7}, {'J01': 19}, 
5340.0, {'J01': -20127.5}, {'J01': 7}, {'J01': 19}, 
5345.0, {'J01': -20317.5}, {'J01': 7}, {'J01': 19}, 
5350.0, {'J01': -20507.5}, {'J01': 7}, {'J01': 19}, 
5355.0, {'J01': -20697.5}, {'J01': 7}, {'J01': 19}, 
5360.0, {'J01': -20887.5}, {'J01': 7}, {'J01': 19}, 
5365.0, {'J01': -21077.5}, {'J01': 7}, {'J01': 19}, 
5370.0, {'J01': -21267.5}, {'J01': 7}, {'J01': 19}, 
5375.0, {'J01': -21457.5}, {'J01': 7}, {'J01': 19}, 
5380.0, {'J01': -20917.0}, {'J01': 6}, {'J01': 18}, 
5385.0, {'J01': -20591.5}, {'J01': 5}, {'J01': 16}, 
5390.0, {'J01': -20745.0}, {'J01': 5}, {'J01': 17}, 
5395.0, {'J01': -20918.0}, {'J01': 7}, {'J01': 19}, 
5400.0, {'J01': -21108.0}, {'J01': 7}, {'J01': 19}, 
