5.0, {'J8': 0}, {'J8': 0}, {'J8': 0}, 
10.0, {'J8': 0}, {'J8': 0}, {'J8': 0}, 
15.0, {'J8': 0}, {'J8': 0}, {'J8': 0}, 
20.0, {'J8': -1}, {'J8': 1}, {'J8': 1}, 
25.0, {'J8': -1}, {'J8': 1}, {'J8': 1}, 
30.0, {'J8': -1}, {'J8': 1}, {'J8': 1}, 
35.0, {'J8': -2}, {'J8': 1}, {'J8': 2}, 
40.0, {'J8': -1}, {'J8': 1}, {'J8': 1}, 
45.0, {'J8': -2}, {'J8': 1}, {'J8': 2}, 
50.0, {'J8': -3}, {'J8': 1}, {'J8': 3}, 
55.0, {'J8': -2}, {'J8': 1}, {'J8': 2}, 
60.0, {'J8': -4}, {'J8': 3}, {'J8': 4}, 
65.0, {'J8': -5}, {'J8': 4}, {'J8': 5}, 
70.0, {'J8': -5}, {'J8': 4}, {'J8': 5}, 
75.0, {'J8': -5}, {'J8': 4}, {'J8': 5}, 
80.0, {'J8': -5}, {'J8': 4}, {'J8': 5}, 
85.0, {'J8': -5}, {'J8': 4}, {'J8': 5}, 
90.0, {'J8': -7}, {'J8': 4}, {'J8': 7}, 
95.0, {'J8': -7}, {'J8': 4}, {'J8': 7}, 
100.0, {'J8': -7}, {'J8': 4}, {'J8': 7}, 
105.0, {'J8': -6}, {'J8': 5}, {'J8': 6}, 
110.0, {'J8': -6}, {'J8': 5}, {'J8': 6}, 
115.0, {'J8': -6}, {'J8': 5}, {'J8': 6}, 
120.0, {'J8': -5}, {'J8': 5}, {'J8': 5}, 
125.0, {'J8': -6}, {'J8': 5}, {'J8': 6}, 
130.0, {'J8': -5}, {'J8': 5}, {'J8': 5}, 
135.0, {'J8': -6}, {'J8': 5}, {'J8': 6}, 
140.0, {'J8': -5}, {'J8': 5}, {'J8': 5}, 
145.0, {'J8': -6}, {'J8': 5}, {'J8': 6}, 
150.0, {'J8': -5}, {'J8': 5}, {'J8': 5}, 
155.0, {'J8': -6}, {'J8': 5}, {'J8': 6}, 
160.0, {'J8': -6}, {'J8': 5}, {'J8': 6}, 
165.0, {'J8': -6}, {'J8': 5}, {'J8': 6}, 
170.0, {'J8': -9}, {'J8': 5}, {'J8': 9}, 
175.0, {'J8': -8}, {'J8': 5}, {'J8': 8}, 
180.0, {'J8': -11}, {'J8': 5}, {'J8': 11}, 
185.0, {'J8': -11}, {'J8': 6}, {'J8': 11}, 
190.0, {'J8': -11}, {'J8': 6}, {'J8': 11}, 
195.0, {'J8': -10}, {'J8': 5}, {'J8': 10}, 
200.0, {'J8': -9}, {'J8': 5}, {'J8': 9}, 
205.0, {'J8': -8}, {'J8': 5}, {'J8': 8}, 
210.0, {'J8': -7}, {'J8': 5}, {'J8': 7}, 
215.0, {'J8': -6}, {'J8': 5}, {'J8': 6}, 
220.0, {'J8': -9}, {'J8': 5}, {'J8': 9}, 
225.0, {'J8': -10}, {'J8': 5}, {'J8': 10}, 
230.0, {'J8': -12}, {'J8': 7}, {'J8': 12}, 
235.0, {'J8': -12}, {'J8': 7}, {'J8': 12}, 
240.0, {'J8': -13}, {'J8': 8}, {'J8': 13}, 
245.0, {'J8': -13}, {'J8': 8}, {'J8': 13}, 
250.0, {'J8': -13}, {'J8': 8}, {'J8': 13}, 
255.0, {'J8': -13}, {'J8': 8}, {'J8': 13}, 
260.0, {'J8': -13}, {'J8': 8}, {'J8': 13}, 
265.0, {'J8': -13}, {'J8': 8}, {'J8': 13}, 
270.0, {'J8': -11}, {'J8': 6}, {'J8': 11}, 
275.0, {'J8': -11}, {'J8': 6}, {'J8': 11}, 
280.0, {'J8': -10}, {'J8': 5}, {'J8': 10}, 
285.0, {'J8': -9}, {'J8': 5}, {'J8': 9}, 
290.0, {'J8': -8}, {'J8': 5}, {'J8': 8}, 
295.0, {'J8': -7}, {'J8': 5}, {'J8': 7}, 
300.0, {'J8': -7}, {'J8': 5}, {'J8': 7}, 
305.0, {'J8': -6}, {'J8': 5}, {'J8': 6}, 
310.0, {'J8': -6}, {'J8': 5}, {'J8': 6}, 
315.0, {'J8': -6}, {'J8': 5}, {'J8': 6}, 
320.0, {'J8': -6}, {'J8': 5}, {'J8': 6}, 
325.0, {'J8': -6}, {'J8': 5}, {'J8': 6}, 
330.0, {'J8': -6}, {'J8': 5}, {'J8': 6}, 
335.0, {'J8': -6}, {'J8': 5}, {'J8': 6}, 
340.0, {'J8': -6}, {'J8': 5}, {'J8': 6}, 
345.0, {'J8': -6}, {'J8': 5}, {'J8': 6}, 
350.0, {'J8': -6}, {'J8': 5}, {'J8': 6}, 
355.0, {'J8': -6}, {'J8': 5}, {'J8': 6}, 
360.0, {'J8': -6}, {'J8': 5}, {'J8': 6}, 
365.0, {'J8': -6}, {'J8': 5}, {'J8': 6}, 
370.0, {'J8': -5}, {'J8': 5}, {'J8': 5}, 
375.0, {'J8': -6}, {'J8': 5}, {'J8': 6}, 
380.0, {'J8': -6}, {'J8': 5}, {'J8': 6}, 
385.0, {'J8': -6}, {'J8': 5}, {'J8': 6}, 
390.0, {'J8': -6}, {'J8': 5}, {'J8': 6}, 
395.0, {'J8': -6}, {'J8': 5}, {'J8': 6}, 
400.0, {'J8': -5}, {'J8': 5}, {'J8': 5}, 
405.0, {'J8': -6}, {'J8': 5}, {'J8': 6}, 
410.0, {'J8': -6}, {'J8': 5}, {'J8': 6}, 
415.0, {'J8': -6}, {'J8': 5}, {'J8': 6}, 
420.0, {'J8': -6}, {'J8': 5}, {'J8': 6}, 
425.0, {'J8': -6}, {'J8': 5}, {'J8': 6}, 
430.0, {'J8': -6}, {'J8': 5}, {'J8': 6}, 
435.0, {'J8': -6}, {'J8': 5}, {'J8': 6}, 
440.0, {'J8': -6}, {'J8': 5}, {'J8': 6}, 
445.0, {'J8': -6}, {'J8': 5}, {'J8': 6}, 
450.0, {'J8': -6}, {'J8': 5}, {'J8': 6}, 
455.0, {'J8': -6}, {'J8': 5}, {'J8': 6}, 
460.0, {'J8': -6}, {'J8': 5}, {'J8': 6}, 
465.0, {'J8': -6}, {'J8': 5}, {'J8': 6}, 
470.0, {'J8': -6}, {'J8': 5}, {'J8': 6}, 
475.0, {'J8': -6}, {'J8': 5}, {'J8': 6}, 
480.0, {'J8': -6}, {'J8': 5}, {'J8': 6}, 
485.0, {'J8': -6}, {'J8': 5}, {'J8': 6}, 
490.0, {'J8': -6}, {'J8': 5}, {'J8': 6}, 
495.0, {'J8': -6}, {'J8': 5}, {'J8': 6}, 
500.0, {'J8': -6}, {'J8': 5}, {'J8': 6}, 
505.0, {'J8': -8}, {'J8': 5}, {'J8': 8}, 
510.0, {'J8': -7}, {'J8': 5}, {'J8': 7}, 
515.0, {'J8': -6}, {'J8': 5}, {'J8': 6}, 
520.0, {'J8': -6}, {'J8': 5}, {'J8': 6}, 
525.0, {'J8': -6}, {'J8': 5}, {'J8': 6}, 
530.0, {'J8': -6}, {'J8': 5}, {'J8': 6}, 
535.0, {'J8': -6}, {'J8': 5}, {'J8': 6}, 
540.0, {'J8': -9}, {'J8': 5}, {'J8': 9}, 
545.0, {'J8': -10}, {'J8': 5}, {'J8': 10}, 
550.0, {'J8': -12}, {'J8': 6}, {'J8': 12}, 
555.0, {'J8': -12}, {'J8': 7}, {'J8': 12}, 
560.0, {'J8': -13}, {'J8': 7}, {'J8': 13}, 
565.0, {'J8': -13}, {'J8': 8}, {'J8': 13}, 
570.0, {'J8': -14}, {'J8': 8}, {'J8': 14}, 
575.0, {'J8': -13}, {'J8': 8}, {'J8': 13}, 
580.0, {'J8': -14}, {'J8': 8}, {'J8': 14}, 
585.0, {'J8': -13}, {'J8': 8}, {'J8': 13}, 
590.0, {'J8': -13}, {'J8': 7}, {'J8': 13}, 
595.0, {'J8': -11}, {'J8': 6}, {'J8': 11}, 
600.0, {'J8': -11}, {'J8': 5}, {'J8': 11}, 
605.0, {'J8': -9}, {'J8': 5}, {'J8': 9}, 
610.0, {'J8': -9}, {'J8': 5}, {'J8': 9}, 
615.0, {'J8': -7}, {'J8': 5}, {'J8': 7}, 
620.0, {'J8': -7}, {'J8': 5}, {'J8': 7}, 
625.0, {'J8': -6}, {'J8': 5}, {'J8': 6}, 
630.0, {'J8': -6}, {'J8': 5}, {'J8': 6}, 
635.0, {'J8': -6}, {'J8': 5}, {'J8': 6}, 
640.0, {'J8': -9}, {'J8': 5}, {'J8': 9}, 
645.0, {'J8': -10}, {'J8': 5}, {'J8': 10}, 
650.0, {'J8': -12}, {'J8': 7}, {'J8': 12}, 
655.0, {'J8': -12}, {'J8': 7}, {'J8': 12}, 
660.0, {'J8': -14}, {'J8': 8}, {'J8': 14}, 
665.0, {'J8': -13}, {'J8': 8}, {'J8': 13}, 
670.0, {'J8': -14}, {'J8': 8}, {'J8': 14}, 
675.0, {'J8': -13}, {'J8': 8}, {'J8': 13}, 
680.0, {'J8': -13}, {'J8': 8}, {'J8': 13}, 
685.0, {'J8': -13}, {'J8': 8}, {'J8': 13}, 
690.0, {'J8': -12}, {'J8': 6}, {'J8': 12}, 
695.0, {'J8': -11}, {'J8': 6}, {'J8': 11}, 
700.0, {'J8': -11}, {'J8': 5}, {'J8': 11}, 
705.0, {'J8': -9}, {'J8': 5}, {'J8': 9}, 
710.0, {'J8': -9}, {'J8': 5}, {'J8': 9}, 
715.0, {'J8': -7}, {'J8': 5}, {'J8': 7}, 
720.0, {'J8': -7}, {'J8': 5}, {'J8': 7}, 
725.0, {'J8': -6}, {'J8': 5}, {'J8': 6}, 
730.0, {'J8': -6}, {'J8': 5}, {'J8': 6}, 
735.0, {'J8': -6}, {'J8': 5}, {'J8': 6}, 
740.0, {'J8': -6}, {'J8': 5}, {'J8': 6}, 
745.0, {'J8': -6}, {'J8': 5}, {'J8': 6}, 
750.0, {'J8': -6}, {'J8': 5}, {'J8': 6}, 
755.0, {'J8': -6}, {'J8': 5}, {'J8': 6}, 
760.0, {'J8': -6}, {'J8': 5}, {'J8': 6}, 
765.0, {'J8': -6}, {'J8': 5}, {'J8': 6}, 
770.0, {'J8': -5}, {'J8': 5}, {'J8': 5}, 
775.0, {'J8': -6}, {'J8': 5}, {'J8': 6}, 
780.0, {'J8': -6}, {'J8': 5}, {'J8': 6}, 
785.0, {'J8': -6}, {'J8': 5}, {'J8': 6}, 
790.0, {'J8': -6}, {'J8': 5}, {'J8': 6}, 
795.0, {'J8': -6}, {'J8': 5}, {'J8': 6}, 
800.0, {'J8': -6}, {'J8': 5}, {'J8': 6}, 
805.0, {'J8': -6}, {'J8': 5}, {'J8': 6}, 
810.0, {'J8': -6}, {'J8': 5}, {'J8': 6}, 
815.0, {'J8': -6}, {'J8': 5}, {'J8': 6}, 
820.0, {'J8': -6}, {'J8': 5}, {'J8': 6}, 
825.0, {'J8': -6}, {'J8': 5}, {'J8': 6}, 
830.0, {'J8': -6}, {'J8': 5}, {'J8': 6}, 
835.0, {'J8': -6}, {'J8': 5}, {'J8': 6}, 
840.0, {'J8': -6}, {'J8': 5}, {'J8': 6}, 
845.0, {'J8': -6}, {'J8': 5}, {'J8': 6}, 
850.0, {'J8': -5}, {'J8': 5}, {'J8': 5}, 
855.0, {'J8': -6}, {'J8': 5}, {'J8': 6}, 
860.0, {'J8': -9}, {'J8': 5}, {'J8': 9}, 
865.0, {'J8': -9}, {'J8': 5}, {'J8': 9}, 
870.0, {'J8': -10}, {'J8': 5}, {'J8': 10}, 
875.0, {'J8': -8}, {'J8': 5}, {'J8': 8}, 
880.0, {'J8': -8}, {'J8': 5}, {'J8': 8}, 
885.0, {'J8': -7}, {'J8': 5}, {'J8': 7}, 
890.0, {'J8': -7}, {'J8': 5}, {'J8': 7}, 
895.0, {'J8': -6}, {'J8': 5}, {'J8': 6}, 
900.0, {'J8': -6}, {'J8': 5}, {'J8': 6}, 
905.0, {'J8': -6}, {'J8': 5}, {'J8': 6}, 
910.0, {'J8': -6}, {'J8': 5}, {'J8': 6}, 
915.0, {'J8': -6}, {'J8': 5}, {'J8': 6}, 
920.0, {'J8': -6}, {'J8': 5}, {'J8': 6}, 
925.0, {'J8': -6}, {'J8': 5}, {'J8': 6}, 
930.0, {'J8': -6}, {'J8': 5}, {'J8': 6}, 
935.0, {'J8': -6}, {'J8': 5}, {'J8': 6}, 
940.0, {'J8': -6}, {'J8': 5}, {'J8': 6}, 
945.0, {'J8': -6}, {'J8': 5}, {'J8': 6}, 
950.0, {'J8': -5}, {'J8': 5}, {'J8': 5}, 
955.0, {'J8': -6}, {'J8': 5}, {'J8': 6}, 
960.0, {'J8': -6}, {'J8': 5}, {'J8': 6}, 
965.0, {'J8': -6}, {'J8': 5}, {'J8': 6}, 
970.0, {'J8': -6}, {'J8': 5}, {'J8': 6}, 
975.0, {'J8': -5}, {'J8': 5}, {'J8': 5}, 
980.0, {'J8': -6}, {'J8': 5}, {'J8': 6}, 
985.0, {'J8': -6}, {'J8': 5}, {'J8': 6}, 
990.0, {'J8': -6}, {'J8': 5}, {'J8': 6}, 
995.0, {'J8': -6}, {'J8': 5}, {'J8': 6}, 
1000.0, {'J8': -6}, {'J8': 5}, {'J8': 6}, 
1005.0, {'J8': -6}, {'J8': 5}, {'J8': 6}, 
1010.0, {'J8': -6}, {'J8': 5}, {'J8': 6}, 
1015.0, {'J8': -6}, {'J8': 5}, {'J8': 6}, 
1020.0, {'J8': -6}, {'J8': 5}, {'J8': 6}, 
1025.0, {'J8': -6}, {'J8': 5}, {'J8': 6}, 
1030.0, {'J8': -8}, {'J8': 5}, {'J8': 8}, 
1035.0, {'J8': -10}, {'J8': 5}, {'J8': 10}, 
1040.0, {'J8': -9}, {'J8': 5}, {'J8': 9}, 
1045.0, {'J8': -7}, {'J8': 5}, {'J8': 7}, 
1050.0, {'J8': -7}, {'J8': 5}, {'J8': 7}, 
1055.0, {'J8': -6}, {'J8': 5}, {'J8': 6}, 
1060.0, {'J8': -6}, {'J8': 5}, {'J8': 6}, 
1065.0, {'J8': -6}, {'J8': 5}, {'J8': 6}, 
1070.0, {'J8': -5}, {'J8': 5}, {'J8': 5}, 
1075.0, {'J8': -6}, {'J8': 5}, {'J8': 6}, 
1080.0, {'J8': -6}, {'J8': 5}, {'J8': 6}, 
1085.0, {'J8': -6}, {'J8': 5}, {'J8': 6}, 
1090.0, {'J8': -6}, {'J8': 5}, {'J8': 6}, 
1095.0, {'J8': -6}, {'J8': 5}, {'J8': 6}, 
1100.0, {'J8': -6}, {'J8': 5}, {'J8': 6}, 
1105.0, {'J8': -6}, {'J8': 5}, {'J8': 6}, 
1110.0, {'J8': -6}, {'J8': 5}, {'J8': 6}, 
1115.0, {'J8': -6}, {'J8': 5}, {'J8': 6}, 
1120.0, {'J8': -6}, {'J8': 5}, {'J8': 6}, 
1125.0, {'J8': -6}, {'J8': 5}, {'J8': 6}, 
1130.0, {'J8': -6}, {'J8': 5}, {'J8': 6}, 
1135.0, {'J8': -6}, {'J8': 5}, {'J8': 6}, 
1140.0, {'J8': -5}, {'J8': 5}, {'J8': 5}, 
1145.0, {'J8': -6}, {'J8': 5}, {'J8': 6}, 
1150.0, {'J8': -6}, {'J8': 5}, {'J8': 6}, 
1155.0, {'J8': -6}, {'J8': 5}, {'J8': 6}, 
1160.0, {'J8': -6}, {'J8': 5}, {'J8': 6}, 
1165.0, {'J8': -6}, {'J8': 5}, {'J8': 6}, 
1170.0, {'J8': -6}, {'J8': 5}, {'J8': 6}, 
1175.0, {'J8': -6}, {'J8': 5}, {'J8': 6}, 
1180.0, {'J8': -6}, {'J8': 5}, {'J8': 6}, 
1185.0, {'J8': -6}, {'J8': 5}, {'J8': 6}, 
1190.0, {'J8': -6}, {'J8': 5}, {'J8': 6}, 
1195.0, {'J8': -6}, {'J8': 5}, {'J8': 6}, 
1200.0, {'J8': -5}, {'J8': 5}, {'J8': 5}, 
1205.0, {'J8': -6}, {'J8': 5}, {'J8': 6}, 
1210.0, {'J8': -6}, {'J8': 5}, {'J8': 6}, 
1215.0, {'J8': -6}, {'J8': 5}, {'J8': 6}, 
1220.0, {'J8': -5}, {'J8': 5}, {'J8': 5}, 
1225.0, {'J8': -6}, {'J8': 5}, {'J8': 6}, 
1230.0, {'J8': -6}, {'J8': 5}, {'J8': 6}, 
1235.0, {'J8': -6}, {'J8': 5}, {'J8': 6}, 
1240.0, {'J8': -6}, {'J8': 5}, {'J8': 6}, 
1245.0, {'J8': -6}, {'J8': 5}, {'J8': 6}, 
1250.0, {'J8': -6}, {'J8': 5}, {'J8': 6}, 
1255.0, {'J8': -6}, {'J8': 5}, {'J8': 6}, 
1260.0, {'J8': -6}, {'J8': 5}, {'J8': 6}, 
1265.0, {'J8': -5}, {'J8': 5}, {'J8': 5}, 
1270.0, {'J8': -5}, {'J8': 5}, {'J8': 5}, 
1275.0, {'J8': -6}, {'J8': 5}, {'J8': 6}, 
1280.0, {'J8': -5}, {'J8': 5}, {'J8': 5}, 
1285.0, {'J8': -6}, {'J8': 5}, {'J8': 6}, 
1290.0, {'J8': -6}, {'J8': 5}, {'J8': 6}, 
1295.0, {'J8': -6}, {'J8': 5}, {'J8': 6}, 
1300.0, {'J8': -6}, {'J8': 5}, {'J8': 6}, 
1305.0, {'J8': -5}, {'J8': 5}, {'J8': 5}, 
1310.0, {'J8': -8}, {'J8': 5}, {'J8': 8}, 
1315.0, {'J8': -7}, {'J8': 5}, {'J8': 7}, 
1320.0, {'J8': -8}, {'J8': 5}, {'J8': 8}, 
1325.0, {'J8': -10}, {'J8': 5}, {'J8': 10}, 
1330.0, {'J8': -11}, {'J8': 6}, {'J8': 11}, 
1335.0, {'J8': -12}, {'J8': 7}, {'J8': 12}, 
1340.0, {'J8': -12}, {'J8': 7}, {'J8': 12}, 
1345.0, {'J8': -13}, {'J8': 8}, {'J8': 13}, 
1350.0, {'J8': -13}, {'J8': 8}, {'J8': 13}, 
1355.0, {'J8': -13}, {'J8': 8}, {'J8': 13}, 
1360.0, {'J8': -13}, {'J8': 7}, {'J8': 13}, 
1365.0, {'J8': -11}, {'J8': 6}, {'J8': 11}, 
1370.0, {'J8': -11}, {'J8': 5}, {'J8': 11}, 
1375.0, {'J8': -9}, {'J8': 5}, {'J8': 9}, 
1380.0, {'J8': -9}, {'J8': 5}, {'J8': 9}, 
1385.0, {'J8': -7}, {'J8': 5}, {'J8': 7}, 
1390.0, {'J8': -7}, {'J8': 5}, {'J8': 7}, 
1395.0, {'J8': -7}, {'J8': 5}, {'J8': 7}, 
1400.0, {'J8': -6}, {'J8': 5}, {'J8': 6}, 
1405.0, {'J8': -6}, {'J8': 5}, {'J8': 6}, 
1410.0, {'J8': -6}, {'J8': 5}, {'J8': 6}, 
1415.0, {'J8': -6}, {'J8': 5}, {'J8': 6}, 
1420.0, {'J8': -6}, {'J8': 5}, {'J8': 6}, 
1425.0, {'J8': -6}, {'J8': 5}, {'J8': 6}, 
1430.0, {'J8': -9}, {'J8': 5}, {'J8': 9}, 
1435.0, {'J8': -9}, {'J8': 5}, {'J8': 9}, 
1440.0, {'J8': -12}, {'J8': 6}, {'J8': 12}, 
1445.0, {'J8': -12}, {'J8': 7}, {'J8': 12}, 
1450.0, {'J8': -13}, {'J8': 7}, {'J8': 13}, 
1455.0, {'J8': -13}, {'J8': 8}, {'J8': 13}, 
1460.0, {'J8': -14}, {'J8': 8}, {'J8': 14}, 
1465.0, {'J8': -13}, {'J8': 8}, {'J8': 13}, 
1470.0, {'J8': -13}, {'J8': 7}, {'J8': 13}, 
1475.0, {'J8': -11}, {'J8': 6}, {'J8': 11}, 
1480.0, {'J8': -11}, {'J8': 5}, {'J8': 11}, 
1485.0, {'J8': -9}, {'J8': 5}, {'J8': 9}, 
1490.0, {'J8': -8}, {'J8': 5}, {'J8': 8}, 
1495.0, {'J8': -7}, {'J8': 5}, {'J8': 7}, 
1500.0, {'J8': -7}, {'J8': 5}, {'J8': 7}, 
1505.0, {'J8': -6}, {'J8': 5}, {'J8': 6}, 
1510.0, {'J8': -6}, {'J8': 5}, {'J8': 6}, 
1515.0, {'J8': -6}, {'J8': 5}, {'J8': 6}, 
1520.0, {'J8': -6}, {'J8': 5}, {'J8': 6}, 
1525.0, {'J8': -6}, {'J8': 5}, {'J8': 6}, 
1530.0, {'J8': -6}, {'J8': 5}, {'J8': 6}, 
1535.0, {'J8': -6}, {'J8': 5}, {'J8': 6}, 
1540.0, {'J8': -6}, {'J8': 5}, {'J8': 6}, 
1545.0, {'J8': -6}, {'J8': 5}, {'J8': 6}, 
1550.0, {'J8': -5}, {'J8': 5}, {'J8': 5}, 
1555.0, {'J8': -6}, {'J8': 5}, {'J8': 6}, 
1560.0, {'J8': -5}, {'J8': 5}, {'J8': 5}, 
1565.0, {'J8': -6}, {'J8': 5}, {'J8': 6}, 
1570.0, {'J8': -5}, {'J8': 5}, {'J8': 5}, 
1575.0, {'J8': -6}, {'J8': 5}, {'J8': 6}, 
1580.0, {'J8': -6}, {'J8': 5}, {'J8': 6}, 
1585.0, {'J8': -6}, {'J8': 5}, {'J8': 6}, 
1590.0, {'J8': -6}, {'J8': 5}, {'J8': 6}, 
1595.0, {'J8': -6}, {'J8': 5}, {'J8': 6}, 
1600.0, {'J8': -6}, {'J8': 5}, {'J8': 6}, 
1605.0, {'J8': -6}, {'J8': 5}, {'J8': 6}, 
1610.0, {'J8': -6}, {'J8': 5}, {'J8': 6}, 
1615.0, {'J8': -6}, {'J8': 5}, {'J8': 6}, 
1620.0, {'J8': -6}, {'J8': 5}, {'J8': 6}, 
1625.0, {'J8': -6}, {'J8': 5}, {'J8': 6}, 
1630.0, {'J8': -6}, {'J8': 5}, {'J8': 6}, 
1635.0, {'J8': -6}, {'J8': 5}, {'J8': 6}, 
1640.0, {'J8': -9}, {'J8': 5}, {'J8': 9}, 
1645.0, {'J8': -9}, {'J8': 5}, {'J8': 9}, 
1650.0, {'J8': -9}, {'J8': 5}, {'J8': 9}, 
1655.0, {'J8': -7}, {'J8': 5}, {'J8': 7}, 
1660.0, {'J8': -7}, {'J8': 5}, {'J8': 7}, 
1665.0, {'J8': -6}, {'J8': 5}, {'J8': 6}, 
1670.0, {'J8': -6}, {'J8': 5}, {'J8': 6}, 
1675.0, {'J8': -6}, {'J8': 5}, {'J8': 6}, 
1680.0, {'J8': -6}, {'J8': 5}, {'J8': 6}, 
1685.0, {'J8': -6}, {'J8': 5}, {'J8': 6}, 
1690.0, {'J8': -6}, {'J8': 5}, {'J8': 6}, 
1695.0, {'J8': -6}, {'J8': 5}, {'J8': 6}, 
1700.0, {'J8': -6}, {'J8': 5}, {'J8': 6}, 
1705.0, {'J8': -6}, {'J8': 5}, {'J8': 6}, 
1710.0, {'J8': -6}, {'J8': 5}, {'J8': 6}, 
1715.0, {'J8': -6}, {'J8': 5}, {'J8': 6}, 
1720.0, {'J8': -6}, {'J8': 5}, {'J8': 6}, 
1725.0, {'J8': -6}, {'J8': 5}, {'J8': 6}, 
1730.0, {'J8': -6}, {'J8': 5}, {'J8': 6}, 
1735.0, {'J8': -6}, {'J8': 5}, {'J8': 6}, 
1740.0, {'J8': -6}, {'J8': 5}, {'J8': 6}, 
1745.0, {'J8': -6}, {'J8': 5}, {'J8': 6}, 
1750.0, {'J8': -6}, {'J8': 5}, {'J8': 6}, 
1755.0, {'J8': -6}, {'J8': 5}, {'J8': 6}, 
1760.0, {'J8': -5}, {'J8': 5}, {'J8': 5}, 
1765.0, {'J8': -6}, {'J8': 5}, {'J8': 6}, 
1770.0, {'J8': -5}, {'J8': 5}, {'J8': 5}, 
1775.0, {'J8': -6}, {'J8': 5}, {'J8': 6}, 
1780.0, {'J8': -5}, {'J8': 5}, {'J8': 5}, 
1785.0, {'J8': -6}, {'J8': 5}, {'J8': 6}, 
1790.0, {'J8': -5}, {'J8': 5}, {'J8': 5}, 
1795.0, {'J8': -6}, {'J8': 5}, {'J8': 6}, 
1800.0, {'J8': -8}, {'J8': 5}, {'J8': 8}, 
1805.0, {'J8': -9}, {'J8': 5}, {'J8': 9}, 
1810.0, {'J8': -7}, {'J8': 5}, {'J8': 7}, 
1815.0, {'J8': -7}, {'J8': 5}, {'J8': 7}, 
1820.0, {'J8': -7}, {'J8': 5}, {'J8': 7}, 
1825.0, {'J8': -6}, {'J8': 5}, {'J8': 6}, 
1830.0, {'J8': -5}, {'J8': 5}, {'J8': 5}, 
1835.0, {'J8': -6}, {'J8': 5}, {'J8': 6}, 
1840.0, {'J8': -5}, {'J8': 5}, {'J8': 5}, 
1845.0, {'J8': -6}, {'J8': 5}, {'J8': 6}, 
1850.0, {'J8': -5}, {'J8': 5}, {'J8': 5}, 
1855.0, {'J8': -6}, {'J8': 5}, {'J8': 6}, 
1860.0, {'J8': -6}, {'J8': 5}, {'J8': 6}, 
1865.0, {'J8': -6}, {'J8': 5}, {'J8': 6}, 
1870.0, {'J8': -5}, {'J8': 5}, {'J8': 5}, 
1875.0, {'J8': -6}, {'J8': 5}, {'J8': 6}, 
1880.0, {'J8': -6}, {'J8': 5}, {'J8': 6}, 
1885.0, {'J8': -6}, {'J8': 5}, {'J8': 6}, 
1890.0, {'J8': -6}, {'J8': 5}, {'J8': 6}, 
1895.0, {'J8': -6}, {'J8': 5}, {'J8': 6}, 
1900.0, {'J8': -5}, {'J8': 5}, {'J8': 5}, 
1905.0, {'J8': -6}, {'J8': 5}, {'J8': 6}, 
1910.0, {'J8': -6}, {'J8': 5}, {'J8': 6}, 
1915.0, {'J8': -6}, {'J8': 5}, {'J8': 6}, 
1920.0, {'J8': -5}, {'J8': 5}, {'J8': 5}, 
1925.0, {'J8': -6}, {'J8': 5}, {'J8': 6}, 
1930.0, {'J8': -5}, {'J8': 5}, {'J8': 5}, 
1935.0, {'J8': -6}, {'J8': 5}, {'J8': 6}, 
1940.0, {'J8': -6}, {'J8': 5}, {'J8': 6}, 
1945.0, {'J8': -6}, {'J8': 5}, {'J8': 6}, 
1950.0, {'J8': -6}, {'J8': 5}, {'J8': 6}, 
1955.0, {'J8': -6}, {'J8': 5}, {'J8': 6}, 
1960.0, {'J8': -5}, {'J8': 5}, {'J8': 5}, 
1965.0, {'J8': -6}, {'J8': 5}, {'J8': 6}, 
1970.0, {'J8': -6}, {'J8': 5}, {'J8': 6}, 
1975.0, {'J8': -6}, {'J8': 5}, {'J8': 6}, 
1980.0, {'J8': -9}, {'J8': 5}, {'J8': 9}, 
1985.0, {'J8': -9}, {'J8': 5}, {'J8': 9}, 
1990.0, {'J8': -10}, {'J8': 5}, {'J8': 10}, 
1995.0, {'J8': -8}, {'J8': 5}, {'J8': 8}, 
2000.0, {'J8': -8}, {'J8': 5}, {'J8': 8}, 
2005.0, {'J8': -7}, {'J8': 5}, {'J8': 7}, 
2010.0, {'J8': -6}, {'J8': 5}, {'J8': 6}, 
2015.0, {'J8': -6}, {'J8': 5}, {'J8': 6}, 
2020.0, {'J8': -5}, {'J8': 5}, {'J8': 5}, 
2025.0, {'J8': -6}, {'J8': 5}, {'J8': 6}, 
2030.0, {'J8': -6}, {'J8': 5}, {'J8': 6}, 
2035.0, {'J8': -6}, {'J8': 5}, {'J8': 6}, 
2040.0, {'J8': -8}, {'J8': 5}, {'J8': 8}, 
2045.0, {'J8': -9}, {'J8': 5}, {'J8': 9}, 
2050.0, {'J8': -9}, {'J8': 5}, {'J8': 9}, 
2055.0, {'J8': -7}, {'J8': 5}, {'J8': 7}, 
2060.0, {'J8': -7}, {'J8': 5}, {'J8': 7}, 
2065.0, {'J8': -6}, {'J8': 5}, {'J8': 6}, 
2070.0, {'J8': -8}, {'J8': 5}, {'J8': 8}, 
2075.0, {'J8': -10}, {'J8': 5}, {'J8': 10}, 
2080.0, {'J8': -10}, {'J8': 5}, {'J8': 10}, 
2085.0, {'J8': -9}, {'J8': 5}, {'J8': 9}, 
2090.0, {'J8': -9}, {'J8': 5}, {'J8': 9}, 
2095.0, {'J8': -7}, {'J8': 5}, {'J8': 7}, 
2100.0, {'J8': -5}, {'J8': 5}, {'J8': 5}, 
2105.0, {'J8': -6}, {'J8': 5}, {'J8': 6}, 
2110.0, {'J8': -10}, {'J8': 5}, {'J8': 10}, 
2115.0, {'J8': -10}, {'J8': 5}, {'J8': 10}, 
2120.0, {'J8': -12}, {'J8': 6}, {'J8': 12}, 
2125.0, {'J8': -13}, {'J8': 8}, {'J8': 13}, 
2130.0, {'J8': -14}, {'J8': 8}, {'J8': 14}, 
2135.0, {'J8': -12}, {'J8': 7}, {'J8': 12}, 
2140.0, {'J8': -12}, {'J8': 6}, {'J8': 12}, 
2145.0, {'J8': -10}, {'J8': 5}, {'J8': 10}, 
2150.0, {'J8': -9}, {'J8': 5}, {'J8': 9}, 
2155.0, {'J8': -7}, {'J8': 5}, {'J8': 7}, 
2160.0, {'J8': -8}, {'J8': 5}, {'J8': 8}, 
2165.0, {'J8': -9}, {'J8': 5}, {'J8': 9}, 
2170.0, {'J8': -11}, {'J8': 5}, {'J8': 11}, 
2175.0, {'J8': -11}, {'J8': 6}, {'J8': 11}, 
2180.0, {'J8': -12}, {'J8': 6}, {'J8': 12}, 
2185.0, {'J8': -10}, {'J8': 5}, {'J8': 10}, 
2190.0, {'J8': -10}, {'J8': 5}, {'J8': 10}, 
2195.0, {'J8': -8}, {'J8': 5}, {'J8': 8}, 
2200.0, {'J8': -10}, {'J8': 5}, {'J8': 10}, 
2205.0, {'J8': -10}, {'J8': 5}, {'J8': 10}, 
2210.0, {'J8': -12}, {'J8': 6}, {'J8': 12}, 
2215.0, {'J8': -10}, {'J8': 5}, {'J8': 10}, 
2220.0, {'J8': -10}, {'J8': 5}, {'J8': 10}, 
2225.0, {'J8': -8}, {'J8': 5}, {'J8': 8}, 
2230.0, {'J8': -8}, {'J8': 5}, {'J8': 8}, 
2235.0, {'J8': -6}, {'J8': 5}, {'J8': 6}, 
2240.0, {'J8': -6}, {'J8': 5}, {'J8': 6}, 
2245.0, {'J8': -6}, {'J8': 5}, {'J8': 6}, 
2250.0, {'J8': -5}, {'J8': 5}, {'J8': 5}, 
2255.0, {'J8': -6}, {'J8': 5}, {'J8': 6}, 
2260.0, {'J8': -6}, {'J8': 5}, {'J8': 6}, 
2265.0, {'J8': -6}, {'J8': 5}, {'J8': 6}, 
2270.0, {'J8': -6}, {'J8': 5}, {'J8': 6}, 
2275.0, {'J8': -6}, {'J8': 5}, {'J8': 6}, 
2280.0, {'J8': -6}, {'J8': 5}, {'J8': 6}, 
2285.0, {'J8': -6}, {'J8': 5}, {'J8': 6}, 
2290.0, {'J8': -5}, {'J8': 5}, {'J8': 5}, 
2295.0, {'J8': -6}, {'J8': 5}, {'J8': 6}, 
2300.0, {'J8': -5}, {'J8': 5}, {'J8': 5}, 
2305.0, {'J8': -6}, {'J8': 5}, {'J8': 6}, 
2310.0, {'J8': -5}, {'J8': 5}, {'J8': 5}, 
2315.0, {'J8': -6}, {'J8': 5}, {'J8': 6}, 
2320.0, {'J8': -5}, {'J8': 5}, {'J8': 5}, 
2325.0, {'J8': -6}, {'J8': 5}, {'J8': 6}, 
2330.0, {'J8': -6}, {'J8': 5}, {'J8': 6}, 
2335.0, {'J8': -6}, {'J8': 5}, {'J8': 6}, 
2340.0, {'J8': -6}, {'J8': 5}, {'J8': 6}, 
2345.0, {'J8': -6}, {'J8': 5}, {'J8': 6}, 
2350.0, {'J8': -5}, {'J8': 5}, {'J8': 5}, 
2355.0, {'J8': -6}, {'J8': 5}, {'J8': 6}, 
2360.0, {'J8': -6}, {'J8': 5}, {'J8': 6}, 
2365.0, {'J8': -6}, {'J8': 5}, {'J8': 6}, 
2370.0, {'J8': -6}, {'J8': 5}, {'J8': 6}, 
2375.0, {'J8': -6}, {'J8': 5}, {'J8': 6}, 
2380.0, {'J8': -6}, {'J8': 5}, {'J8': 6}, 
2385.0, {'J8': -6}, {'J8': 5}, {'J8': 6}, 
2390.0, {'J8': -5}, {'J8': 5}, {'J8': 5}, 
2395.0, {'J8': -6}, {'J8': 5}, {'J8': 6}, 
2400.0, {'J8': -5}, {'J8': 5}, {'J8': 5}, 
2405.0, {'J8': -6}, {'J8': 5}, {'J8': 6}, 
2410.0, {'J8': -5}, {'J8': 5}, {'J8': 5}, 
2415.0, {'J8': -6}, {'J8': 5}, {'J8': 6}, 
2420.0, {'J8': -5}, {'J8': 5}, {'J8': 5}, 
2425.0, {'J8': -6}, {'J8': 5}, {'J8': 6}, 
2430.0, {'J8': -5}, {'J8': 5}, {'J8': 5}, 
2435.0, {'J8': -6}, {'J8': 5}, {'J8': 6}, 
2440.0, {'J8': -6}, {'J8': 5}, {'J8': 6}, 
2445.0, {'J8': -6}, {'J8': 5}, {'J8': 6}, 
2450.0, {'J8': -6}, {'J8': 5}, {'J8': 6}, 
2455.0, {'J8': -6}, {'J8': 5}, {'J8': 6}, 
2460.0, {'J8': -5}, {'J8': 5}, {'J8': 5}, 
2465.0, {'J8': -6}, {'J8': 5}, {'J8': 6}, 
2470.0, {'J8': -8}, {'J8': 5}, {'J8': 8}, 
2475.0, {'J8': -9}, {'J8': 5}, {'J8': 9}, 
2480.0, {'J8': -8}, {'J8': 5}, {'J8': 8}, 
2485.0, {'J8': -6}, {'J8': 5}, {'J8': 6}, 
2490.0, {'J8': -5}, {'J8': 5}, {'J8': 5}, 
2495.0, {'J8': -6}, {'J8': 5}, {'J8': 6}, 
2500.0, {'J8': -6}, {'J8': 5}, {'J8': 6}, 
2505.0, {'J8': -6}, {'J8': 5}, {'J8': 6}, 
2510.0, {'J8': -6}, {'J8': 5}, {'J8': 6}, 
2515.0, {'J8': -6}, {'J8': 5}, {'J8': 6}, 
2520.0, {'J8': -6}, {'J8': 5}, {'J8': 6}, 
2525.0, {'J8': -6}, {'J8': 5}, {'J8': 6}, 
2530.0, {'J8': -6}, {'J8': 5}, {'J8': 6}, 
2535.0, {'J8': -6}, {'J8': 5}, {'J8': 6}, 
2540.0, {'J8': -6}, {'J8': 5}, {'J8': 6}, 
2545.0, {'J8': -6}, {'J8': 5}, {'J8': 6}, 
2550.0, {'J8': -6}, {'J8': 5}, {'J8': 6}, 
2555.0, {'J8': -6}, {'J8': 5}, {'J8': 6}, 
2560.0, {'J8': -5}, {'J8': 5}, {'J8': 5}, 
2565.0, {'J8': -6}, {'J8': 5}, {'J8': 6}, 
2570.0, {'J8': -6}, {'J8': 5}, {'J8': 6}, 
2575.0, {'J8': -6}, {'J8': 5}, {'J8': 6}, 
2580.0, {'J8': -6}, {'J8': 5}, {'J8': 6}, 
2585.0, {'J8': -6}, {'J8': 5}, {'J8': 6}, 
2590.0, {'J8': -6}, {'J8': 5}, {'J8': 6}, 
2595.0, {'J8': -6}, {'J8': 5}, {'J8': 6}, 
2600.0, {'J8': -6}, {'J8': 5}, {'J8': 6}, 
2605.0, {'J8': -5}, {'J8': 5}, {'J8': 5}, 
2610.0, {'J8': -6}, {'J8': 5}, {'J8': 6}, 
2615.0, {'J8': -6}, {'J8': 5}, {'J8': 6}, 
2620.0, {'J8': -6}, {'J8': 5}, {'J8': 6}, 
2625.0, {'J8': -5}, {'J8': 5}, {'J8': 5}, 
2630.0, {'J8': -5}, {'J8': 5}, {'J8': 5}, 
2635.0, {'J8': -5}, {'J8': 5}, {'J8': 5}, 
2640.0, {'J8': -6}, {'J8': 5}, {'J8': 6}, 
2645.0, {'J8': -5}, {'J8': 5}, {'J8': 5}, 
2650.0, {'J8': -6}, {'J8': 5}, {'J8': 6}, 
2655.0, {'J8': -6}, {'J8': 5}, {'J8': 6}, 
2660.0, {'J8': -6}, {'J8': 5}, {'J8': 6}, 
2665.0, {'J8': -6}, {'J8': 5}, {'J8': 6}, 
2670.0, {'J8': -6}, {'J8': 5}, {'J8': 6}, 
2675.0, {'J8': -6}, {'J8': 5}, {'J8': 6}, 
2680.0, {'J8': -5}, {'J8': 5}, {'J8': 5}, 
2685.0, {'J8': -6}, {'J8': 5}, {'J8': 6}, 
2690.0, {'J8': -5}, {'J8': 5}, {'J8': 5}, 
2695.0, {'J8': -5}, {'J8': 5}, {'J8': 5}, 
2700.0, {'J8': -5}, {'J8': 5}, {'J8': 5}, 
2705.0, {'J8': -6}, {'J8': 5}, {'J8': 6}, 
2710.0, {'J8': -6}, {'J8': 5}, {'J8': 6}, 
2715.0, {'J8': -8}, {'J8': 5}, {'J8': 8}, 
2720.0, {'J8': -9}, {'J8': 5}, {'J8': 9}, 
2725.0, {'J8': -10}, {'J8': 5}, {'J8': 10}, 
2730.0, {'J8': -11}, {'J8': 6}, {'J8': 11}, 
2735.0, {'J8': -12}, {'J8': 7}, {'J8': 12}, 
2740.0, {'J8': -13}, {'J8': 7}, {'J8': 13}, 
2745.0, {'J8': -11}, {'J8': 6}, {'J8': 11}, 
2750.0, {'J8': -9}, {'J8': 5}, {'J8': 9}, 
2755.0, {'J8': -8}, {'J8': 5}, {'J8': 8}, 
2760.0, {'J8': -6}, {'J8': 5}, {'J8': 6}, 
2765.0, {'J8': -6}, {'J8': 5}, {'J8': 6}, 
2770.0, {'J8': -6}, {'J8': 5}, {'J8': 6}, 
2775.0, {'J8': -6}, {'J8': 5}, {'J8': 6}, 
2780.0, {'J8': -6}, {'J8': 5}, {'J8': 6}, 
2785.0, {'J8': -6}, {'J8': 5}, {'J8': 6}, 
2790.0, {'J8': -5}, {'J8': 5}, {'J8': 5}, 
2795.0, {'J8': -6}, {'J8': 5}, {'J8': 6}, 
2800.0, {'J8': -6}, {'J8': 5}, {'J8': 6}, 
2805.0, {'J8': -6}, {'J8': 5}, {'J8': 6}, 
2810.0, {'J8': -7}, {'J8': 5}, {'J8': 7}, 
2815.0, {'J8': -9}, {'J8': 5}, {'J8': 9}, 
2820.0, {'J8': -11}, {'J8': 6}, {'J8': 11}, 
2825.0, {'J8': -12}, {'J8': 7}, {'J8': 12}, 
2830.0, {'J8': -13}, {'J8': 7}, {'J8': 13}, 
2835.0, {'J8': -13}, {'J8': 8}, {'J8': 13}, 
2840.0, {'J8': -14}, {'J8': 8}, {'J8': 14}, 
2845.0, {'J8': -13}, {'J8': 8}, {'J8': 13}, 
2850.0, {'J8': -14}, {'J8': 8}, {'J8': 14}, 
2855.0, {'J8': -13}, {'J8': 8}, {'J8': 13}, 
2860.0, {'J8': -14}, {'J8': 8}, {'J8': 14}, 
2865.0, {'J8': -13}, {'J8': 8}, {'J8': 13}, 
2870.0, {'J8': -13}, {'J8': 7}, {'J8': 13}, 
2875.0, {'J8': -11}, {'J8': 6}, {'J8': 11}, 
2880.0, {'J8': -11}, {'J8': 5}, {'J8': 11}, 
2885.0, {'J8': -9}, {'J8': 5}, {'J8': 9}, 
2890.0, {'J8': -9}, {'J8': 5}, {'J8': 9}, 
2895.0, {'J8': -7}, {'J8': 5}, {'J8': 7}, 
2900.0, {'J8': -7}, {'J8': 5}, {'J8': 7}, 
2905.0, {'J8': -6}, {'J8': 5}, {'J8': 6}, 
2910.0, {'J8': -5}, {'J8': 5}, {'J8': 5}, 
2915.0, {'J8': -6}, {'J8': 5}, {'J8': 6}, 
2920.0, {'J8': -6}, {'J8': 5}, {'J8': 6}, 
2925.0, {'J8': -6}, {'J8': 5}, {'J8': 6}, 
2930.0, {'J8': -9}, {'J8': 5}, {'J8': 9}, 
2935.0, {'J8': -11}, {'J8': 6}, {'J8': 11}, 
2940.0, {'J8': -11}, {'J8': 6}, {'J8': 11}, 
2945.0, {'J8': -11}, {'J8': 6}, {'J8': 11}, 
2950.0, {'J8': -14}, {'J8': 8}, {'J8': 14}, 
2955.0, {'J8': -13}, {'J8': 8}, {'J8': 13}, 
2960.0, {'J8': -12}, {'J8': 6}, {'J8': 12}, 
2965.0, {'J8': -10}, {'J8': 5}, {'J8': 10}, 
2970.0, {'J8': -10}, {'J8': 5}, {'J8': 10}, 
2975.0, {'J8': -8}, {'J8': 5}, {'J8': 8}, 
2980.0, {'J8': -6}, {'J8': 5}, {'J8': 6}, 
2985.0, {'J8': -7}, {'J8': 5}, {'J8': 7}, 
2990.0, {'J8': -7}, {'J8': 5}, {'J8': 7}, 
2995.0, {'J8': -6}, {'J8': 5}, {'J8': 6}, 
3000.0, {'J8': -6}, {'J8': 5}, {'J8': 6}, 
3005.0, {'J8': -6}, {'J8': 5}, {'J8': 6}, 
3010.0, {'J8': -6}, {'J8': 5}, {'J8': 6}, 
3015.0, {'J8': -6}, {'J8': 5}, {'J8': 6}, 
3020.0, {'J8': -6}, {'J8': 5}, {'J8': 6}, 
3025.0, {'J8': -6}, {'J8': 5}, {'J8': 6}, 
3030.0, {'J8': -6}, {'J8': 5}, {'J8': 6}, 
3035.0, {'J8': -6}, {'J8': 5}, {'J8': 6}, 
3040.0, {'J8': -9}, {'J8': 5}, {'J8': 9}, 
3045.0, {'J8': -10}, {'J8': 5}, {'J8': 10}, 
3050.0, {'J8': -11}, {'J8': 6}, {'J8': 11}, 
3055.0, {'J8': -12}, {'J8': 7}, {'J8': 12}, 
3060.0, {'J8': -13}, {'J8': 8}, {'J8': 13}, 
3065.0, {'J8': -13}, {'J8': 8}, {'J8': 13}, 
3070.0, {'J8': -13}, {'J8': 8}, {'J8': 13}, 
3075.0, {'J8': -12}, {'J8': 7}, {'J8': 12}, 
3080.0, {'J8': -11}, {'J8': 6}, {'J8': 11}, 
3085.0, {'J8': -10}, {'J8': 5}, {'J8': 10}, 
3090.0, {'J8': -9}, {'J8': 5}, {'J8': 9}, 
3095.0, {'J8': -8}, {'J8': 5}, {'J8': 8}, 
3100.0, {'J8': -7}, {'J8': 5}, {'J8': 7}, 
3105.0, {'J8': -7}, {'J8': 5}, {'J8': 7}, 
3110.0, {'J8': -6}, {'J8': 5}, {'J8': 6}, 
3115.0, {'J8': -6}, {'J8': 5}, {'J8': 6}, 
3120.0, {'J8': -6}, {'J8': 5}, {'J8': 6}, 
3125.0, {'J8': -5}, {'J8': 5}, {'J8': 5}, 
3130.0, {'J8': -6}, {'J8': 5}, {'J8': 6}, 
3135.0, {'J8': -6}, {'J8': 5}, {'J8': 6}, 
3140.0, {'J8': -6}, {'J8': 5}, {'J8': 6}, 
3145.0, {'J8': -5}, {'J8': 5}, {'J8': 5}, 
3150.0, {'J8': -6}, {'J8': 5}, {'J8': 6}, 
3155.0, {'J8': -5}, {'J8': 5}, {'J8': 5}, 
3160.0, {'J8': -6}, {'J8': 5}, {'J8': 6}, 
3165.0, {'J8': -9}, {'J8': 5}, {'J8': 9}, 
3170.0, {'J8': -10}, {'J8': 5}, {'J8': 10}, 
3175.0, {'J8': -11}, {'J8': 5}, {'J8': 11}, 
3180.0, {'J8': -9}, {'J8': 5}, {'J8': 9}, 
3185.0, {'J8': -9}, {'J8': 5}, {'J8': 9}, 
3190.0, {'J8': -7}, {'J8': 5}, {'J8': 7}, 
3195.0, {'J8': -7}, {'J8': 5}, {'J8': 7}, 
3200.0, {'J8': -6}, {'J8': 5}, {'J8': 6}, 
3205.0, {'J8': -6}, {'J8': 5}, {'J8': 6}, 
3210.0, {'J8': -6}, {'J8': 5}, {'J8': 6}, 
3215.0, {'J8': -5}, {'J8': 5}, {'J8': 5}, 
3220.0, {'J8': -6}, {'J8': 5}, {'J8': 6}, 
3225.0, {'J8': -5}, {'J8': 5}, {'J8': 5}, 
3230.0, {'J8': -6}, {'J8': 5}, {'J8': 6}, 
3235.0, {'J8': -5}, {'J8': 5}, {'J8': 5}, 
3240.0, {'J8': -6}, {'J8': 5}, {'J8': 6}, 
3245.0, {'J8': -5}, {'J8': 5}, {'J8': 5}, 
3250.0, {'J8': -6}, {'J8': 5}, {'J8': 6}, 
3255.0, {'J8': -6}, {'J8': 5}, {'J8': 6}, 
3260.0, {'J8': -6}, {'J8': 5}, {'J8': 6}, 
3265.0, {'J8': -6}, {'J8': 5}, {'J8': 6}, 
3270.0, {'J8': -6}, {'J8': 5}, {'J8': 6}, 
3275.0, {'J8': -6}, {'J8': 5}, {'J8': 6}, 
3280.0, {'J8': -6}, {'J8': 5}, {'J8': 6}, 
3285.0, {'J8': -6}, {'J8': 5}, {'J8': 6}, 
3290.0, {'J8': -6}, {'J8': 5}, {'J8': 6}, 
3295.0, {'J8': -6}, {'J8': 5}, {'J8': 6}, 
3300.0, {'J8': -6}, {'J8': 5}, {'J8': 6}, 
3305.0, {'J8': -6}, {'J8': 5}, {'J8': 6}, 
3310.0, {'J8': -6}, {'J8': 5}, {'J8': 6}, 
3315.0, {'J8': -6}, {'J8': 5}, {'J8': 6}, 
3320.0, {'J8': -6}, {'J8': 5}, {'J8': 6}, 
3325.0, {'J8': -6}, {'J8': 5}, {'J8': 6}, 
3330.0, {'J8': -6}, {'J8': 5}, {'J8': 6}, 
3335.0, {'J8': -6}, {'J8': 5}, {'J8': 6}, 
3340.0, {'J8': -6}, {'J8': 5}, {'J8': 6}, 
3345.0, {'J8': -8}, {'J8': 5}, {'J8': 8}, 
3350.0, {'J8': -10}, {'J8': 5}, {'J8': 10}, 
3355.0, {'J8': -11}, {'J8': 6}, {'J8': 11}, 
3360.0, {'J8': -12}, {'J8': 7}, {'J8': 12}, 
3365.0, {'J8': -13}, {'J8': 8}, {'J8': 13}, 
3370.0, {'J8': -13}, {'J8': 8}, {'J8': 13}, 
3375.0, {'J8': -13}, {'J8': 8}, {'J8': 13}, 
3380.0, {'J8': -12}, {'J8': 7}, {'J8': 12}, 
3385.0, {'J8': -11}, {'J8': 6}, {'J8': 11}, 
3390.0, {'J8': -10}, {'J8': 5}, {'J8': 10}, 
3395.0, {'J8': -9}, {'J8': 5}, {'J8': 9}, 
3400.0, {'J8': -9}, {'J8': 5}, {'J8': 9}, 
3405.0, {'J8': -7}, {'J8': 5}, {'J8': 7}, 
3410.0, {'J8': -7}, {'J8': 5}, {'J8': 7}, 
3415.0, {'J8': -7}, {'J8': 5}, {'J8': 7}, 
3420.0, {'J8': -7}, {'J8': 5}, {'J8': 7}, 
3425.0, {'J8': -6}, {'J8': 5}, {'J8': 6}, 
3430.0, {'J8': -5}, {'J8': 5}, {'J8': 5}, 
3435.0, {'J8': -6}, {'J8': 5}, {'J8': 6}, 
3440.0, {'J8': -9}, {'J8': 5}, {'J8': 9}, 
3445.0, {'J8': -10}, {'J8': 5}, {'J8': 10}, 
3450.0, {'J8': -10}, {'J8': 5}, {'J8': 10}, 
3455.0, {'J8': -9}, {'J8': 5}, {'J8': 9}, 
3460.0, {'J8': -9}, {'J8': 5}, {'J8': 9}, 
3465.0, {'J8': -7}, {'J8': 5}, {'J8': 7}, 
3470.0, {'J8': -7}, {'J8': 5}, {'J8': 7}, 
3475.0, {'J8': -6}, {'J8': 5}, {'J8': 6}, 
3480.0, {'J8': -6}, {'J8': 5}, {'J8': 6}, 
3485.0, {'J8': -6}, {'J8': 5}, {'J8': 6}, 
3490.0, {'J8': -5}, {'J8': 5}, {'J8': 5}, 
3495.0, {'J8': -6}, {'J8': 5}, {'J8': 6}, 
3500.0, {'J8': -6}, {'J8': 5}, {'J8': 6}, 
3505.0, {'J8': -6}, {'J8': 5}, {'J8': 6}, 
3510.0, {'J8': -5}, {'J8': 5}, {'J8': 5}, 
3515.0, {'J8': -6}, {'J8': 5}, {'J8': 6}, 
3520.0, {'J8': -9}, {'J8': 5}, {'J8': 9}, 
3525.0, {'J8': -11}, {'J8': 6}, {'J8': 11}, 
3530.0, {'J8': -11}, {'J8': 5}, {'J8': 11}, 
3535.0, {'J8': -9}, {'J8': 5}, {'J8': 9}, 
3540.0, {'J8': -8}, {'J8': 5}, {'J8': 8}, 
3545.0, {'J8': -7}, {'J8': 5}, {'J8': 7}, 
3550.0, {'J8': -6}, {'J8': 5}, {'J8': 6}, 
3555.0, {'J8': -6}, {'J8': 5}, {'J8': 6}, 
3560.0, {'J8': -5}, {'J8': 5}, {'J8': 5}, 
3565.0, {'J8': -6}, {'J8': 5}, {'J8': 6}, 
3570.0, {'J8': -6}, {'J8': 5}, {'J8': 6}, 
3575.0, {'J8': -6}, {'J8': 5}, {'J8': 6}, 
3580.0, {'J8': -6}, {'J8': 5}, {'J8': 6}, 
3585.0, {'J8': -6}, {'J8': 5}, {'J8': 6}, 
3590.0, {'J8': -6}, {'J8': 5}, {'J8': 6}, 
3595.0, {'J8': -6}, {'J8': 5}, {'J8': 6}, 
3600.0, {'J8': -6}, {'J8': 5}, {'J8': 6}, 
