5.0, {'J01': np.float32(-0.0)}, {'J01': 0}, {'J01': 0}, 
10.0, {'J01': np.float32(-0.0)}, {'J01': 0}, {'J01': 0}, 
15.0, {'J01': np.float32(-0.011100832)}, {'J01': 1}, {'J01': 3}, 
20.0, {'J01': np.float32(-0.071230344)}, {'J01': 3}, {'J01': 7}, 
25.0, {'J01': np.float32(-0.13135985)}, {'J01': 3}, {'J01': 8}, 
30.0, {'J01': np.float32(-0.7554283)}, {'J01': 3}, {'J01': 10}, 
35.0, {'J01': np.float32(0.46403146)}, {'J01': 3}, {'J01': 11}, 
40.0, {'J01': np.float32(-0.41647178)}, {'J01': 6}, {'J01': 16}, 
45.0, {'J01': np.float32(-1.6771373)}, {'J01': 8}, {'J01': 22}, 
50.0, {'J01': np.float32(1.2202759)}, {'J01': 8}, {'J01': 26}, 
55.0, {'J01': np.float32(-0.44969675)}, {'J01': 8}, {'J01': 32}, 
60.0, {'J01': np.float32(-1.6390934)}, {'J01': 8}, {'J01': 34}, 
65.0, {'J01': np.float32(0.57956105)}, {'J01': 8}, {'J01': 30}, 
70.0, {'J01': np.float32(-0.5211392)}, {'J01': 8}, {'J01': 31}, 
75.0, {'J01': np.float32(0.36324504)}, {'J01': 8}, {'J01': 30}, 
80.0, {'J01': np.float32(0.7255588)}, {'J01': 6}, {'J01': 27}, 
85.0, {'J01': np.float32(-0.3507702)}, {'J01': 4}, {'J01': 21}, 
90.0, {'J01': np.float32(-0.6670647)}, {'J01': 4}, {'J01': 16}, 
95.0, {'J01': np.float32(2.0082252)}, {'J01': 4}, {'J01': 14}, 
100.0, {'J01': np.float32(-0.28777465)}, {'J01': 3}, {'J01': 21}, 
105.0, {'J01': np.float32(-2.8260279)}, {'J01': 6}, {'J01': 28}, 
110.0, {'J01': np.float32(0.889074)}, {'J01': 8}, {'J01': 35}, 
115.0, {'J01': np.float32(1.4190481)}, {'J01': 8}, {'J01': 36}, 
120.0, {'J01': np.float32(-3.0)}, {'J01': 8}, {'J01': 40}, 
125.0, {'J01': np.float32(1.8111382)}, {'J01': 8}, {'J01': 35}, 
130.0, {'J01': np.float32(0.6438176)}, {'J01': 8}, {'J01': 37}, 
135.0, {'J01': np.float32(-3.0)}, {'J01': 8}, {'J01': 43}, 
140.0, {'J01': np.float32(2.126853)}, {'J01': 8}, {'J01': 44}, 
145.0, {'J01': np.float32(-0.06377493)}, {'J01': 8}, {'J01': 44}, 
150.0, {'J01': np.float32(-2.701195)}, {'J01': 8}, {'J01': 46}, 
155.0, {'J01': np.float32(2.5850964)}, {'J01': 7}, {'J01': 37}, 
160.0, {'J01': np.float32(-1.4968817)}, {'J01': 7}, {'J01': 41}, 
165.0, {'J01': np.float32(0.055412117)}, {'J01': 7}, {'J01': 41}, 
170.0, {'J01': np.float32(-3.0)}, {'J01': 8}, {'J01': 48}, 
175.0, {'J01': np.float32(3.0)}, {'J01': 10}, {'J01': 50}, 
180.0, {'J01': np.float32(-0.29027936)}, {'J01': 10}, {'J01': 52}, 
185.0, {'J01': np.float32(-3.0)}, {'J01': 11}, {'J01': 50}, 
190.0, {'J01': np.float32(3.0)}, {'J01': 9}, {'J01': 44}, 
195.0, {'J01': np.float32(-0.52870387)}, {'J01': 8}, {'J01': 43}, 
200.0, {'J01': np.float32(-2.4674616)}, {'J01': 9}, {'J01': 46}, 
205.0, {'J01': np.float32(-2.832359)}, {'J01': 9}, {'J01': 45}, 
210.0, {'J01': np.float32(3.0)}, {'J01': 9}, {'J01': 43}, 
215.0, {'J01': np.float32(-3.0)}, {'J01': 9}, {'J01': 41}, 
220.0, {'J01': np.float32(3.0)}, {'J01': 7}, {'J01': 34}, 
225.0, {'J01': np.float32(-2.2848878)}, {'J01': 8}, {'J01': 39}, 
230.0, {'J01': np.float32(-1.9637086)}, {'J01': 9}, {'J01': 39}, 
235.0, {'J01': np.float32(3.0)}, {'J01': 9}, {'J01': 41}, 
240.0, {'J01': np.float32(-0.9615551)}, {'J01': 9}, {'J01': 39}, 
245.0, {'J01': np.float32(1.0415547)}, {'J01': 8}, {'J01': 28}, 
250.0, {'J01': np.float32(-0.8028546)}, {'J01': 6}, {'J01': 26}, 
255.0, {'J01': np.float32(3.0)}, {'J01': 6}, {'J01': 25}, 
260.0, {'J01': np.float32(-1.3132211)}, {'J01': 6}, {'J01': 30}, 
265.0, {'J01': np.float32(-1.5156647)}, {'J01': 8}, {'J01': 34}, 
270.0, {'J01': np.float32(2.7725945)}, {'J01': 9}, {'J01': 37}, 
275.0, {'J01': np.float32(0.6974671)}, {'J01': 10}, {'J01': 37}, 
280.0, {'J01': np.float32(0.88821656)}, {'J01': 8}, {'J01': 31}, 
285.0, {'J01': np.float32(0.24816087)}, {'J01': 6}, {'J01': 23}, 
290.0, {'J01': np.float32(0.6832754)}, {'J01': 4}, {'J01': 23}, 
295.0, {'J01': np.float32(-1.2051897)}, {'J01': 6}, {'J01': 29}, 
300.0, {'J01': np.float32(-0.58522815)}, {'J01': 8}, {'J01': 35}, 
305.0, {'J01': np.float32(0.7526094)}, {'J01': 8}, {'J01': 40}, 
310.0, {'J01': np.float32(-3.0)}, {'J01': 8}, {'J01': 42}, 
315.0, {'J01': np.float32(3.0)}, {'J01': 9}, {'J01': 41}, 
320.0, {'J01': np.float32(-0.5899816)}, {'J01': 10}, {'J01': 41}, 
325.0, {'J01': np.float32(-2.4456398)}, {'J01': 12}, {'J01': 44}, 
330.0, {'J01': np.float32(2.1320505)}, {'J01': 12}, {'J01': 39}, 
335.0, {'J01': np.float32(-1.2438993)}, {'J01': 13}, {'J01': 41}, 
340.0, {'J01': np.float32(-3.0)}, {'J01': 14}, {'J01': 44}, 
345.0, {'J01': np.float32(1.8347632)}, {'J01': 14}, {'J01': 44}, 
350.0, {'J01': np.float32(1.3254522)}, {'J01': 12}, {'J01': 37}, 
355.0, {'J01': np.float32(-2.8785992)}, {'J01': 9}, {'J01': 33}, 
360.0, {'J01': np.float32(3.0)}, {'J01': 8}, {'J01': 29}, 
365.0, {'J01': np.float32(-1.6552538)}, {'J01': 9}, {'J01': 32}, 
370.0, {'J01': np.float32(-1.4193624)}, {'J01': 10}, {'J01': 38}, 
375.0, {'J01': np.float32(1.6225744)}, {'J01': 10}, {'J01': 40}, 
380.0, {'J01': np.float32(-0.52194977)}, {'J01': 8}, {'J01': 38}, 
385.0, {'J01': np.float32(-2.8675003)}, {'J01': 6}, {'J01': 29}, 
390.0, {'J01': np.float32(3.0)}, {'J01': 5}, {'J01': 24}, 
395.0, {'J01': np.float32(-1.5150602)}, {'J01': 5}, {'J01': 28}, 
400.0, {'J01': np.float32(-1.306481)}, {'J01': 6}, {'J01': 30}, 
405.0, {'J01': np.float32(2.1933792)}, {'J01': 8}, {'J01': 36}, 
410.0, {'J01': np.float32(0.014394265)}, {'J01': 8}, {'J01': 36}, 
415.0, {'J01': np.float32(0.2857776)}, {'J01': 10}, {'J01': 34}, 
420.0, {'J01': np.float32(-1.9717369)}, {'J01': 10}, {'J01': 37}, 
425.0, {'J01': np.float32(-3.0)}, {'J01': 10}, {'J01': 39}, 
430.0, {'J01': np.float32(-1.1524991)}, {'J01': 10}, {'J01': 44}, 
435.0, {'J01': np.float32(3.0)}, {'J01': 10}, {'J01': 43}, 
440.0, {'J01': np.float32(-3.0)}, {'J01': 10}, {'J01': 46}, 
445.0, {'J01': np.float32(1.8471277)}, {'J01': 10}, {'J01': 46}, 
450.0, {'J01': np.float32(-1.2841249)}, {'J01': 10}, {'J01': 46}, 
455.0, {'J01': np.float32(0.32691988)}, {'J01': 13}, {'J01': 48}, 
460.0, {'J01': np.float32(-0.76642406)}, {'J01': 16}, {'J01': 49}, 
465.0, {'J01': np.float32(-1.8014318)}, {'J01': 16}, {'J01': 48}, 
470.0, {'J01': np.float32(-3.0)}, {'J01': 15}, {'J01': 42}, 
475.0, {'J01': np.float32(3.0)}, {'J01': 13}, {'J01': 35}, 
480.0, {'J01': np.float32(-0.9086158)}, {'J01': 13}, {'J01': 38}, 
485.0, {'J01': np.float32(-3.0)}, {'J01': 13}, {'J01': 45}, 
490.0, {'J01': np.float32(2.656797)}, {'J01': 14}, {'J01': 49}, 
495.0, {'J01': np.float32(0.9722396)}, {'J01': 16}, {'J01': 50}, 
500.0, {'J01': np.float32(-1.31006)}, {'J01': 17}, {'J01': 50}, 
505.0, {'J01': np.float32(-1.920139)}, {'J01': 16}, {'J01': 45}, 
510.0, {'J01': np.float32(3.0)}, {'J01': 16}, {'J01': 45}, 
515.0, {'J01': np.float32(-2.8826869)}, {'J01': 16}, {'J01': 49}, 
520.0, {'J01': np.float32(1.3512746)}, {'J01': 18}, {'J01': 57}, 
525.0, {'J01': np.float32(-0.38245198)}, {'J01': 18}, {'J01': 54}, 
530.0, {'J01': np.float32(0.09836771)}, {'J01': 17}, {'J01': 44}, 
535.0, {'J01': np.float32(-1.8736985)}, {'J01': 15}, {'J01': 36}, 
540.0, {'J01': np.float32(3.0)}, {'J01': 13}, {'J01': 31}, 
545.0, {'J01': np.float32(-0.5370271)}, {'J01': 13}, {'J01': 38}, 
550.0, {'J01': np.float32(-3.0)}, {'J01': 13}, {'J01': 44}, 
555.0, {'J01': np.float32(2.6748881)}, {'J01': 13}, {'J01': 46}, 
560.0, {'J01': np.float32(-0.6171982)}, {'J01': 14}, {'J01': 49}, 
565.0, {'J01': np.float32(-3.0)}, {'J01': 14}, {'J01': 48}, 
570.0, {'J01': np.float32(3.0)}, {'J01': 14}, {'J01': 50}, 
575.0, {'J01': np.float32(-0.18610258)}, {'J01': 15}, {'J01': 51}, 
580.0, {'J01': np.float32(-3.0)}, {'J01': 15}, {'J01': 49}, 
585.0, {'J01': np.float32(3.0)}, {'J01': 14}, {'J01': 45}, 
590.0, {'J01': np.float32(-1.089794)}, {'J01': 14}, {'J01': 48}, 
595.0, {'J01': np.float32(-1.0376045)}, {'J01': 14}, {'J01': 49}, 
600.0, {'J01': np.float32(1.5831515)}, {'J01': 16}, {'J01': 54}, 
605.0, {'J01': np.float32(-1.0903815)}, {'J01': 18}, {'J01': 58}, 
610.0, {'J01': np.float32(-3.0)}, {'J01': 18}, {'J01': 61}, 
615.0, {'J01': np.float32(1.320219)}, {'J01': 18}, {'J01': 60}, 
620.0, {'J01': np.float32(3.0)}, {'J01': 18}, {'J01': 61}, 
625.0, {'J01': np.float32(-1.1840852)}, {'J01': 20}, {'J01': 62}, 
630.0, {'J01': np.float32(-0.51347566)}, {'J01': 22}, {'J01': 55}, 
635.0, {'J01': np.float32(-0.621486)}, {'J01': 20}, {'J01': 46}, 
640.0, {'J01': np.float32(3.0)}, {'J01': 19}, {'J01': 42}, 
645.0, {'J01': np.float32(1.2710212)}, {'J01': 18}, {'J01': 45}, 
650.0, {'J01': np.float32(-2.7763233)}, {'J01': 18}, {'J01': 49}, 
655.0, {'J01': np.float32(0.6291497)}, {'J01': 18}, {'J01': 54}, 
660.0, {'J01': np.float32(0.56653684)}, {'J01': 22}, {'J01': 59}, 
665.0, {'J01': np.float32(-3.0)}, {'J01': 22}, {'J01': 62}, 
670.0, {'J01': np.float32(2.3795156)}, {'J01': 22}, {'J01': 63}, 
675.0, {'J01': np.float32(-1.1070905)}, {'J01': 22}, {'J01': 64}, 
680.0, {'J01': np.float32(-3.0)}, {'J01': 24}, {'J01': 67}, 
685.0, {'J01': np.float32(3.0)}, {'J01': 24}, {'J01': 59}, 
690.0, {'J01': np.float32(-1.1913346)}, {'J01': 25}, {'J01': 67}, 
695.0, {'J01': np.float32(-3.0)}, {'J01': 27}, {'J01': 68}, 
700.0, {'J01': np.float32(0.94148374)}, {'J01': 27}, {'J01': 62}, 
705.0, {'J01': np.float32(2.6141782)}, {'J01': 25}, {'J01': 60}, 
710.0, {'J01': np.float32(-2.432305)}, {'J01': 25}, {'J01': 59}, 
715.0, {'J01': np.float32(2.589618)}, {'J01': 26}, {'J01': 56}, 
720.0, {'J01': np.float32(-2.4635706)}, {'J01': 25}, {'J01': 56}, 
725.0, {'J01': np.float32(-2.611904)}, {'J01': 25}, {'J01': 56}, 
730.0, {'J01': np.float32(3.0)}, {'J01': 25}, {'J01': 59}, 
735.0, {'J01': np.float32(-1.5917372)}, {'J01': 25}, {'J01': 58}, 
740.0, {'J01': np.float32(-2.2441907)}, {'J01': 25}, {'J01': 57}, 
745.0, {'J01': np.float32(3.0)}, {'J01': 24}, {'J01': 53}, 
750.0, {'J01': np.float32(-0.39633304)}, {'J01': 25}, {'J01': 55}, 
755.0, {'J01': np.float32(-2.288149)}, {'J01': 25}, {'J01': 64}, 
760.0, {'J01': np.float32(0.81805336)}, {'J01': 24}, {'J01': 66}, 
765.0, {'J01': np.float32(-1.1125803)}, {'J01': 25}, {'J01': 69}, 
770.0, {'J01': np.float32(-1.6809142)}, {'J01': 25}, {'J01': 70}, 
775.0, {'J01': np.float32(-2.0920315)}, {'J01': 24}, {'J01': 67}, 
780.0, {'J01': np.float32(2.2560213)}, {'J01': 24}, {'J01': 67}, 
785.0, {'J01': np.float32(-1.1254977)}, {'J01': 24}, {'J01': 71}, 
790.0, {'J01': np.float32(-2.8726735)}, {'J01': 24}, {'J01': 71}, 
795.0, {'J01': np.float32(0.89219344)}, {'J01': 25}, {'J01': 69}, 
800.0, {'J01': np.float32(-1.1152192)}, {'J01': 25}, {'J01': 69}, 
805.0, {'J01': np.float32(-2.1393628)}, {'J01': 26}, {'J01': 69}, 
810.0, {'J01': np.float32(2.262899)}, {'J01': 26}, {'J01': 63}, 
815.0, {'J01': np.float32(-0.7498742)}, {'J01': 26}, {'J01': 62}, 
820.0, {'J01': np.float32(-0.44460332)}, {'J01': 26}, {'J01': 60}, 
825.0, {'J01': np.float32(-0.52108604)}, {'J01': 28}, {'J01': 55}, 
830.0, {'J01': np.float32(-0.7586592)}, {'J01': 27}, {'J01': 51}, 
835.0, {'J01': np.float32(3.0)}, {'J01': 25}, {'J01': 48}, 
840.0, {'J01': np.float32(-2.2789936)}, {'J01': 25}, {'J01': 50}, 
845.0, {'J01': np.float32(1.2587394)}, {'J01': 25}, {'J01': 56}, 
850.0, {'J01': np.float32(-1.2272624)}, {'J01': 25}, {'J01': 59}, 
855.0, {'J01': np.float32(-3.0)}, {'J01': 26}, {'J01': 61}, 
860.0, {'J01': np.float32(1.1619582)}, {'J01': 27}, {'J01': 58}, 
865.0, {'J01': np.float32(1.5349678)}, {'J01': 27}, {'J01': 58}, 
870.0, {'J01': np.float32(-1.5522796)}, {'J01': 28}, {'J01': 60}, 
875.0, {'J01': np.float32(-1.6508411)}, {'J01': 26}, {'J01': 59}, 
880.0, {'J01': np.float32(3.0)}, {'J01': 24}, {'J01': 52}, 
885.0, {'J01': np.float32(-0.2373494)}, {'J01': 24}, {'J01': 57}, 
890.0, {'J01': np.float32(-3.0)}, {'J01': 24}, {'J01': 63}, 
895.0, {'J01': np.float32(1.3419878)}, {'J01': 24}, {'J01': 64}, 
900.0, {'J01': np.float32(1.299803)}, {'J01': 28}, {'J01': 69}, 
905.0, {'J01': np.float32(-3.0)}, {'J01': 28}, {'J01': 69}, 
910.0, {'J01': np.float32(2.1330895)}, {'J01': 28}, {'J01': 66}, 
915.0, {'J01': np.float32(-1.2692422)}, {'J01': 29}, {'J01': 69}, 
920.0, {'J01': np.float32(-0.49225727)}, {'J01': 30}, {'J01': 67}, 
925.0, {'J01': np.float32(1.6285938)}, {'J01': 26}, {'J01': 55}, 
930.0, {'J01': np.float32(3.0)}, {'J01': 26}, {'J01': 49}, 
935.0, {'J01': np.float32(0.5129199)}, {'J01': 25}, {'J01': 55}, 
940.0, {'J01': np.float32(-3.0)}, {'J01': 25}, {'J01': 56}, 
945.0, {'J01': np.float32(0.54193157)}, {'J01': 25}, {'J01': 62}, 
950.0, {'J01': np.float32(-0.29410693)}, {'J01': 26}, {'J01': 65}, 
955.0, {'J01': np.float32(-3.0)}, {'J01': 26}, {'J01': 68}, 
960.0, {'J01': np.float32(2.5825255)}, {'J01': 26}, {'J01': 69}, 
965.0, {'J01': np.float32(1.0701388)}, {'J01': 27}, {'J01': 71}, 
970.0, {'J01': np.float32(-1.076025)}, {'J01': 28}, {'J01': 70}, 
975.0, {'J01': np.float32(-3.0)}, {'J01': 28}, {'J01': 70}, 
980.0, {'J01': np.float32(2.2078722)}, {'J01': 28}, {'J01': 71}, 
985.0, {'J01': np.float32(-1.4544933)}, {'J01': 29}, {'J01': 74}, 
990.0, {'J01': np.float32(1.6930181)}, {'J01': 25}, {'J01': 65}, 
995.0, {'J01': np.float32(-1.427964)}, {'J01': 25}, {'J01': 53}, 
1000.0, {'J01': np.float32(3.0)}, {'J01': 23}, {'J01': 46}, 
1005.0, {'J01': np.float32(0.050254855)}, {'J01': 23}, {'J01': 52}, 
1010.0, {'J01': np.float32(-0.83085895)}, {'J01': 23}, {'J01': 54}, 
1015.0, {'J01': np.float32(-2.0857615)}, {'J01': 23}, {'J01': 52}, 
1020.0, {'J01': np.float32(0.9192738)}, {'J01': 26}, {'J01': 58}, 
1025.0, {'J01': np.float32(1.9390141)}, {'J01': 22}, {'J01': 53}, 
1030.0, {'J01': np.float32(-0.21072988)}, {'J01': 22}, {'J01': 52}, 
1035.0, {'J01': np.float32(-1.9221221)}, {'J01': 22}, {'J01': 54}, 
1040.0, {'J01': np.float32(-1.1496892)}, {'J01': 22}, {'J01': 54}, 
1045.0, {'J01': np.float32(-0.3361245)}, {'J01': 23}, {'J01': 49}, 
1050.0, {'J01': np.float32(-1.3078474)}, {'J01': 23}, {'J01': 44}, 
1055.0, {'J01': np.float32(3.0)}, {'J01': 20}, {'J01': 37}, 
1060.0, {'J01': np.float32(-0.9730605)}, {'J01': 21}, {'J01': 41}, 
1065.0, {'J01': np.float32(-0.8216967)}, {'J01': 21}, {'J01': 45}, 
1070.0, {'J01': np.float32(-2.1799057)}, {'J01': 21}, {'J01': 49}, 
1075.0, {'J01': np.float32(2.890056)}, {'J01': 22}, {'J01': 53}, 
1080.0, {'J01': np.float32(-0.9411536)}, {'J01': 22}, {'J01': 52}, 
1085.0, {'J01': np.float32(-3.0)}, {'J01': 23}, {'J01': 52}, 
1090.0, {'J01': np.float32(2.2768862)}, {'J01': 24}, {'J01': 49}, 
1095.0, {'J01': np.float32(2.0471792)}, {'J01': 22}, {'J01': 47}, 
1100.0, {'J01': np.float32(-1.716828)}, {'J01': 22}, {'J01': 44}, 
1105.0, {'J01': np.float32(2.7131414)}, {'J01': 20}, {'J01': 41}, 
1110.0, {'J01': np.float32(1.0708952)}, {'J01': 18}, {'J01': 41}, 
1115.0, {'J01': np.float32(-1.6591322)}, {'J01': 18}, {'J01': 51}, 
1120.0, {'J01': np.float32(-1.5257568)}, {'J01': 19}, {'J01': 47}, 
1125.0, {'J01': np.float32(3.0)}, {'J01': 19}, {'J01': 43}, 
1130.0, {'J01': np.float32(1.1334338)}, {'J01': 17}, {'J01': 39}, 
1135.0, {'J01': np.float32(-1.4016334)}, {'J01': 14}, {'J01': 35}, 
1140.0, {'J01': np.float32(3.0)}, {'J01': 12}, {'J01': 30}, 
1145.0, {'J01': np.float32(0.28794497)}, {'J01': 8}, {'J01': 25}, 
1150.0, {'J01': np.float32(-1.0146837)}, {'J01': 7}, {'J01': 27}, 
1155.0, {'J01': np.float32(2.5347981)}, {'J01': 8}, {'J01': 41}, 
1160.0, {'J01': np.float32(-0.56774217)}, {'J01': 8}, {'J01': 41}, 
1165.0, {'J01': np.float32(-1.8584124)}, {'J01': 8}, {'J01': 40}, 
1170.0, {'J01': np.float32(1.3511556)}, {'J01': 9}, {'J01': 37}, 
1175.0, {'J01': np.float32(0.19309658)}, {'J01': 7}, {'J01': 33}, 
1180.0, {'J01': np.float32(-1.2016549)}, {'J01': 7}, {'J01': 32}, 
1185.0, {'J01': np.float32(-0.43805957)}, {'J01': 8}, {'J01': 29}, 
1190.0, {'J01': np.float32(-0.5267862)}, {'J01': 7}, {'J01': 22}, 
1195.0, {'J01': np.float32(3.0)}, {'J01': 5}, {'J01': 21}, 
1200.0, {'J01': np.float32(0.15249482)}, {'J01': 5}, {'J01': 25}, 
1205.0, {'J01': np.float32(-3.0)}, {'J01': 5}, {'J01': 28}, 
1210.0, {'J01': np.float32(3.0)}, {'J01': 4}, {'J01': 21}, 
1215.0, {'J01': np.float32(0.20665772)}, {'J01': 4}, {'J01': 23}, 
1220.0, {'J01': np.float32(-3.0)}, {'J01': 6}, {'J01': 25}, 
1225.0, {'J01': np.float32(3.0)}, {'J01': 6}, {'J01': 26}, 
1230.0, {'J01': np.float32(-0.45924127)}, {'J01': 6}, {'J01': 32}, 
1235.0, {'J01': np.float32(-1.9170259)}, {'J01': 7}, {'J01': 39}, 
1240.0, {'J01': np.float32(-2.3872871)}, {'J01': 7}, {'J01': 36}, 
1245.0, {'J01': np.float32(3.0)}, {'J01': 7}, {'J01': 32}, 
1250.0, {'J01': np.float32(0.14267391)}, {'J01': 8}, {'J01': 36}, 
1255.0, {'J01': np.float32(-0.29235718)}, {'J01': 9}, {'J01': 42}, 
1260.0, {'J01': np.float32(-0.38769585)}, {'J01': 9}, {'J01': 46}, 
1265.0, {'J01': np.float32(-1.3527253)}, {'J01': 9}, {'J01': 50}, 
1270.0, {'J01': np.float32(0.10613413)}, {'J01': 9}, {'J01': 49}, 
1275.0, {'J01': np.float32(-0.40001443)}, {'J01': 9}, {'J01': 47}, 
1280.0, {'J01': np.float32(0.72981936)}, {'J01': 6}, {'J01': 36}, 
1285.0, {'J01': np.float32(-1.1443207)}, {'J01': 4}, {'J01': 29}, 
1290.0, {'J01': np.float32(3.0)}, {'J01': 4}, {'J01': 21}, 
1295.0, {'J01': np.float32(0.096985385)}, {'J01': 3}, {'J01': 26}, 
1300.0, {'J01': np.float32(-2.2033584)}, {'J01': 6}, {'J01': 34}, 
1305.0, {'J01': np.float32(-0.3620221)}, {'J01': 8}, {'J01': 38}, 
1310.0, {'J01': np.float32(1.0179944)}, {'J01': 8}, {'J01': 39}, 
1315.0, {'J01': np.float32(-3.0)}, {'J01': 8}, {'J01': 40}, 
1320.0, {'J01': np.float32(2.8057475)}, {'J01': 8}, {'J01': 38}, 
1325.0, {'J01': np.float32(-0.5269283)}, {'J01': 8}, {'J01': 37}, 
1330.0, {'J01': np.float32(-2.7872229)}, {'J01': 8}, {'J01': 40}, 
1335.0, {'J01': np.float32(2.102579)}, {'J01': 8}, {'J01': 39}, 
1340.0, {'J01': np.float32(-1.240098)}, {'J01': 8}, {'J01': 38}, 
1345.0, {'J01': np.float32(-1.3067034)}, {'J01': 7}, {'J01': 36}, 
1350.0, {'J01': np.float32(2.392724)}, {'J01': 7}, {'J01': 35}, 
1355.0, {'J01': np.float32(-3.0)}, {'J01': 7}, {'J01': 38}, 
1360.0, {'J01': np.float32(-1.7050833)}, {'J01': 7}, {'J01': 36}, 
1365.0, {'J01': np.float32(-2.6370232)}, {'J01': 8}, {'J01': 38}, 
1370.0, {'J01': np.float32(3.0)}, {'J01': 8}, {'J01': 38}, 
1375.0, {'J01': np.float32(0.56753534)}, {'J01': 8}, {'J01': 35}, 
1380.0, {'J01': np.float32(1.0186821)}, {'J01': 7}, {'J01': 32}, 
1385.0, {'J01': np.float32(0.15605338)}, {'J01': 5}, {'J01': 27}, 
1390.0, {'J01': np.float32(-0.6301981)}, {'J01': 4}, {'J01': 21}, 
1395.0, {'J01': np.float32(3.0)}, {'J01': 4}, {'J01': 21}, 
1400.0, {'J01': np.float32(-1.3637419)}, {'J01': 4}, {'J01': 25}, 
1405.0, {'J01': np.float32(-3.0)}, {'J01': 5}, {'J01': 28}, 
1410.0, {'J01': np.float32(3.0)}, {'J01': 8}, {'J01': 33}, 
1415.0, {'J01': np.float32(-0.5802495)}, {'J01': 8}, {'J01': 34}, 
1420.0, {'J01': np.float32(-3.0)}, {'J01': 8}, {'J01': 34}, 
1425.0, {'J01': np.float32(3.0)}, {'J01': 8}, {'J01': 31}, 
1430.0, {'J01': np.float32(-2.3793304)}, {'J01': 8}, {'J01': 36}, 
1435.0, {'J01': np.float32(-0.82714033)}, {'J01': 8}, {'J01': 34}, 
1440.0, {'J01': np.float32(1.8122951)}, {'J01': 8}, {'J01': 34}, 
1445.0, {'J01': np.float32(-2.1697912)}, {'J01': 8}, {'J01': 39}, 
1450.0, {'J01': np.float32(0.5903457)}, {'J01': 8}, {'J01': 36}, 
1455.0, {'J01': np.float32(0.34396735)}, {'J01': 8}, {'J01': 37}, 
1460.0, {'J01': np.float32(-2.4758768)}, {'J01': 8}, {'J01': 43}, 
1465.0, {'J01': np.float32(-3.0)}, {'J01': 8}, {'J01': 48}, 
1470.0, {'J01': np.float32(-1.336394)}, {'J01': 8}, {'J01': 44}, 
1475.0, {'J01': np.float32(3.0)}, {'J01': 8}, {'J01': 45}, 
1480.0, {'J01': np.float32(-3.0)}, {'J01': 8}, {'J01': 49}, 
1485.0, {'J01': np.float32(1.8643708)}, {'J01': 8}, {'J01': 47}, 
1490.0, {'J01': np.float32(-0.35789326)}, {'J01': 8}, {'J01': 49}, 
1495.0, {'J01': np.float32(-1.928901)}, {'J01': 8}, {'J01': 54}, 
1500.0, {'J01': np.float32(-0.3744025)}, {'J01': 7}, {'J01': 50}, 
1505.0, {'J01': np.float32(0.30222332)}, {'J01': 5}, {'J01': 36}, 
1510.0, {'J01': np.float32(-0.79848254)}, {'J01': 5}, {'J01': 24}, 
1515.0, {'J01': np.float32(3.0)}, {'J01': 4}, {'J01': 23}, 
1520.0, {'J01': np.float32(-0.5027566)}, {'J01': 4}, {'J01': 28}, 
1525.0, {'J01': np.float32(-3.0)}, {'J01': 7}, {'J01': 33}, 
1530.0, {'J01': np.float32(3.0)}, {'J01': 8}, {'J01': 30}, 
1535.0, {'J01': np.float32(-1.3414977)}, {'J01': 8}, {'J01': 32}, 
1540.0, {'J01': np.float32(-3.0)}, {'J01': 8}, {'J01': 35}, 
1545.0, {'J01': np.float32(2.7584817)}, {'J01': 8}, {'J01': 34}, 
1550.0, {'J01': np.float32(1.9516455)}, {'J01': 8}, {'J01': 34}, 
1555.0, {'J01': np.float32(-0.60243976)}, {'J01': 7}, {'J01': 29}, 
1560.0, {'J01': np.float32(1.777932)}, {'J01': 7}, {'J01': 29}, 
1565.0, {'J01': np.float32(-2.2410166)}, {'J01': 7}, {'J01': 36}, 
1570.0, {'J01': np.float32(-0.9842498)}, {'J01': 8}, {'J01': 38}, 
1575.0, {'J01': np.float32(1.4404551)}, {'J01': 8}, {'J01': 40}, 
1580.0, {'J01': np.float32(-2.2635355)}, {'J01': 8}, {'J01': 37}, 
1585.0, {'J01': np.float32(1.4058763)}, {'J01': 8}, {'J01': 35}, 
1590.0, {'J01': np.float32(0.012416281)}, {'J01': 8}, {'J01': 36}, 
1595.0, {'J01': np.float32(-2.5418437)}, {'J01': 8}, {'J01': 40}, 
1600.0, {'J01': np.float32(0.59953934)}, {'J01': 8}, {'J01': 39}, 
1605.0, {'J01': np.float32(2.0244117)}, {'J01': 7}, {'J01': 32}, 
1610.0, {'J01': np.float32(-2.2676313)}, {'J01': 6}, {'J01': 28}, 
1615.0, {'J01': np.float32(3.0)}, {'J01': 5}, {'J01': 23}, 
1620.0, {'J01': np.float32(0.6377284)}, {'J01': 5}, {'J01': 29}, 
1625.0, {'J01': np.float32(-3.0)}, {'J01': 7}, {'J01': 32}, 
1630.0, {'J01': np.float32(3.0)}, {'J01': 8}, {'J01': 37}, 
1635.0, {'J01': np.float32(-0.7222192)}, {'J01': 8}, {'J01': 38}, 
1640.0, {'J01': np.float32(-3.0)}, {'J01': 8}, {'J01': 39}, 
1645.0, {'J01': np.float32(3.0)}, {'J01': 7}, {'J01': 33}, 
1650.0, {'J01': np.float32(0.82275826)}, {'J01': 7}, {'J01': 34}, 
1655.0, {'J01': np.float32(-1.0012319)}, {'J01': 7}, {'J01': 35}, 
1660.0, {'J01': np.float32(-3.0)}, {'J01': 8}, {'J01': 44}, 
1665.0, {'J01': np.float32(3.0)}, {'J01': 8}, {'J01': 41}, 
1670.0, {'J01': np.float32(-0.5353109)}, {'J01': 8}, {'J01': 41}, 
1675.0, {'J01': np.float32(-2.6696687)}, {'J01': 8}, {'J01': 42}, 
1680.0, {'J01': np.float32(2.982679)}, {'J01': 8}, {'J01': 38}, 
1685.0, {'J01': np.float32(-1.5318537)}, {'J01': 8}, {'J01': 41}, 
1690.0, {'J01': np.float32(-3.0)}, {'J01': 8}, {'J01': 44}, 
1695.0, {'J01': np.float32(-3.0)}, {'J01': 9}, {'J01': 46}, 
1700.0, {'J01': np.float32(3.0)}, {'J01': 9}, {'J01': 42}, 
1705.0, {'J01': np.float32(3.0)}, {'J01': 9}, {'J01': 41}, 
1710.0, {'J01': np.float32(-3.0)}, {'J01': 9}, {'J01': 44}, 
1715.0, {'J01': np.float32(3.0)}, {'J01': 9}, {'J01': 45}, 
1720.0, {'J01': np.float32(-1.9052423)}, {'J01': 9}, {'J01': 47}, 
1725.0, {'J01': np.float32(-0.81298214)}, {'J01': 9}, {'J01': 45}, 
1730.0, {'J01': np.float32(2.2635198)}, {'J01': 9}, {'J01': 42}, 
1735.0, {'J01': np.float32(-1.0703973)}, {'J01': 10}, {'J01': 43}, 
1740.0, {'J01': np.float32(-0.22490388)}, {'J01': 10}, {'J01': 47}, 
1745.0, {'J01': np.float32(-0.99743444)}, {'J01': 11}, {'J01': 51}, 
1750.0, {'J01': np.float32(1.8191164)}, {'J01': 9}, {'J01': 42}, 
1755.0, {'J01': np.float32(1.2885215)}, {'J01': 5}, {'J01': 33}, 
1760.0, {'J01': np.float32(3.0)}, {'J01': 5}, {'J01': 29}, 
1765.0, {'J01': np.float32(-3.0)}, {'J01': 5}, {'J01': 31}, 
1770.0, {'J01': np.float32(-2.8442812)}, {'J01': 7}, {'J01': 35}, 
1775.0, {'J01': np.float32(2.236914)}, {'J01': 8}, {'J01': 39}, 
1780.0, {'J01': np.float32(1.6358242)}, {'J01': 8}, {'J01': 42}, 
1785.0, {'J01': np.float32(-2.9176724)}, {'J01': 8}, {'J01': 42}, 
1790.0, {'J01': np.float32(3.0)}, {'J01': 8}, {'J01': 40}, 
1795.0, {'J01': np.float32(-1.945385)}, {'J01': 8}, {'J01': 42}, 
1800.0, {'J01': np.float32(-3.0)}, {'J01': 9}, {'J01': 44}, 
1805.0, {'J01': np.float32(-0.3256138)}, {'J01': 9}, {'J01': 41}, 
1810.0, {'J01': np.float32(3.0)}, {'J01': 10}, {'J01': 42}, 
1815.0, {'J01': np.float32(-0.2387778)}, {'J01': 11}, {'J01': 39}, 
1820.0, {'J01': np.float32(-0.33288372)}, {'J01': 10}, {'J01': 36}, 
1825.0, {'J01': np.float32(3.0)}, {'J01': 7}, {'J01': 30}, 
1830.0, {'J01': np.float32(0.0378148)}, {'J01': 6}, {'J01': 33}, 
1835.0, {'J01': np.float32(-1.5816267)}, {'J01': 8}, {'J01': 40}, 
1840.0, {'J01': np.float32(1.8071184)}, {'J01': 9}, {'J01': 47}, 
1845.0, {'J01': np.float32(-1.2747835)}, {'J01': 9}, {'J01': 47}, 
1850.0, {'J01': np.float32(1.165908)}, {'J01': 8}, {'J01': 42}, 
1855.0, {'J01': np.float32(0.6562625)}, {'J01': 6}, {'J01': 31}, 
1860.0, {'J01': np.float32(-1.2192026)}, {'J01': 6}, {'J01': 28}, 
1865.0, {'J01': np.float32(2.2783818)}, {'J01': 4}, {'J01': 23}, 
1870.0, {'J01': np.float32(0.22677965)}, {'J01': 4}, {'J01': 21}, 
1875.0, {'J01': np.float32(0.3906272)}, {'J01': 3}, {'J01': 19}, 
1880.0, {'J01': np.float32(-0.018076781)}, {'J01': 4}, {'J01': 17}, 
1885.0, {'J01': np.float32(-2.5637326)}, {'J01': 5}, {'J01': 24}, 
1890.0, {'J01': np.float32(2.8172767)}, {'J01': 6}, {'J01': 26}, 
1895.0, {'J01': np.float32(-1.1221696)}, {'J01': 6}, {'J01': 31}, 
1900.0, {'J01': np.float32(-3.0)}, {'J01': 7}, {'J01': 36}, 
1905.0, {'J01': np.float32(2.128171)}, {'J01': 8}, {'J01': 38}, 
1910.0, {'J01': np.float32(2.2386754)}, {'J01': 8}, {'J01': 35}, 
1915.0, {'J01': np.float32(-3.0)}, {'J01': 7}, {'J01': 35}, 
1920.0, {'J01': np.float32(3.0)}, {'J01': 7}, {'J01': 34}, 
1925.0, {'J01': np.float32(-1.69814)}, {'J01': 7}, {'J01': 40}, 
1930.0, {'J01': np.float32(-1.2429019)}, {'J01': 8}, {'J01': 42}, 
1935.0, {'J01': np.float32(1.199348)}, {'J01': 8}, {'J01': 44}, 
1940.0, {'J01': np.float32(-1.616396)}, {'J01': 8}, {'J01': 43}, 
1945.0, {'J01': np.float32(-0.096914895)}, {'J01': 8}, {'J01': 41}, 
1950.0, {'J01': np.float32(-2.4163723)}, {'J01': 6}, {'J01': 34}, 
1955.0, {'J01': np.float32(3.0)}, {'J01': 5}, {'J01': 28}, 
1960.0, {'J01': np.float32(-2.5420413)}, {'J01': 5}, {'J01': 30}, 
1965.0, {'J01': np.float32(-3.0)}, {'J01': 7}, {'J01': 37}, 
1970.0, {'J01': np.float32(2.278086)}, {'J01': 8}, {'J01': 39}, 
1975.0, {'J01': np.float32(3.0)}, {'J01': 8}, {'J01': 40}, 
1980.0, {'J01': np.float32(-3.0)}, {'J01': 8}, {'J01': 42}, 
1985.0, {'J01': np.float32(2.2102787)}, {'J01': 8}, {'J01': 41}, 
1990.0, {'J01': np.float32(0.20875023)}, {'J01': 8}, {'J01': 42}, 
1995.0, {'J01': np.float32(-3.0)}, {'J01': 8}, {'J01': 45}, 
2000.0, {'J01': np.float32(0.8521056)}, {'J01': 8}, {'J01': 43}, 
2005.0, {'J01': np.float32(2.2420175)}, {'J01': 8}, {'J01': 43}, 
2010.0, {'J01': np.float32(-1.1803316)}, {'J01': 8}, {'J01': 43}, 
2015.0, {'J01': np.float32(-3.0)}, {'J01': 8}, {'J01': 43}, 
2020.0, {'J01': np.float32(-3.0)}, {'J01': 8}, {'J01': 43}, 
2025.0, {'J01': np.float32(1.7926913)}, {'J01': 8}, {'J01': 43}, 
2030.0, {'J01': np.float32(3.0)}, {'J01': 8}, {'J01': 43}, 
2035.0, {'J01': np.float32(-1.5873578)}, {'J01': 9}, {'J01': 45}, 
2040.0, {'J01': np.float32(1.5594779)}, {'J01': 7}, {'J01': 35}, 
2045.0, {'J01': np.float32(-0.40981525)}, {'J01': 4}, {'J01': 25}, 
2050.0, {'J01': np.float32(3.0)}, {'J01': 4}, {'J01': 23}, 
2055.0, {'J01': np.float32(0.7040354)}, {'J01': 4}, {'J01': 27}, 
2060.0, {'J01': np.float32(-1.280353)}, {'J01': 7}, {'J01': 33}, 
2065.0, {'J01': np.float32(0.6406716)}, {'J01': 8}, {'J01': 35}, 
2070.0, {'J01': np.float32(-2.3353286)}, {'J01': 8}, {'J01': 37}, 
2075.0, {'J01': np.float32(-0.6023528)}, {'J01': 8}, {'J01': 33}, 
2080.0, {'J01': np.float32(2.2548707)}, {'J01': 8}, {'J01': 31}, 
2085.0, {'J01': np.float32(-3.0)}, {'J01': 8}, {'J01': 35}, 
2090.0, {'J01': np.float32(2.9332545)}, {'J01': 8}, {'J01': 32}, 
2095.0, {'J01': np.float32(-0.42723107)}, {'J01': 8}, {'J01': 33}, 
2100.0, {'J01': np.float32(-0.39237705)}, {'J01': 7}, {'J01': 32}, 
2105.0, {'J01': np.float32(0.70240766)}, {'J01': 7}, {'J01': 27}, 
2110.0, {'J01': np.float32(-0.27500954)}, {'J01': 5}, {'J01': 22}, 
2115.0, {'J01': np.float32(3.0)}, {'J01': 4}, {'J01': 21}, 
2120.0, {'J01': np.float32(0.30244756)}, {'J01': 3}, {'J01': 23}, 
2125.0, {'J01': np.float32(0.3481816)}, {'J01': 4}, {'J01': 25}, 
2130.0, {'J01': np.float32(-0.7391965)}, {'J01': 6}, {'J01': 36}, 
2135.0, {'J01': np.float32(-1.9415114)}, {'J01': 8}, {'J01': 42}, 
2140.0, {'J01': np.float32(-2.4111142)}, {'J01': 8}, {'J01': 43}, 
2145.0, {'J01': np.float32(3.0)}, {'J01': 8}, {'J01': 43}, 
2150.0, {'J01': np.float32(-1.9338238)}, {'J01': 8}, {'J01': 46}, 
2155.0, {'J01': np.float32(-2.987959)}, {'J01': 6}, {'J01': 38}, 
2160.0, {'J01': np.float32(3.0)}, {'J01': 6}, {'J01': 34}, 
2165.0, {'J01': np.float32(-0.07081129)}, {'J01': 6}, {'J01': 36}, 
2170.0, {'J01': np.float32(-2.8040097)}, {'J01': 6}, {'J01': 48}, 
2175.0, {'J01': np.float32(-3.0)}, {'J01': 8}, {'J01': 56}, 
2180.0, {'J01': np.float32(0.20359926)}, {'J01': 8}, {'J01': 51}, 
2185.0, {'J01': np.float32(3.0)}, {'J01': 8}, {'J01': 53}, 
2190.0, {'J01': np.float32(-2.6300888)}, {'J01': 8}, {'J01': 57}, 
2195.0, {'J01': np.float32(-1.1311042)}, {'J01': 6}, {'J01': 45}, 
2200.0, {'J01': np.float32(-1.7597069)}, {'J01': 6}, {'J01': 31}, 
2205.0, {'J01': np.float32(3.0)}, {'J01': 6}, {'J01': 26}, 
2210.0, {'J01': np.float32(-1.1953659)}, {'J01': 7}, {'J01': 29}, 
2215.0, {'J01': np.float32(-3.0)}, {'J01': 7}, {'J01': 38}, 
2220.0, {'J01': np.float32(-2.4496086)}, {'J01': 8}, {'J01': 36}, 
2225.0, {'J01': np.float32(3.0)}, {'J01': 8}, {'J01': 38}, 
2230.0, {'J01': np.float32(-2.4092662)}, {'J01': 8}, {'J01': 44}, 
2235.0, {'J01': np.float32(2.13585)}, {'J01': 8}, {'J01': 40}, 
2240.0, {'J01': np.float32(-1.8857197)}, {'J01': 8}, {'J01': 41}, 
2245.0, {'J01': np.float32(-0.15034968)}, {'J01': 8}, {'J01': 41}, 
2250.0, {'J01': np.float32(-1.81013)}, {'J01': 8}, {'J01': 45}, 
2255.0, {'J01': np.float32(2.863031)}, {'J01': 8}, {'J01': 37}, 
2260.0, {'J01': np.float32(-1.517126)}, {'J01': 8}, {'J01': 41}, 
2265.0, {'J01': np.float32(0.3968334)}, {'J01': 8}, {'J01': 48}, 
2270.0, {'J01': np.float32(-1.3986783)}, {'J01': 9}, {'J01': 52}, 
2275.0, {'J01': np.float32(-2.148538)}, {'J01': 8}, {'J01': 48}, 
2280.0, {'J01': np.float32(3.0)}, {'J01': 7}, {'J01': 42}, 
2285.0, {'J01': np.float32(-1.5170072)}, {'J01': 7}, {'J01': 44}, 
2290.0, {'J01': np.float32(-2.4086041)}, {'J01': 7}, {'J01': 45}, 
2295.0, {'J01': np.float32(-1.6690567)}, {'J01': 8}, {'J01': 46}, 
2300.0, {'J01': np.float32(3.0)}, {'J01': 8}, {'J01': 47}, 
2305.0, {'J01': np.float32(-2.4204648)}, {'J01': 8}, {'J01': 49}, 
2310.0, {'J01': np.float32(1.6638035)}, {'J01': 8}, {'J01': 48}, 
2315.0, {'J01': np.float32(-0.62142277)}, {'J01': 8}, {'J01': 47}, 
2320.0, {'J01': np.float32(-2.662358)}, {'J01': 8}, {'J01': 44}, 
2325.0, {'J01': np.float32(3.0)}, {'J01': 7}, {'J01': 42}, 
2330.0, {'J01': np.float32(-0.654358)}, {'J01': 7}, {'J01': 45}, 
2335.0, {'J01': np.float32(-1.9524276)}, {'J01': 8}, {'J01': 45}, 
2340.0, {'J01': np.float32(-3.0)}, {'J01': 8}, {'J01': 50}, 
2345.0, {'J01': np.float32(3.0)}, {'J01': 9}, {'J01': 48}, 
2350.0, {'J01': np.float32(-0.80585015)}, {'J01': 9}, {'J01': 48}, 
2355.0, {'J01': np.float32(-0.46225208)}, {'J01': 9}, {'J01': 47}, 
2360.0, {'J01': np.float32(0.0009625347)}, {'J01': 9}, {'J01': 42}, 
2365.0, {'J01': np.float32(-1.6164407)}, {'J01': 9}, {'J01': 43}, 
2370.0, {'J01': np.float32(-2.8729842)}, {'J01': 10}, {'J01': 44}, 
2375.0, {'J01': np.float32(2.6017745)}, {'J01': 11}, {'J01': 41}, 
2380.0, {'J01': np.float32(-1.1847047)}, {'J01': 11}, {'J01': 42}, 
2385.0, {'J01': np.float32(0.53974646)}, {'J01': 12}, {'J01': 44}, 
2390.0, {'J01': np.float32(-1.6124414)}, {'J01': 12}, {'J01': 44}, 
2395.0, {'J01': np.float32(-0.45389268)}, {'J01': 12}, {'J01': 37}, 
2400.0, {'J01': np.float32(3.0)}, {'J01': 11}, {'J01': 35}, 
2405.0, {'J01': np.float32(-0.9576592)}, {'J01': 11}, {'J01': 40}, 
2410.0, {'J01': np.float32(-0.68587315)}, {'J01': 12}, {'J01': 43}, 
2415.0, {'J01': np.float32(-1.3016527)}, {'J01': 13}, {'J01': 44}, 
2420.0, {'J01': np.float32(0.5516491)}, {'J01': 12}, {'J01': 38}, 
2425.0, {'J01': np.float32(3.0)}, {'J01': 11}, {'J01': 39}, 
2430.0, {'J01': np.float32(0.15272488)}, {'J01': 11}, {'J01': 42}, 
2435.0, {'J01': np.float32(-0.6365493)}, {'J01': 15}, {'J01': 45}, 
2440.0, {'J01': np.float32(-0.2182321)}, {'J01': 15}, {'J01': 41}, 
2445.0, {'J01': np.float32(0.83507556)}, {'J01': 12}, {'J01': 36}, 
2450.0, {'J01': np.float32(3.0)}, {'J01': 9}, {'J01': 30}, 
2455.0, {'J01': np.float32(-1.791921)}, {'J01': 9}, {'J01': 33}, 
2460.0, {'J01': np.float32(0.76093495)}, {'J01': 9}, {'J01': 37}, 
2465.0, {'J01': np.float32(0.21686725)}, {'J01': 10}, {'J01': 45}, 
2470.0, {'J01': np.float32(-1.5846467)}, {'J01': 10}, {'J01': 41}, 
2475.0, {'J01': np.float32(-2.591595)}, {'J01': 9}, {'J01': 36}, 
2480.0, {'J01': np.float32(3.0)}, {'J01': 9}, {'J01': 35}, 
2485.0, {'J01': np.float32(-1.534432)}, {'J01': 9}, {'J01': 38}, 
2490.0, {'J01': np.float32(-0.79743874)}, {'J01': 12}, {'J01': 47}, 
2495.0, {'J01': np.float32(-2.1117651)}, {'J01': 12}, {'J01': 47}, 
2500.0, {'J01': np.float32(2.6016812)}, {'J01': 12}, {'J01': 47}, 
2505.0, {'J01': np.float32(-0.56938213)}, {'J01': 13}, {'J01': 47}, 
2510.0, {'J01': np.float32(-1.0880318)}, {'J01': 14}, {'J01': 46}, 
2515.0, {'J01': np.float32(-2.4163516)}, {'J01': 14}, {'J01': 47}, 
2520.0, {'J01': np.float32(1.6378944)}, {'J01': 16}, {'J01': 47}, 
2525.0, {'J01': np.float32(0.14963071)}, {'J01': 16}, {'J01': 47}, 
2530.0, {'J01': np.float32(-1.0991569)}, {'J01': 17}, {'J01': 51}, 
2535.0, {'J01': np.float32(-2.4218426)}, {'J01': 19}, {'J01': 57}, 
2540.0, {'J01': np.float32(-3.0)}, {'J01': 19}, {'J01': 57}, 
2545.0, {'J01': np.float32(3.0)}, {'J01': 19}, {'J01': 56}, 
2550.0, {'J01': np.float32(-0.82953006)}, {'J01': 19}, {'J01': 53}, 
2555.0, {'J01': np.float32(-2.6740084)}, {'J01': 19}, {'J01': 51}, 
2560.0, {'J01': np.float32(-3.0)}, {'J01': 19}, {'J01': 52}, 
2565.0, {'J01': np.float32(3.0)}, {'J01': 20}, {'J01': 54}, 
2570.0, {'J01': np.float32(-0.49008694)}, {'J01': 20}, {'J01': 50}, 
2575.0, {'J01': np.float32(-0.83910894)}, {'J01': 22}, {'J01': 55}, 
2580.0, {'J01': np.float32(2.6775646)}, {'J01': 20}, {'J01': 50}, 
2585.0, {'J01': np.float32(3.0)}, {'J01': 16}, {'J01': 36}, 
2590.0, {'J01': np.float32(0.83840936)}, {'J01': 14}, {'J01': 27}, 
2595.0, {'J01': np.float32(2.3799539)}, {'J01': 14}, {'J01': 28}, 
2600.0, {'J01': np.float32(0.17273423)}, {'J01': 14}, {'J01': 33}, 
2605.0, {'J01': np.float32(-0.49941546)}, {'J01': 14}, {'J01': 42}, 
2610.0, {'J01': np.float32(-1.631812)}, {'J01': 14}, {'J01': 44}, 
2615.0, {'J01': np.float32(-1.6968049)}, {'J01': 16}, {'J01': 48}, 
2620.0, {'J01': np.float32(1.081581)}, {'J01': 16}, {'J01': 46}, 
2625.0, {'J01': np.float32(-0.25344616)}, {'J01': 17}, {'J01': 48}, 
2630.0, {'J01': np.float32(-1.9541038)}, {'J01': 18}, {'J01': 45}, 
2635.0, {'J01': np.float32(-2.4894671)}, {'J01': 17}, {'J01': 39}, 
2640.0, {'J01': np.float32(3.0)}, {'J01': 13}, {'J01': 33}, 
2645.0, {'J01': np.float32(-1.5028511)}, {'J01': 11}, {'J01': 36}, 
2650.0, {'J01': np.float32(-3.0)}, {'J01': 11}, {'J01': 46}, 
2655.0, {'J01': np.float32(3.0)}, {'J01': 11}, {'J01': 43}, 
2660.0, {'J01': np.float32(-0.5538927)}, {'J01': 11}, {'J01': 41}, 
2665.0, {'J01': np.float32(-1.4628538)}, {'J01': 12}, {'J01': 46}, 
2670.0, {'J01': np.float32(-1.9757493)}, {'J01': 12}, {'J01': 46}, 
2675.0, {'J01': np.float32(1.0812721)}, {'J01': 12}, {'J01': 41}, 
2680.0, {'J01': np.float32(-1.0977523)}, {'J01': 13}, {'J01': 45}, 
2685.0, {'J01': np.float32(-3.0)}, {'J01': 13}, {'J01': 50}, 
2690.0, {'J01': np.float32(-3.0)}, {'J01': 13}, {'J01': 46}, 
2695.0, {'J01': np.float32(3.0)}, {'J01': 13}, {'J01': 47}, 
2700.0, {'J01': np.float32(-1.7726046)}, {'J01': 13}, {'J01': 52}, 
2705.0, {'J01': np.float32(-0.82179195)}, {'J01': 14}, {'J01': 49}, 
2710.0, {'J01': np.float32(-1.2490338)}, {'J01': 11}, {'J01': 38}, 
2715.0, {'J01': np.float32(3.0)}, {'J01': 6}, {'J01': 32}, 
2720.0, {'J01': np.float32(-3.0)}, {'J01': 6}, {'J01': 34}, 
2725.0, {'J01': np.float32(-1.573211)}, {'J01': 7}, {'J01': 38}, 
2730.0, {'J01': np.float32(3.0)}, {'J01': 9}, {'J01': 42}, 
2735.0, {'J01': np.float32(-3.0)}, {'J01': 9}, {'J01': 40}, 
2740.0, {'J01': np.float32(3.0)}, {'J01': 9}, {'J01': 39}, 
2745.0, {'J01': np.float32(-1.1114135)}, {'J01': 9}, {'J01': 42}, 
2750.0, {'J01': np.float32(-3.0)}, {'J01': 9}, {'J01': 43}, 
2755.0, {'J01': np.float32(2.8156033)}, {'J01': 9}, {'J01': 41}, 
2760.0, {'J01': np.float32(1.0697461)}, {'J01': 10}, {'J01': 45}, 
2765.0, {'J01': np.float32(-2.171666)}, {'J01': 11}, {'J01': 47}, 
2770.0, {'J01': np.float32(1.8524258)}, {'J01': 12}, {'J01': 44}, 
2775.0, {'J01': np.float32(-1.5227628)}, {'J01': 13}, {'J01': 48}, 
2780.0, {'J01': np.float32(-3.0)}, {'J01': 13}, {'J01': 50}, 
2785.0, {'J01': np.float32(3.0)}, {'J01': 13}, {'J01': 47}, 
2790.0, {'J01': np.float32(-0.055290658)}, {'J01': 14}, {'J01': 47}, 
2795.0, {'J01': np.float32(-0.8558182)}, {'J01': 14}, {'J01': 49}, 
2800.0, {'J01': np.float32(-2.8469014)}, {'J01': 15}, {'J01': 52}, 
2805.0, {'J01': np.float32(3.0)}, {'J01': 15}, {'J01': 51}, 
2810.0, {'J01': np.float32(-2.2460124)}, {'J01': 16}, {'J01': 53}, 
2815.0, {'J01': np.float32(-3.0)}, {'J01': 16}, {'J01': 53}, 
2820.0, {'J01': np.float32(1.7662194)}, {'J01': 17}, {'J01': 50}, 
2825.0, {'J01': np.float32(2.020746)}, {'J01': 17}, {'J01': 49}, 
2830.0, {'J01': np.float32(-3.0)}, {'J01': 17}, {'J01': 53}, 
2835.0, {'J01': np.float32(0.6711554)}, {'J01': 17}, {'J01': 51}, 
2840.0, {'J01': np.float32(-0.13755967)}, {'J01': 17}, {'J01': 50}, 
2845.0, {'J01': np.float32(-1.7380124)}, {'J01': 17}, {'J01': 48}, 
2850.0, {'J01': np.float32(3.0)}, {'J01': 17}, {'J01': 46}, 
2855.0, {'J01': np.float32(-2.007852)}, {'J01': 17}, {'J01': 49}, 
2860.0, {'J01': np.float32(-3.0)}, {'J01': 18}, {'J01': 55}, 
2865.0, {'J01': np.float32(-0.9389132)}, {'J01': 18}, {'J01': 56}, 
2870.0, {'J01': np.float32(-3.0)}, {'J01': 19}, {'J01': 55}, 
2875.0, {'J01': np.float32(3.0)}, {'J01': 19}, {'J01': 53}, 
2880.0, {'J01': np.float32(-1.6094354)}, {'J01': 18}, {'J01': 54}, 
2885.0, {'J01': np.float32(0.81293374)}, {'J01': 19}, {'J01': 52}, 
2890.0, {'J01': np.float32(-1.2473097)}, {'J01': 19}, {'J01': 54}, 
2895.0, {'J01': np.float32(-3.0)}, {'J01': 20}, {'J01': 60}, 
2900.0, {'J01': np.float32(3.0)}, {'J01': 21}, {'J01': 59}, 
2905.0, {'J01': np.float32(-0.23649788)}, {'J01': 23}, {'J01': 65}, 
2910.0, {'J01': np.float32(-3.0)}, {'J01': 23}, {'J01': 65}, 
2915.0, {'J01': np.float32(3.0)}, {'J01': 25}, {'J01': 64}, 
2920.0, {'J01': np.float32(-1.1208436)}, {'J01': 25}, {'J01': 68}, 
2925.0, {'J01': np.float32(-3.0)}, {'J01': 25}, {'J01': 73}, 
2930.0, {'J01': np.float32(0.045379184)}, {'J01': 25}, {'J01': 69}, 
2935.0, {'J01': np.float32(1.3058208)}, {'J01': 24}, {'J01': 60}, 
2940.0, {'J01': np.float32(3.0)}, {'J01': 22}, {'J01': 54}, 
2945.0, {'J01': np.float32(3.0)}, {'J01': 19}, {'J01': 51}, 
2950.0, {'J01': np.float32(-0.013546161)}, {'J01': 18}, {'J01': 58}, 
2955.0, {'J01': np.float32(-1.4255784)}, {'J01': 19}, {'J01': 65}, 
2960.0, {'J01': np.float32(-1.807636)}, {'J01': 19}, {'J01': 66}, 
2965.0, {'J01': np.float32(-3.0)}, {'J01': 20}, {'J01': 69}, 
2970.0, {'J01': np.float32(2.680758)}, {'J01': 23}, {'J01': 72}, 
2975.0, {'J01': np.float32(-1.1992558)}, {'J01': 25}, {'J01': 77}, 
2980.0, {'J01': np.float32(-1.20937)}, {'J01': 25}, {'J01': 73}, 
2985.0, {'J01': np.float32(0.0027240517)}, {'J01': 25}, {'J01': 65}, 
2990.0, {'J01': np.float32(0.080856524)}, {'J01': 21}, {'J01': 56}, 
2995.0, {'J01': np.float32(2.9182203)}, {'J01': 23}, {'J01': 56}, 
3000.0, {'J01': np.float32(2.3892052)}, {'J01': 23}, {'J01': 57}, 
3005.0, {'J01': np.float32(-0.6280324)}, {'J01': 23}, {'J01': 64}, 
3010.0, {'J01': np.float32(1.505913)}, {'J01': 24}, {'J01': 63}, 
3015.0, {'J01': np.float32(-0.18604079)}, {'J01': 25}, {'J01': 60}, 
3020.0, {'J01': np.float32(-0.4919791)}, {'J01': 26}, {'J01': 61}, 
3025.0, {'J01': np.float32(-1.4326179)}, {'J01': 26}, {'J01': 61}, 
3030.0, {'J01': np.float32(-1.1201212)}, {'J01': 26}, {'J01': 63}, 
3035.0, {'J01': np.float32(-0.47434744)}, {'J01': 27}, {'J01': 62}, 
3040.0, {'J01': np.float32(1.3772308)}, {'J01': 25}, {'J01': 58}, 
3045.0, {'J01': np.float32(-1.4622778)}, {'J01': 24}, {'J01': 54}, 
3050.0, {'J01': np.float32(3.0)}, {'J01': 22}, {'J01': 48}, 
3055.0, {'J01': np.float32(-0.29343644)}, {'J01': 21}, {'J01': 51}, 
3060.0, {'J01': np.float32(-1.979222)}, {'J01': 21}, {'J01': 52}, 
3065.0, {'J01': np.float32(1.0969491)}, {'J01': 21}, {'J01': 56}, 
3070.0, {'J01': np.float32(0.08738233)}, {'J01': 23}, {'J01': 60}, 
3075.0, {'J01': np.float32(-3.0)}, {'J01': 24}, {'J01': 64}, 
3080.0, {'J01': np.float32(0.48296633)}, {'J01': 24}, {'J01': 60}, 
3085.0, {'J01': np.float32(0.69115525)}, {'J01': 26}, {'J01': 62}, 
3090.0, {'J01': np.float32(-3.0)}, {'J01': 26}, {'J01': 63}, 
3095.0, {'J01': np.float32(-2.3713026)}, {'J01': 26}, {'J01': 60}, 
3100.0, {'J01': np.float32(3.0)}, {'J01': 26}, {'J01': 56}, 
3105.0, {'J01': np.float32(-0.7603418)}, {'J01': 27}, {'J01': 56}, 
3110.0, {'J01': np.float32(-3.0)}, {'J01': 27}, {'J01': 60}, 
3115.0, {'J01': np.float32(0.69271785)}, {'J01': 27}, {'J01': 58}, 
3120.0, {'J01': np.float32(1.4045262)}, {'J01': 28}, {'J01': 60}, 
3125.0, {'J01': np.float32(-3.0)}, {'J01': 28}, {'J01': 63}, 
3130.0, {'J01': np.float32(3.0)}, {'J01': 25}, {'J01': 54}, 
3135.0, {'J01': np.float32(-0.42384347)}, {'J01': 25}, {'J01': 57}, 
3140.0, {'J01': np.float32(-3.0)}, {'J01': 25}, {'J01': 61}, 
3145.0, {'J01': np.float32(-3.0)}, {'J01': 25}, {'J01': 67}, 
3150.0, {'J01': np.float32(3.0)}, {'J01': 25}, {'J01': 63}, 
3155.0, {'J01': np.float32(1.8274491)}, {'J01': 28}, {'J01': 69}, 
3160.0, {'J01': np.float32(0.6907754)}, {'J01': 30}, {'J01': 71}, 
3165.0, {'J01': np.float32(0.9262591)}, {'J01': 31}, {'J01': 63}, 
3170.0, {'J01': np.float32(-1.9867744)}, {'J01': 32}, {'J01': 57}, 
3175.0, {'J01': np.float32(-0.7528281)}, {'J01': 30}, {'J01': 52}, 
3180.0, {'J01': np.float32(3.0)}, {'J01': 28}, {'J01': 52}, 
3185.0, {'J01': np.float32(-0.6910703)}, {'J01': 28}, {'J01': 60}, 
3190.0, {'J01': np.float32(-3.0)}, {'J01': 28}, {'J01': 67}, 
3195.0, {'J01': np.float32(0.3912692)}, {'J01': 28}, {'J01': 66}, 
3200.0, {'J01': np.float32(0.6238539)}, {'J01': 31}, {'J01': 72}, 
3205.0, {'J01': np.float32(-3.0)}, {'J01': 31}, {'J01': 74}, 
3210.0, {'J01': np.float32(1.170795)}, {'J01': 30}, {'J01': 69}, 
3215.0, {'J01': np.float32(1.5830247)}, {'J01': 30}, {'J01': 66}, 
3220.0, {'J01': np.float32(-3.0)}, {'J01': 31}, {'J01': 68}, 
3225.0, {'J01': np.float32(1.4199455)}, {'J01': 31}, {'J01': 67}, 
3230.0, {'J01': np.float32(-0.65355784)}, {'J01': 31}, {'J01': 68}, 
3235.0, {'J01': np.float32(-1.0653145)}, {'J01': 31}, {'J01': 66}, 
3240.0, {'J01': np.float32(-1.2882653)}, {'J01': 31}, {'J01': 60}, 
3245.0, {'J01': np.float32(2.8812358)}, {'J01': 34}, {'J01': 61}, 
3250.0, {'J01': np.float32(-1.8846233)}, {'J01': 36}, {'J01': 61}, 
3255.0, {'J01': np.float32(-2.866422)}, {'J01': 36}, {'J01': 61}, 
3260.0, {'J01': np.float32(3.0)}, {'J01': 36}, {'J01': 66}, 
3265.0, {'J01': np.float32(-1.0855289)}, {'J01': 36}, {'J01': 71}, 
3270.0, {'J01': np.float32(1.2008016)}, {'J01': 34}, {'J01': 67}, 
3275.0, {'J01': np.float32(1.7694284)}, {'J01': 31}, {'J01': 56}, 
3280.0, {'J01': np.float32(0.13235125)}, {'J01': 29}, {'J01': 50}, 
3285.0, {'J01': np.float32(3.0)}, {'J01': 27}, {'J01': 46}, 
3290.0, {'J01': np.float32(-1.3173417)}, {'J01': 27}, {'J01': 52}, 
3295.0, {'J01': np.float32(-1.6004912)}, {'J01': 27}, {'J01': 56}, 
3300.0, {'J01': np.float32(0.9111961)}, {'J01': 27}, {'J01': 60}, 
3305.0, {'J01': np.float32(-2.4964845)}, {'J01': 29}, {'J01': 62}, 
3310.0, {'J01': np.float32(1.9948657)}, {'J01': 29}, {'J01': 62}, 
3315.0, {'J01': np.float32(-1.1454183)}, {'J01': 29}, {'J01': 62}, 
3320.0, {'J01': np.float32(-3.0)}, {'J01': 32}, {'J01': 66}, 
3325.0, {'J01': np.float32(1.6849718)}, {'J01': 33}, {'J01': 66}, 
3330.0, {'J01': np.float32(-3.0)}, {'J01': 33}, {'J01': 65}, 
3335.0, {'J01': np.float32(0.69703627)}, {'J01': 34}, {'J01': 68}, 
3340.0, {'J01': np.float32(1.3049946)}, {'J01': 36}, {'J01': 70}, 
3345.0, {'J01': np.float32(-2.363993)}, {'J01': 34}, {'J01': 64}, 
3350.0, {'J01': np.float32(3.0)}, {'J01': 34}, {'J01': 60}, 
3355.0, {'J01': np.float32(-0.25528917)}, {'J01': 34}, {'J01': 60}, 
3360.0, {'J01': np.float32(-1.4008958)}, {'J01': 34}, {'J01': 64}, 
3365.0, {'J01': np.float32(-1.9318031)}, {'J01': 34}, {'J01': 67}, 
3370.0, {'J01': np.float32(-1.6017)}, {'J01': 34}, {'J01': 65}, 
3375.0, {'J01': np.float32(-1.7975103)}, {'J01': 35}, {'J01': 64}, 
3380.0, {'J01': np.float32(-1.911136)}, {'J01': 35}, {'J01': 65}, 
3385.0, {'J01': np.float32(0.72182006)}, {'J01': 34}, {'J01': 59}, 
3390.0, {'J01': np.float32(1.468966)}, {'J01': 32}, {'J01': 56}, 
3395.0, {'J01': np.float32(0.17504948)}, {'J01': 31}, {'J01': 51}, 
3400.0, {'J01': np.float32(-0.58855975)}, {'J01': 31}, {'J01': 51}, 
3405.0, {'J01': np.float32(3.0)}, {'J01': 30}, {'J01': 52}, 
3410.0, {'J01': np.float32(-0.7605699)}, {'J01': 30}, {'J01': 58}, 
3415.0, {'J01': np.float32(-0.9535484)}, {'J01': 30}, {'J01': 65}, 
3420.0, {'J01': np.float32(-0.37069538)}, {'J01': 30}, {'J01': 63}, 
3425.0, {'J01': np.float32(1.9187931)}, {'J01': 29}, {'J01': 56}, 
3430.0, {'J01': np.float32(-0.50102043)}, {'J01': 31}, {'J01': 53}, 
3435.0, {'J01': np.float32(-0.49239036)}, {'J01': 31}, {'J01': 49}, 
3440.0, {'J01': np.float32(-1.1634468)}, {'J01': 31}, {'J01': 49}, 
3445.0, {'J01': np.float32(0.72535336)}, {'J01': 29}, {'J01': 51}, 
3450.0, {'J01': np.float32(-0.3588109)}, {'J01': 28}, {'J01': 47}, 
3455.0, {'J01': np.float32(-0.11885587)}, {'J01': 26}, {'J01': 49}, 
3460.0, {'J01': np.float32(1.6391394)}, {'J01': 26}, {'J01': 58}, 
3465.0, {'J01': np.float32(1.261933)}, {'J01': 26}, {'J01': 55}, 
3470.0, {'J01': np.float32(1.0745419)}, {'J01': 26}, {'J01': 54}, 
3475.0, {'J01': np.float32(-1.6898842)}, {'J01': 25}, {'J01': 56}, 
3480.0, {'J01': np.float32(-2.4421296)}, {'J01': 25}, {'J01': 53}, 
3485.0, {'J01': np.float32(3.0)}, {'J01': 25}, {'J01': 53}, 
3490.0, {'J01': np.float32(-1.1456656)}, {'J01': 25}, {'J01': 53}, 
3495.0, {'J01': np.float32(-3.0)}, {'J01': 25}, {'J01': 57}, 
3500.0, {'J01': np.float32(-3.0)}, {'J01': 27}, {'J01': 62}, 
3505.0, {'J01': np.float32(3.0)}, {'J01': 27}, {'J01': 60}, 
3510.0, {'J01': np.float32(-2.1286652)}, {'J01': 27}, {'J01': 58}, 
3515.0, {'J01': np.float32(-1.5773727)}, {'J01': 30}, {'J01': 62}, 
3520.0, {'J01': np.float32(2.4399593)}, {'J01': 31}, {'J01': 67}, 
3525.0, {'J01': np.float32(-0.18644005)}, {'J01': 31}, {'J01': 65}, 
3530.0, {'J01': np.float32(-0.5191535)}, {'J01': 31}, {'J01': 62}, 
3535.0, {'J01': np.float32(3.0)}, {'J01': 28}, {'J01': 55}, 
3540.0, {'J01': np.float32(3.0)}, {'J01': 23}, {'J01': 44}, 
3545.0, {'J01': np.float32(1.9639367)}, {'J01': 22}, {'J01': 43}, 
3550.0, {'J01': np.float32(-1.3412073)}, {'J01': 22}, {'J01': 44}, 
3555.0, {'J01': np.float32(-2.6946115)}, {'J01': 22}, {'J01': 51}, 
3560.0, {'J01': np.float32(0.24301952)}, {'J01': 23}, {'J01': 53}, 
3565.0, {'J01': np.float32(0.51010823)}, {'J01': 21}, {'J01': 46}, 
3570.0, {'J01': np.float32(1.8787552)}, {'J01': 18}, {'J01': 41}, 
3575.0, {'J01': np.float32(3.0)}, {'J01': 17}, {'J01': 43}, 
3580.0, {'J01': np.float32(-0.71940094)}, {'J01': 17}, {'J01': 48}, 
3585.0, {'J01': np.float32(-3.0)}, {'J01': 19}, {'J01': 54}, 
3590.0, {'J01': np.float32(3.0)}, {'J01': 22}, {'J01': 56}, 
3595.0, {'J01': np.float32(-1.0227557)}, {'J01': 22}, {'J01': 55}, 
3600.0, {'J01': np.float32(-3.0)}, {'J01': 22}, {'J01': 56}, 
3605.0, {'J01': np.float32(3.0)}, {'J01': 22}, {'J01': 52}, 
3610.0, {'J01': np.float32(-2.4455159)}, {'J01': 22}, {'J01': 52}, 
3615.0, {'J01': np.float32(-3.0)}, {'J01': 24}, {'J01': 57}, 
3620.0, {'J01': np.float32(-3.0)}, {'J01': 25}, {'J01': 56}, 
3625.0, {'J01': np.float32(-0.6790001)}, {'J01': 25}, {'J01': 52}, 
3630.0, {'J01': np.float32(3.0)}, {'J01': 25}, {'J01': 54}, 
3635.0, {'J01': np.float32(-1.1261101)}, {'J01': 25}, {'J01': 56}, 
3640.0, {'J01': np.float32(-3.0)}, {'J01': 25}, {'J01': 56}, 
3645.0, {'J01': np.float32(1.8786758)}, {'J01': 25}, {'J01': 52}, 
3650.0, {'J01': np.float32(1.6715171)}, {'J01': 25}, {'J01': 51}, 
3655.0, {'J01': np.float32(-2.3700454)}, {'J01': 25}, {'J01': 50}, 
3660.0, {'J01': np.float32(1.7270074)}, {'J01': 25}, {'J01': 48}, 
3665.0, {'J01': np.float32(0.26297596)}, {'J01': 25}, {'J01': 50}, 
3670.0, {'J01': np.float32(-3.0)}, {'J01': 25}, {'J01': 54}, 
3675.0, {'J01': np.float32(3.0)}, {'J01': 23}, {'J01': 48}, 
3680.0, {'J01': np.float32(-0.78947085)}, {'J01': 23}, {'J01': 48}, 
3685.0, {'J01': np.float32(0.8891197)}, {'J01': 21}, {'J01': 45}, 
3690.0, {'J01': np.float32(3.0)}, {'J01': 18}, {'J01': 32}, 
3695.0, {'J01': np.float32(1.1144882)}, {'J01': 16}, {'J01': 29}, 
3700.0, {'J01': np.float32(3.0)}, {'J01': 13}, {'J01': 31}, 
3705.0, {'J01': np.float32(1.2293134)}, {'J01': 12}, {'J01': 37}, 
3710.0, {'J01': np.float32(-0.15707827)}, {'J01': 11}, {'J01': 39}, 
3715.0, {'J01': np.float32(-0.6956762)}, {'J01': 11}, {'J01': 44}, 
3720.0, {'J01': np.float32(-0.021100277)}, {'J01': 9}, {'J01': 39}, 
3725.0, {'J01': np.float32(-0.33644524)}, {'J01': 8}, {'J01': 30}, 
3730.0, {'J01': np.float32(2.7503457)}, {'J01': 6}, {'J01': 27}, 
3735.0, {'J01': np.float32(0.1080445)}, {'J01': 5}, {'J01': 29}, 
3740.0, {'J01': np.float32(0.6767064)}, {'J01': 3}, {'J01': 22}, 
3745.0, {'J01': np.float32(0.8813919)}, {'J01': 4}, {'J01': 14}, 
3750.0, {'J01': np.float32(0.95506215)}, {'J01': 3}, {'J01': 14}, 
3755.0, {'J01': np.float32(-0.03422757)}, {'J01': 3}, {'J01': 14}, 
3760.0, {'J01': np.float32(-0.2025902)}, {'J01': 4}, {'J01': 14}, 
3765.0, {'J01': np.float32(-0.1785384)}, {'J01': 4}, {'J01': 12}, 
3770.0, {'J01': np.float32(0.19796485)}, {'J01': 3}, {'J01': 14}, 
3775.0, {'J01': np.float32(-0.07585569)}, {'J01': 3}, {'J01': 14}, 
3780.0, {'J01': np.float32(-0.1785384)}, {'J01': 3}, {'J01': 12}, 
3785.0, {'J01': np.float32(-0.19056429)}, {'J01': 4}, {'J01': 12}, 
3790.0, {'J01': np.float32(-0.002775208)}, {'J01': 3}, {'J01': 14}, 
3795.0, {'J01': np.float32(-0.10915819)}, {'J01': 4}, {'J01': 18}, 
3800.0, {'J01': np.float32(-0.23774283)}, {'J01': 4}, {'J01': 17}, 
3805.0, {'J01': np.float32(-0.16743755)}, {'J01': 4}, {'J01': 14}, 
3810.0, {'J01': np.float32(-0.15911193)}, {'J01': 4}, {'J01': 17}, 
3815.0, {'J01': np.float32(-0.12210916)}, {'J01': 4}, {'J01': 17}, 
3820.0, {'J01': np.float32(-0.22756706)}, {'J01': 4}, {'J01': 14}, 
3825.0, {'J01': np.float32(-0.23034227)}, {'J01': 4}, {'J01': 14}, 
3830.0, {'J01': np.float32(0.92599446)}, {'J01': 4}, {'J01': 16}, 
3835.0, {'J01': np.float32(0.719704)}, {'J01': 4}, {'J01': 10}, 
3840.0, {'J01': np.float32(-0.054579094)}, {'J01': 3}, {'J01': 15}, 
3845.0, {'J01': np.float32(0.024976874)}, {'J01': 4}, {'J01': 22}, 
3850.0, {'J01': np.float32(-0.26641998)}, {'J01': 4}, {'J01': 21}, 
3855.0, {'J01': np.float32(-0.067530066)}, {'J01': 4}, {'J01': 14}, 
3860.0, {'J01': np.float32(-0.25901943)}, {'J01': 4}, {'J01': 14}, 
3865.0, {'J01': np.float32(0.49768734)}, {'J01': 3}, {'J01': 12}, 
3870.0, {'J01': np.float32(-0.16096207)}, {'J01': 3}, {'J01': 11}, 
3875.0, {'J01': np.float32(-0.17761332)}, {'J01': 3}, {'J01': 11}, 
3880.0, {'J01': np.float32(0.20166512)}, {'J01': 3}, {'J01': 13}, 
3885.0, {'J01': np.float32(0.010175764)}, {'J01': 3}, {'J01': 11}, 
3890.0, {'J01': np.float32(-0.16743755)}, {'J01': 4}, {'J01': 14}, 
3895.0, {'J01': np.float32(1.0980574)}, {'J01': 4}, {'J01': 16}, 
3900.0, {'J01': np.float32(0.7798335)}, {'J01': 4}, {'J01': 18}, 
3905.0, {'J01': np.float32(-0.32469934)}, {'J01': 7}, {'J01': 28}, 
3910.0, {'J01': np.float32(-0.26086956)}, {'J01': 7}, {'J01': 28}, 
3915.0, {'J01': np.float32(-0.027752081)}, {'J01': 4}, {'J01': 19}, 
3920.0, {'J01': np.float32(0.071230344)}, {'J01': 3}, {'J01': 17}, 
3925.0, {'J01': np.float32(0.018501388)}, {'J01': 3}, {'J01': 14}, 
3930.0, {'J01': np.float32(0.037002776)}, {'J01': 3}, {'J01': 11}, 
3935.0, {'J01': np.float32(0.22109158)}, {'J01': 3}, {'J01': 12}, 
3940.0, {'J01': np.float32(0.09250694)}, {'J01': 3}, {'J01': 12}, 
3945.0, {'J01': np.float32(-0.15726179)}, {'J01': 3}, {'J01': 11}, 
3950.0, {'J01': np.float32(-0.06012951)}, {'J01': 3}, {'J01': 11}, 
3955.0, {'J01': np.float32(-0.12210916)}, {'J01': 3}, {'J01': 16}, 
3960.0, {'J01': np.float32(-0.3506013)}, {'J01': 7}, {'J01': 26}, 
3965.0, {'J01': np.float32(-0.24884367)}, {'J01': 7}, {'J01': 27}, 
3970.0, {'J01': np.float32(-0.007400555)}, {'J01': 4}, {'J01': 19}, 
3975.0, {'J01': np.float32(-0.1785384)}, {'J01': 4}, {'J01': 18}, 
3980.0, {'J01': np.float32(-0.2867715)}, {'J01': 4}, {'J01': 21}, 
3985.0, {'J01': np.float32(-0.008325624)}, {'J01': 3}, {'J01': 18}, 
3990.0, {'J01': np.float32(0.19056429)}, {'J01': 4}, {'J01': 12}, 
3995.0, {'J01': np.float32(0.0009250694)}, {'J01': 3}, {'J01': 14}, 
4000.0, {'J01': np.float32(0.5411656)}, {'J01': 3}, {'J01': 18}, 
4005.0, {'J01': np.float32(0.6864015)}, {'J01': 6}, {'J01': 23}, 
4010.0, {'J01': np.float32(-0.46716005)}, {'J01': 8}, {'J01': 29}, 
4015.0, {'J01': np.float32(-0.47826087)}, {'J01': 8}, {'J01': 29}, 
4020.0, {'J01': np.float32(-0.16558743)}, {'J01': 7}, {'J01': 27}, 
4025.0, {'J01': np.float32(0.4717854)}, {'J01': 4}, {'J01': 17}, 
4030.0, {'J01': np.float32(-0.0693802)}, {'J01': 4}, {'J01': 16}, 
4035.0, {'J01': np.float32(0.019426458)}, {'J01': 4}, {'J01': 11}, 
4040.0, {'J01': np.float32(0.0138760405)}, {'J01': 4}, {'J01': 12}, 
4045.0, {'J01': np.float32(0.04625347)}, {'J01': 4}, {'J01': 10}, 
4050.0, {'J01': np.float32(-0.035152636)}, {'J01': 4}, {'J01': 11}, 
4055.0, {'J01': np.float32(-0.10453284)}, {'J01': 4}, {'J01': 15}, 
4060.0, {'J01': np.float32(-0.14616096)}, {'J01': 5}, {'J01': 14}, 
4065.0, {'J01': np.float32(-0.099907495)}, {'J01': 4}, {'J01': 12}, 
4070.0, {'J01': np.float32(-0.16466235)}, {'J01': 4}, {'J01': 11}, 
4075.0, {'J01': np.float32(-0.08788159)}, {'J01': 4}, {'J01': 10}, 
4080.0, {'J01': np.float32(-0.02867715)}, {'J01': 4}, {'J01': 7}, 
4085.0, {'J01': np.float32(-0.06382979)}, {'J01': 4}, {'J01': 9}, 
4090.0, {'J01': np.float32(-0.10545791)}, {'J01': 4}, {'J01': 7}, 
4095.0, {'J01': np.float32(-0.116558746)}, {'J01': 4}, {'J01': 9}, 
4100.0, {'J01': np.float32(-0.10545791)}, {'J01': 4}, {'J01': 9}, 
4105.0, {'J01': np.float32(-0.14986125)}, {'J01': 4}, {'J01': 10}, 
4110.0, {'J01': np.float32(-0.07400555)}, {'J01': 4}, {'J01': 9}, 
4115.0, {'J01': np.float32(-0.13691027)}, {'J01': 4}, {'J01': 9}, 
4120.0, {'J01': np.float32(-0.13691027)}, {'J01': 4}, {'J01': 12}, 
4125.0, {'J01': np.float32(-0.103607774)}, {'J01': 4}, {'J01': 10}, 
4130.0, {'J01': np.float32(-0.12673451)}, {'J01': 4}, {'J01': 9}, 
4135.0, {'J01': np.float32(-0.09898242)}, {'J01': 4}, {'J01': 11}, 
4140.0, {'J01': np.float32(-0.103607774)}, {'J01': 4}, {'J01': 10}, 
4145.0, {'J01': np.float32(-0.12950972)}, {'J01': 4}, {'J01': 10}, 
4150.0, {'J01': np.float32(-0.08880666)}, {'J01': 4}, {'J01': 9}, 
4155.0, {'J01': np.float32(-0.15078631)}, {'J01': 4}, {'J01': 10}, 
4160.0, {'J01': np.float32(-0.03237743)}, {'J01': 4}, {'J01': 9}, 
4165.0, {'J01': np.float32(-0.13691027)}, {'J01': 4}, {'J01': 9}, 
4170.0, {'J01': np.float32(-0.116558746)}, {'J01': 4}, {'J01': 11}, 
4175.0, {'J01': np.float32(-0.1147086)}, {'J01': 4}, {'J01': 7}, 
4180.0, {'J01': np.float32(-0.083256245)}, {'J01': 4}, {'J01': 10}, 
4185.0, {'J01': np.float32(-0.23404256)}, {'J01': 4}, {'J01': 20}, 
4190.0, {'J01': np.float32(-0.4199815)}, {'J01': 7}, {'J01': 28}, 
4195.0, {'J01': np.float32(-0.30249768)}, {'J01': 7}, {'J01': 26}, 
4200.0, {'J01': np.float32(0.21554117)}, {'J01': 4}, {'J01': 14}, 
4205.0, {'J01': np.float32(1.4431082)}, {'J01': 4}, {'J01': 13}, 
4210.0, {'J01': np.float32(0.7816836)}, {'J01': 3}, {'J01': 10}, 
4215.0, {'J01': np.float32(0.024051804)}, {'J01': 3}, {'J01': 9}, 
4220.0, {'J01': np.float32(0.14153561)}, {'J01': 4}, {'J01': 7}, 
4225.0, {'J01': np.float32(1.5032377)}, {'J01': 3}, {'J01': 9}, 
4230.0, {'J01': np.float32(0.69657725)}, {'J01': 3}, {'J01': 14}, 
4235.0, {'J01': np.float32(-0.2987974)}, {'J01': 6}, {'J01': 22}, 
4240.0, {'J01': np.float32(-0.17576317)}, {'J01': 7}, {'J01': 23}, 
4245.0, {'J01': np.float32(0.06105458)}, {'J01': 4}, {'J01': 14}, 
4250.0, {'J01': np.float32(0.067530066)}, {'J01': 4}, {'J01': 13}, 
4255.0, {'J01': np.float32(0.08973173)}, {'J01': 3}, {'J01': 10}, 
4260.0, {'J01': np.float32(0.005550416)}, {'J01': 3}, {'J01': 8}, 
4265.0, {'J01': np.float32(0.26179463)}, {'J01': 2}, {'J01': 8}, 
4270.0, {'J01': np.float32(0.17761332)}, {'J01': 3}, {'J01': 9}, 
4275.0, {'J01': np.float32(-0.10453284)}, {'J01': 3}, {'J01': 8}, 
4280.0, {'J01': np.float32(-0.1720629)}, {'J01': 4}, {'J01': 13}, 
4285.0, {'J01': np.float32(-0.13043478)}, {'J01': 4}, {'J01': 20}, 
4290.0, {'J01': np.float32(-0.28862163)}, {'J01': 7}, {'J01': 26}, 
4295.0, {'J01': np.float32(-0.27844587)}, {'J01': 7}, {'J01': 27}, 
4300.0, {'J01': np.float32(0.12673451)}, {'J01': 4}, {'J01': 17}, 
4305.0, {'J01': np.float32(-0.022201665)}, {'J01': 3}, {'J01': 15}, 
4310.0, {'J01': np.float32(0.037927844)}, {'J01': 3}, {'J01': 12}, 
4315.0, {'J01': np.float32(0.062904716)}, {'J01': 3}, {'J01': 9}, 
4320.0, {'J01': np.float32(0.1147086)}, {'J01': 3}, {'J01': 10}, 
4325.0, {'J01': np.float32(0.14616096)}, {'J01': 3}, {'J01': 16}, 
4330.0, {'J01': np.float32(0.10545791)}, {'J01': 7}, {'J01': 25}, 
4335.0, {'J01': np.float32(-0.4921369)}, {'J01': 8}, {'J01': 29}, 
4340.0, {'J01': np.float32(-0.24236818)}, {'J01': 7}, {'J01': 28}, 
4345.0, {'J01': np.float32(0.24791859)}, {'J01': 4}, {'J01': 18}, 
4350.0, {'J01': np.float32(-0.07030527)}, {'J01': 4}, {'J01': 16}, 
4355.0, {'J01': np.float32(-0.061979648)}, {'J01': 4}, {'J01': 12}, 
4360.0, {'J01': np.float32(0.19241443)}, {'J01': 4}, {'J01': 10}, 
4365.0, {'J01': np.float32(0.14338575)}, {'J01': 3}, {'J01': 12}, 
4370.0, {'J01': np.float32(0.008325624)}, {'J01': 3}, {'J01': 11}, 
4375.0, {'J01': np.float32(-0.022201665)}, {'J01': 3}, {'J01': 12}, 
4380.0, {'J01': np.float32(-0.09343201)}, {'J01': 4}, {'J01': 9}, 
4385.0, {'J01': np.float32(-0.027752081)}, {'J01': 4}, {'J01': 11}, 
4390.0, {'J01': np.float32(0.19888991)}, {'J01': 4}, {'J01': 20}, 
4395.0, {'J01': np.float32(-0.007400555)}, {'J01': 6}, {'J01': 23}, 
4400.0, {'J01': np.float32(-0.21924144)}, {'J01': 5}, {'J01': 20}, 
4405.0, {'J01': np.float32(-0.08510638)}, {'J01': 4}, {'J01': 16}, 
4410.0, {'J01': np.float32(-0.1026827)}, {'J01': 4}, {'J01': 15}, 
4415.0, {'J01': np.float32(0.0009250694)}, {'J01': 4}, {'J01': 10}, 
4420.0, {'J01': np.float32(-0.007400555)}, {'J01': 4}, {'J01': 10}, 
4425.0, {'J01': np.float32(-0.0573543)}, {'J01': 4}, {'J01': 12}, 
4430.0, {'J01': np.float32(-0.1359852)}, {'J01': 4}, {'J01': 8}, 
4435.0, {'J01': np.float32(-0.103607774)}, {'J01': 4}, {'J01': 11}, 
4440.0, {'J01': np.float32(-0.24514338)}, {'J01': 4}, {'J01': 20}, 
4445.0, {'J01': np.float32(-0.226642)}, {'J01': 5}, {'J01': 21}, 
4450.0, {'J01': np.float32(-0.13968548)}, {'J01': 4}, {'J01': 17}, 
4455.0, {'J01': np.float32(-0.1387604)}, {'J01': 4}, {'J01': 14}, 
4460.0, {'J01': np.float32(0.5013876)}, {'J01': 3}, {'J01': 11}, 
4465.0, {'J01': np.float32(0.28862163)}, {'J01': 3}, {'J01': 10}, 
4470.0, {'J01': np.float32(-0.15448658)}, {'J01': 4}, {'J01': 11}, 
4475.0, {'J01': np.float32(-0.0693802)}, {'J01': 4}, {'J01': 13}, 
4480.0, {'J01': np.float32(-0.036077704)}, {'J01': 4}, {'J01': 10}, 
4485.0, {'J01': np.float32(-0.15541166)}, {'J01': 4}, {'J01': 10}, 
4490.0, {'J01': np.float32(-0.049028676)}, {'J01': 4}, {'J01': 13}, 
4495.0, {'J01': np.float32(-0.11378353)}, {'J01': 4}, {'J01': 10}, 
4500.0, {'J01': np.float32(-0.13135985)}, {'J01': 4}, {'J01': 10}, 
4505.0, {'J01': np.float32(0.93802035)}, {'J01': 4}, {'J01': 16}, 
4510.0, {'J01': np.float32(-0.32747456)}, {'J01': 7}, {'J01': 24}, 
4515.0, {'J01': np.float32(0.1785384)}, {'J01': 8}, {'J01': 28}, 
4520.0, {'J01': np.float32(-0.14708602)}, {'J01': 7}, {'J01': 26}, 
4525.0, {'J01': np.float32(0.17391305)}, {'J01': 4}, {'J01': 18}, 
4530.0, {'J01': np.float32(0.27937096)}, {'J01': 4}, {'J01': 17}, 
4535.0, {'J01': np.float32(-0.010175764)}, {'J01': 3}, {'J01': 19}, 
4540.0, {'J01': np.float32(-0.2719704)}, {'J01': 6}, {'J01': 25}, 
4545.0, {'J01': np.float32(-0.25531915)}, {'J01': 8}, {'J01': 28}, 
4550.0, {'J01': np.float32(-0.35522664)}, {'J01': 8}, {'J01': 27}, 
4555.0, {'J01': np.float32(0.51156336)}, {'J01': 6}, {'J01': 22}, 
4560.0, {'J01': np.float32(0.3617021)}, {'J01': 4}, {'J01': 16}, 
4565.0, {'J01': np.float32(-0.047178537)}, {'J01': 3}, {'J01': 15}, 
4570.0, {'J01': np.float32(0.016651249)}, {'J01': 4}, {'J01': 19}, 
4575.0, {'J01': np.float32(-0.08665208)}, {'J01': 6}, {'J01': 24}, 
4580.0, {'J01': np.float32(0.24466883)}, {'J01': 4}, {'J01': 21}, 
4585.0, {'J01': np.float32(0.046997223)}, {'J01': 4}, {'J01': 18}, 
4590.0, {'J01': np.float32(-0.05508668)}, {'J01': 4}, {'J01': 18}, 
4595.0, {'J01': np.float32(-0.11399843)}, {'J01': 4}, {'J01': 16}, 
4600.0, {'J01': np.float32(-0.17068733)}, {'J01': 5}, {'J01': 16}, 
4605.0, {'J01': np.float32(-0.070012026)}, {'J01': 5}, {'J01': 17}, 
4610.0, {'J01': np.float32(-0.11113312)}, {'J01': 6}, {'J01': 15}, 
4615.0, {'J01': np.float32(-0.1999963)}, {'J01': 6}, {'J01': 16}, 
4620.0, {'J01': np.float32(-0.15651804)}, {'J01': 6}, {'J01': 15}, 
4625.0, {'J01': np.float32(0.49195838)}, {'J01': 4}, {'J01': 15}, 
4630.0, {'J01': np.float32(0.20719482)}, {'J01': 4}, {'J01': 24}, 
4635.0, {'J01': np.float32(-0.25784644)}, {'J01': 5}, {'J01': 25}, 
4640.0, {'J01': np.float32(-0.28837374)}, {'J01': 4}, {'J01': 22}, 
4645.0, {'J01': np.float32(-0.050630897)}, {'J01': 4}, {'J01': 16}, 
4650.0, {'J01': np.float32(0.6052685)}, {'J01': 4}, {'J01': 13}, 
4655.0, {'J01': np.float32(0.02867715)}, {'J01': 4}, {'J01': 19}, 
4660.0, {'J01': np.float32(-0.116558746)}, {'J01': 6}, {'J01': 22}, 
4665.0, {'J01': np.float32(-0.10453284)}, {'J01': 4}, {'J01': 17}, 
4670.0, {'J01': np.float32(0.06105458)}, {'J01': 4}, {'J01': 15}, 
4675.0, {'J01': np.float32(0.023126734)}, {'J01': 4}, {'J01': 13}, 
4680.0, {'J01': np.float32(-0.07030527)}, {'J01': 4}, {'J01': 11}, 
4685.0, {'J01': np.float32(-0.14338575)}, {'J01': 4}, {'J01': 18}, 
4690.0, {'J01': np.float32(-0.067530066)}, {'J01': 5}, {'J01': 20}, 
4695.0, {'J01': np.float32(-0.04625347)}, {'J01': 4}, {'J01': 15}, 
4700.0, {'J01': np.float32(-0.16558743)}, {'J01': 4}, {'J01': 14}, 
4705.0, {'J01': np.float32(-0.20166512)}, {'J01': 4}, {'J01': 16}, 
4710.0, {'J01': np.float32(-0.18963923)}, {'J01': 5}, {'J01': 18}, 
4715.0, {'J01': np.float32(0.010175764)}, {'J01': 4}, {'J01': 15}, 
4720.0, {'J01': np.float32(0.06475486)}, {'J01': 4}, {'J01': 13}, 
4725.0, {'J01': np.float32(-0.160037)}, {'J01': 4}, {'J01': 11}, 
4730.0, {'J01': np.float32(-0.039777983)}, {'J01': 4}, {'J01': 11}, 
4735.0, {'J01': np.float32(-0.14616096)}, {'J01': 4}, {'J01': 17}, 
4740.0, {'J01': np.float32(0.3839038)}, {'J01': 7}, {'J01': 26}, 
4745.0, {'J01': np.float32(0.2775208)}, {'J01': 7}, {'J01': 24}, 
4750.0, {'J01': np.float32(-0.20351526)}, {'J01': 5}, {'J01': 21}, 
4755.0, {'J01': np.float32(-0.123034224)}, {'J01': 4}, {'J01': 17}, 
4760.0, {'J01': np.float32(-0.005550416)}, {'J01': 4}, {'J01': 13}, 
4765.0, {'J01': np.float32(0.14338575)}, {'J01': 3}, {'J01': 11}, 
4770.0, {'J01': np.float32(-0.04440333)}, {'J01': 3}, {'J01': 11}, 
4775.0, {'J01': np.float32(-0.16836263)}, {'J01': 3}, {'J01': 10}, 
4780.0, {'J01': np.float32(-0.20074005)}, {'J01': 4}, {'J01': 13}, 
4785.0, {'J01': np.float32(-0.19703978)}, {'J01': 4}, {'J01': 11}, 
4790.0, {'J01': np.float32(-0.21091582)}, {'J01': 4}, {'J01': 13}, 
4795.0, {'J01': np.float32(-0.1961147)}, {'J01': 4}, {'J01': 11}, 
4800.0, {'J01': np.float32(0.76503235)}, {'J01': 4}, {'J01': 11}, 
4805.0, {'J01': np.float32(0.773358)}, {'J01': 4}, {'J01': 9}, 
4810.0, {'J01': np.float32(-0.13320999)}, {'J01': 4}, {'J01': 8}, 
4815.0, {'J01': np.float32(-0.1480111)}, {'J01': 4}, {'J01': 8}, 
4820.0, {'J01': np.float32(-0.1480111)}, {'J01': 4}, {'J01': 8}, 
4825.0, {'J01': np.float32(-0.1480111)}, {'J01': 4}, {'J01': 8}, 
4830.0, {'J01': np.float32(0.14246069)}, {'J01': 4}, {'J01': 9}, 
4835.0, {'J01': np.float32(-0.083256245)}, {'J01': 4}, {'J01': 11}, 
4840.0, {'J01': np.float32(-0.12580943)}, {'J01': 4}, {'J01': 11}, 
4845.0, {'J01': np.float32(-0.08233117)}, {'J01': 4}, {'J01': 9}, 
4850.0, {'J01': np.float32(-0.12580943)}, {'J01': 4}, {'J01': 8}, 
4855.0, {'J01': np.float32(-0.091581866)}, {'J01': 4}, {'J01': 7}, 
4860.0, {'J01': np.float32(-0.12950972)}, {'J01': 4}, {'J01': 7}, 
4865.0, {'J01': np.float32(-0.12950972)}, {'J01': 4}, {'J01': 7}, 
4870.0, {'J01': np.float32(-0.036077704)}, {'J01': 4}, {'J01': 8}, 
4875.0, {'J01': np.float32(-0.16373728)}, {'J01': 4}, {'J01': 12}, 
4880.0, {'J01': np.float32(-0.12118409)}, {'J01': 4}, {'J01': 10}, 
4885.0, {'J01': np.float32(-0.06567992)}, {'J01': 4}, {'J01': 8}, 
4890.0, {'J01': np.float32(-0.10915819)}, {'J01': 4}, {'J01': 7}, 
4895.0, {'J01': np.float32(-0.09620722)}, {'J01': 4}, {'J01': 8}, 
4900.0, {'J01': np.float32(-0.16651249)}, {'J01': 4}, {'J01': 12}, 
4905.0, {'J01': np.float32(-0.1480111)}, {'J01': 4}, {'J01': 11}, 
4910.0, {'J01': np.float32(-0.037002776)}, {'J01': 4}, {'J01': 7}, 
4915.0, {'J01': np.float32(1.1711378)}, {'J01': 3}, {'J01': 7}, 
4920.0, {'J01': np.float32(0.58741903)}, {'J01': 3}, {'J01': 9}, 
4925.0, {'J01': np.float32(-0.20166512)}, {'J01': 6}, {'J01': 17}, 
4930.0, {'J01': np.float32(-0.23404256)}, {'J01': 7}, {'J01': 20}, 
4935.0, {'J01': np.float32(-0.049028676)}, {'J01': 4}, {'J01': 14}, 
4940.0, {'J01': np.float32(-0.19981499)}, {'J01': 4}, {'J01': 13}, 
4945.0, {'J01': np.float32(-0.24051803)}, {'J01': 4}, {'J01': 13}, 
4950.0, {'J01': np.float32(0.04255319)}, {'J01': 4}, {'J01': 10}, 
4955.0, {'J01': np.float32(0.20906568)}, {'J01': 4}, {'J01': 6}, 
4960.0, {'J01': np.float32(1.2784458)}, {'J01': 3}, {'J01': 6}, 
4965.0, {'J01': np.float32(0.5707678)}, {'J01': 3}, {'J01': 9}, 
4970.0, {'J01': np.float32(-0.1961147)}, {'J01': 5}, {'J01': 15}, 
4975.0, {'J01': np.float32(-0.123959295)}, {'J01': 6}, {'J01': 18}, 
4980.0, {'J01': np.float32(-0.13320999)}, {'J01': 4}, {'J01': 14}, 
4985.0, {'J01': np.float32(-0.051803887)}, {'J01': 4}, {'J01': 10}, 
4990.0, {'J01': np.float32(0.053654023)}, {'J01': 4}, {'J01': 6}, 
4995.0, {'J01': np.float32(-0.116558746)}, {'J01': 4}, {'J01': 8}, 
5000.0, {'J01': np.float32(-0.10545791)}, {'J01': 4}, {'J01': 6}, 
5005.0, {'J01': np.float32(-0.111008324)}, {'J01': 4}, {'J01': 6}, 
5010.0, {'J01': np.float32(0.8334875)}, {'J01': 2}, {'J01': 5}, 
5015.0, {'J01': np.float32(-0.103607774)}, {'J01': 3}, {'J01': 9}, 
5020.0, {'J01': np.float32(-0.103607774)}, {'J01': 4}, {'J01': 10}, 
5025.0, {'J01': np.float32(-0.025901943)}, {'J01': 4}, {'J01': 6}, 
5030.0, {'J01': np.float32(0.34042552)}, {'J01': 3}, {'J01': 5}, 
5035.0, {'J01': np.float32(0.11008326)}, {'J01': 4}, {'J01': 10}, 
5040.0, {'J01': np.float32(-0.12765957)}, {'J01': 4}, {'J01': 11}, 
5045.0, {'J01': np.float32(-0.008325624)}, {'J01': 4}, {'J01': 7}, 
5050.0, {'J01': np.float32(0.09713229)}, {'J01': 3}, {'J01': 7}, 
5055.0, {'J01': np.float32(-0.015726179)}, {'J01': 4}, {'J01': 10}, 
5060.0, {'J01': np.float32(-0.0906568)}, {'J01': 4}, {'J01': 11}, 
5065.0, {'J01': np.float32(0.035152636)}, {'J01': 3}, {'J01': 8}, 
5070.0, {'J01': np.float32(-0.020351527)}, {'J01': 5}, {'J01': 12}, 
5075.0, {'J01': np.float32(-0.16096207)}, {'J01': 7}, {'J01': 15}, 
5080.0, {'J01': np.float32(-0.21924144)}, {'J01': 8}, {'J01': 16}, 
5085.0, {'J01': np.float32(-0.2960222)}, {'J01': 8}, {'J01': 16}, 
5090.0, {'J01': np.float32(-0.2960222)}, {'J01': 8}, {'J01': 16}, 
5095.0, {'J01': np.float32(0.051803887)}, {'J01': 7}, {'J01': 16}, 
5100.0, {'J01': np.float32(-0.25346902)}, {'J01': 7}, {'J01': 14}, 
5105.0, {'J01': np.float32(-0.2627197)}, {'J01': 7}, {'J01': 15}, 
5110.0, {'J01': np.float32(-0.2775208)}, {'J01': 7}, {'J01': 15}, 
5115.0, {'J01': np.float32(-0.29417205)}, {'J01': 8}, {'J01': 17}, 
5120.0, {'J01': np.float32(-0.31452358)}, {'J01': 8}, {'J01': 17}, 
5125.0, {'J01': np.float32(-0.31452358)}, {'J01': 8}, {'J01': 17}, 
5130.0, {'J01': np.float32(-0.31452358)}, {'J01': 8}, {'J01': 17}, 
5135.0, {'J01': np.float32(-0.31452358)}, {'J01': 8}, {'J01': 17}, 
5140.0, {'J01': np.float32(0.26314837)}, {'J01': 7}, {'J01': 17}, 
5145.0, {'J01': np.float32(0.80262166)}, {'J01': 5}, {'J01': 15}, 
5150.0, {'J01': np.float32(0.9034542)}, {'J01': 4}, {'J01': 12}, 
5155.0, {'J01': np.float32(0.4803595)}, {'J01': 3}, {'J01': 8}, 
5160.0, {'J01': np.float32(-0.09371406)}, {'J01': 3}, {'J01': 10}, 
5165.0, {'J01': np.float32(-0.21217947)}, {'J01': 6}, {'J01': 17}, 
5170.0, {'J01': np.float32(0.33916187)}, {'J01': 7}, {'J01': 20}, 
5175.0, {'J01': np.float32(0.2993839)}, {'J01': 4}, {'J01': 14}, 
5180.0, {'J01': np.float32(-0.019765032)}, {'J01': 4}, {'J01': 10}, 
5185.0, {'J01': np.float32(0.06534135)}, {'J01': 4}, {'J01': 6}, 
5190.0, {'J01': np.float32(0.20317669)}, {'J01': 4}, {'J01': 7}, 
5195.0, {'J01': np.float32(-0.089145236)}, {'J01': 4}, {'J01': 6}, 
5200.0, {'J01': np.float32(-0.10672156)}, {'J01': 4}, {'J01': 6}, 
5205.0, {'J01': np.float32(-0.10672156)}, {'J01': 4}, {'J01': 6}, 
5210.0, {'J01': np.float32(-0.10672156)}, {'J01': 4}, {'J01': 6}, 
5215.0, {'J01': np.float32(-0.11597225)}, {'J01': 4}, {'J01': 7}, 
5220.0, {'J01': np.float32(-0.12522294)}, {'J01': 4}, {'J01': 7}, 
5225.0, {'J01': np.float32(-0.12984829)}, {'J01': 4}, {'J01': 8}, 
5230.0, {'J01': np.float32(-0.14372432)}, {'J01': 4}, {'J01': 8}, 
5235.0, {'J01': np.float32(-0.14372432)}, {'J01': 4}, {'J01': 8}, 
5240.0, {'J01': np.float32(-0.14372432)}, {'J01': 4}, {'J01': 8}, 
5245.0, {'J01': np.float32(-0.14372432)}, {'J01': 4}, {'J01': 8}, 
5250.0, {'J01': np.float32(-0.15204996)}, {'J01': 4}, {'J01': 9}, 
5255.0, {'J01': np.float32(0.06349121)}, {'J01': 4}, {'J01': 10}, 
5260.0, {'J01': np.float32(0.03758927)}, {'J01': 4}, {'J01': 7}, 
5265.0, {'J01': np.float32(-0.12892322)}, {'J01': 4}, {'J01': 8}, 
5270.0, {'J01': np.float32(-0.14927475)}, {'J01': 4}, {'J01': 9}, 
5275.0, {'J01': np.float32(-0.16222572)}, {'J01': 4}, {'J01': 9}, 
5280.0, {'J01': np.float32(-0.16222572)}, {'J01': 4}, {'J01': 9}, 
5285.0, {'J01': np.float32(-0.1687012)}, {'J01': 5}, {'J01': 10}, 
5290.0, {'J01': np.float32(-0.18072711)}, {'J01': 5}, {'J01': 10}, 
5295.0, {'J01': np.float32(-0.18072711)}, {'J01': 5}, {'J01': 10}, 
5300.0, {'J01': np.float32(-0.18072711)}, {'J01': 5}, {'J01': 10}, 
5305.0, {'J01': np.float32(-0.18072711)}, {'J01': 5}, {'J01': 10}, 
5310.0, {'J01': np.float32(-0.18165217)}, {'J01': 6}, {'J01': 11}, 
5315.0, {'J01': np.float32(-0.1992285)}, {'J01': 6}, {'J01': 11}, 
5320.0, {'J01': np.float32(0.14674746)}, {'J01': 6}, {'J01': 13}, 
5325.0, {'J01': np.float32(0.09309343)}, {'J01': 5}, {'J01': 10}, 
5330.0, {'J01': np.float32(-0.18072711)}, {'J01': 5}, {'J01': 10}, 
5335.0, {'J01': np.float32(1.0182691)}, {'J01': 5}, {'J01': 10}, 
5340.0, {'J01': np.float32(0.5226642)}, {'J01': 5}, {'J01': 10}, 
5345.0, {'J01': np.float32(-0.12488437)}, {'J01': 7}, {'J01': 13}, 
5350.0, {'J01': np.float32(-0.21091582)}, {'J01': 7}, {'J01': 13}, 
5355.0, {'J01': np.float32(0.4625347)}, {'J01': 7}, {'J01': 13}, 
5360.0, {'J01': np.float32(0.5522664)}, {'J01': 7}, {'J01': 11}, 
5365.0, {'J01': np.float32(-0.062904716)}, {'J01': 8}, {'J01': 10}, 
5370.0, {'J01': np.float32(-0.05920444)}, {'J01': 8}, {'J01': 11}, 
5375.0, {'J01': np.float32(-0.1813136)}, {'J01': 8}, {'J01': 10}, 
5380.0, {'J01': np.float32(-0.1147086)}, {'J01': 8}, {'J01': 11}, 
5385.0, {'J01': np.float32(-0.17668825)}, {'J01': 8}, {'J01': 12}, 
5390.0, {'J01': np.float32(-0.18871415)}, {'J01': 8}, {'J01': 13}, 
5395.0, {'J01': np.float32(-0.16188714)}, {'J01': 8}, {'J01': 13}, 
5400.0, {'J01': np.float32(-0.19888991)}, {'J01': 8}, {'J01': 12}, 
