episode,car_wait_total,bike_wait_total,ped_wait_total,car_queue_total,bike_queue_total,reward_mean,reward_std,reward_min,reward_max,bike_wait_frac,ped_wait_frac,epsilon,mean_q,mean_loss,decisions,wall_seconds
1,2645393.5,5808095.5,30757.5,39320.0,21079.0,-0.93771,2.28471,-3.0,3.0,0.6846,0.0036,nan,1.77796,nan,720,26.7
2,2179988.0,4823950.0,33029.5,38819.0,20805.0,-1.03703,2.19646,-3.0,3.0,0.6855,0.0047,0.9644,1.30699,0.676898,720,25.8
3,2132460.5,3096869.0,44217.5,33220.0,15153.0,-1.11218,2.27453,-3.0,3.0,0.5872,0.0084,0.9407,-0.87999,0.606471,720,25.4
4,2546587.0,8524564.5,27481.0,43751.0,25499.0,-0.96231,2.28409,-3.0,3.0,0.7681,0.0025,0.9169,-1.32676,0.599653,720,27.9
5,1934685.0,6136118.5,20908.5,40072.0,21841.0,-0.78129,2.25171,-3.0,3.0,0.7583,0.0026,0.8932,-1.64851,0.595847,720,26.2
6,1972157.5,8223071.5,28861.0,42962.0,24928.0,-0.99077,2.27207,-3.0,3.0,0.8043,0.0028,0.8694,-1.34382,0.580888,720,27.4
7,2050239.5,2779943.5,19011.0,32759.0,14445.0,-0.74876,2.15127,-3.0,3.0,0.5733,0.0039,0.8457,-1.68149,0.56593,720,25.5
8,2188671.5,3178060.0,24230.0,34960.0,16466.0,-0.8321,2.17974,-3.0,3.0,0.5895,0.0045,0.8219,-1.59907,0.561716,720,26.8
9,2205045.5,6771378.5,19528.0,41617.0,23056.0,-0.7907,2.25764,-3.0,3.0,0.7527,0.0022,0.7982,-2.27243,0.558911,720,27.9
10,2219957.0,7196265.5,18361.5,41736.0,23195.0,-0.6545,2.24975,-3.0,3.0,0.7628,0.0019,0.7744,-3.05519,0.587368,720,28.4
11,1989668.0,4058081.5,20161.5,36395.0,17864.0,-0.74427,2.18353,-3.0,3.0,0.6688,0.0033,0.7507,-3.48286,0.640238,720,26.7
12,2058549.0,3735882.5,20677.5,34339.0,15579.0,-0.77085,2.14525,-3.0,3.0,0.6424,0.0036,0.7269,-2.74453,0.610545,720,27.3
13,2075405.0,2742611.5,14850.5,33537.0,14585.0,-0.64505,2.18512,-3.0,3.0,0.5675,0.0031,0.7032,-3.34423,0.616367,720,27.5
14,2111518.0,3562678.5,14167.0,35452.0,16775.0,-0.57831,2.17173,-3.0,3.0,0.6263,0.0025,0.6794,-3.50041,0.583335,720,28.0
15,1953176.0,1893307.0,14131.0,31125.0,12179.0,-0.60158,2.16556,-3.0,3.0,0.4904,0.0037,0.6557,-3.325,0.613238,720,26.6
16,2105311.5,3345867.0,15182.5,34626.0,15586.0,-0.59692,2.16303,-3.0,3.0,0.6121,0.0028,0.6319,-3.92099,0.573236,720,27.0
17,1816676.5,1393259.5,14487.5,28598.0,9829.0,-0.6509,2.15628,-3.0,3.0,0.4321,0.0045,0.6082,-3.9352,0.536694,720,25.3
18,2201459.5,3651675.0,12012.5,35504.0,16158.0,-0.47767,2.11765,-3.0,3.0,0.6226,0.002,0.5844,-4.16204,0.537716,720,27.2
19,2176453.5,9820265.0,12568.0,45808.0,26532.0,-0.57416,2.24629,-3.0,3.0,0.8177,0.001,0.5607,-4.14817,0.531985,720,28.6
20,2194792.0,6436035.5,13640.0,41192.0,21912.0,-0.4773,2.22509,-3.0,3.0,0.7445,0.0016,0.5369,-4.37942,0.532781,720,28.3
21,2099447.5,4920242.0,11663.0,38971.0,19385.0,-0.47461,2.13508,-3.0,3.0,0.6998,0.0017,0.5132,-4.31925,0.536327,720,27.4
22,2335183.5,4741272.5,11704.0,38902.0,19083.0,-0.52591,2.21771,-3.0,3.0,0.6689,0.0017,0.4894,-4.32014,0.527417,720,27.3
23,2047950.5,1368597.0,12654.0,29501.0,9759.0,-0.49834,2.07364,-3.0,3.0,0.3991,0.0037,0.4657,-4.99667,0.504399,720,26.4
24,2224571.5,1882385.5,9253.5,31400.0,11535.0,-0.38028,2.06053,-3.0,3.0,0.4573,0.0022,0.4419,-5.41674,0.508561,720,26.1
25,1948915.5,1866269.0,10349.0,30694.0,11557.0,-0.39658,2.10602,-3.0,3.0,0.4878,0.0027,0.4182,-5.85356,0.509402,720,43.7
26,2486288.5,4713172.0,10125.0,38949.0,18462.0,-0.3888,2.15232,-3.0,3.0,0.6537,0.0014,0.3944,-4.92829,0.541979,720,99.7
27,2324582.5,4273782.0,7320.5,37974.0,17723.0,-0.27761,2.07338,-3.0,3.0,0.647,0.0011,0.3707,-4.47197,0.50424,720,55.7
28,2148090.5,4267526.5,7585.0,37681.0,16954.0,-0.30875,2.08647,-3.0,3.0,0.6644,0.0012,0.3469,-4.63624,0.515942,720,27.7
29,2029069.0,9390532.5,8543.0,45176.0,25184.0,-0.41305,2.19148,-3.0,3.0,0.8217,0.0007,0.3232,-4.26309,0.533568,720,28.8
30,2302391.0,3687516.0,8708.5,36658.0,16185.0,-0.26834,2.09574,-3.0,3.0,0.6147,0.0015,0.2994,-4.404,0.512191,720,27.2
31,2467270.5,7871884.0,8609.5,43886.0,23086.0,-0.36097,2.17242,-3.0,3.0,0.7607,0.0008,0.2757,-4.3865,0.510589,720,28.5
32,2327770.5,3351315.0,7031.5,36754.0,16133.0,-0.27824,2.11724,-3.0,3.0,0.5894,0.0012,0.2519,-4.53889,0.5477,720,26.3
33,2127302.0,7201214.5,7940.5,43220.0,22994.0,-0.27694,2.17842,-3.0,3.0,0.7713,0.0009,0.2282,-4.12453,0.494278,720,27.8
34,2476066.5,2044765.5,6743.5,32272.0,11410.0,-0.20135,2.01985,-3.0,3.0,0.4516,0.0015,0.2044,-4.77137,0.539883,720,26.8
35,2148517.0,4643298.5,7332.0,38487.0,18261.0,-0.28332,2.10072,-3.0,3.0,0.6829,0.0011,0.1807,-5.21389,0.526539,720,26.4
36,1995180.5,3198473.0,6806.0,35944.0,15898.0,-0.22702,2.05226,-3.0,3.0,0.615,0.0013,0.1569,-5.03892,0.529689,720,45.4
37,3006033.5,2739374.5,6787.0,35690.0,14524.0,-0.20739,2.1166,-3.0,3.0,0.4762,0.0012,0.1332,-5.21745,0.487645,720,97.9
38,2619370.5,4663054.5,6438.5,39463.0,18310.0,-0.23717,2.06117,-3.0,3.0,0.6398,0.0009,0.1094,-4.81777,0.537336,720,64.7
39,3703557.0,2311683.0,6294.0,33165.0,11513.0,-0.15476,2.05866,-3.0,3.0,0.3839,0.001,0.0857,-4.83428,0.530985,720,64.8
40,2202703.0,2299907.0,6671.0,33241.0,13110.0,-0.17627,2.03837,-3.0,3.0,0.51,0.0015,0.0619,-4.7654,0.491743,720,63.9
41,3780933.0,2008064.5,6268.5,33586.0,11738.0,-0.1607,2.09038,-3.0,3.0,0.3465,0.0011,0.05,-4.50045,0.510321,720,63.1
42,2395108.0,2903448.0,7608.5,34714.0,14667.0,-0.18929,2.08065,-3.0,3.0,0.5472,0.0014,0.05,-4.24651,0.492129,720,63.4
43,2187038.5,2440934.5,6085.5,34294.0,13529.0,-0.12776,2.08711,-3.0,3.0,0.5267,0.0013,0.05,-3.91747,0.469011,720,40.9
44,2675986.0,975494.5,6269.0,29385.0,8336.0,-0.13971,2.07651,-3.0,3.0,0.2667,0.0017,0.05,-4.33616,0.471987,720,25.6
45,2941409.0,1313095.0,5629.5,30467.0,9378.0,-0.13373,2.02293,-3.0,3.0,0.3082,0.0013,0.05,-4.68777,0.440063,720,26.1
46,1953399.0,4258493.0,6737.0,38674.0,18387.0,-0.16179,2.11759,-3.0,3.0,0.6848,0.0011,0.05,-4.8496,0.435335,720,26.8
47,1993945.5,6178686.5,7360.0,42189.0,21575.0,-0.23172,2.17129,-3.0,3.0,0.7553,0.0009,0.05,-4.92693,0.429715,720,27.9
48,2430248.5,2920610.0,6383.0,34756.0,14251.0,-0.14612,2.06061,-3.0,3.0,0.5452,0.0012,0.05,-4.76134,0.434735,720,26.4
49,2234890.0,5339797.5,9929.5,40749.0,20090.0,-0.25807,2.13765,-3.0,3.0,0.704,0.0013,0.05,-4.78218,0.437415,720,27.9
50,2435813.5,1028619.0,5972.0,29238.0,8654.0,-0.11436,2.02151,-3.0,3.0,0.2964,0.0017,0.05,-4.61878,0.437426,720,25.7
51,2113352.0,2176925.0,6330.5,33066.0,13188.0,-0.14855,2.11307,-3.0,3.0,0.5067,0.0015,0.05,-4.36585,0.425816,720,26.0
52,2384690.0,1257333.0,5954.0,29580.0,9134.0,-0.0935,2.03835,-3.0,3.0,0.3447,0.0016,0.05,-4.15893,0.423167,720,27.0
53,2492229.0,1102621.0,5636.5,30520.0,9501.0,-0.14706,1.96249,-3.0,3.0,0.3062,0.0016,0.05,-3.73176,0.403671,720,26.2
54,2192897.5,1041669.5,5848.5,29671.0,9170.0,-0.12441,1.99941,-3.0,3.0,0.3215,0.0018,0.05,-3.91213,0.402015,720,25.9
55,2520734.5,2498486.0,6386.0,33668.0,13125.0,-0.17892,2.02922,-3.0,3.0,0.4972,0.0013,0.05,-3.70577,0.437166,720,26.0
56,2476532.0,2316826.0,6230.0,32810.0,12222.0,-0.13844,2.02836,-3.0,3.0,0.4827,0.0013,0.05,-3.66008,0.388422,720,26.1
57,2471460.5,2499666.5,6878.5,33492.0,12960.0,-0.19037,2.06268,-3.0,3.0,0.5021,0.0014,0.05,-3.58874,0.391471,720,26.1
58,2301515.0,1428469.0,5892.0,30367.0,9802.0,-0.13595,2.02367,-3.0,3.0,0.3824,0.0016,0.05,-3.74206,0.411324,720,25.5
59,2681066.0,2349028.5,6433.0,33201.0,12293.0,-0.1767,2.07826,-3.0,3.0,0.4664,0.0013,0.05,-3.82455,0.403708,720,26.3
60,1973783.0,1221590.5,6535.0,30124.0,9772.0,-0.19571,2.02758,-3.0,3.0,0.3815,0.002,0.05,-4.24329,0.412259,720,26.0
61,2353371.5,2049273.5,5890.5,32371.0,12135.0,-0.12497,2.0336,-3.0,3.0,0.4648,0.0013,0.05,-3.86962,0.376794,720,25.6
62,1937666.5,1005583.0,6462.5,28182.0,8416.0,-0.1768,2.0479,-3.0,3.0,0.3409,0.0022,0.05,-3.54421,0.378091,720,25.7
63,2163742.0,1055174.5,6049.5,29412.0,9091.0,-0.11892,2.02352,-3.0,3.0,0.3272,0.0019,0.05,-3.89232,0.370685,720,26.2
64,2075122.0,1515831.0,5899.5,29681.0,9865.0,-0.16175,1.9289,-3.0,3.0,0.4214,0.0016,0.05,-4.03436,0.374594,720,26.7
65,1896164.5,2465045.0,6873.5,33950.0,13972.0,-0.14965,2.08185,-3.0,3.0,0.5643,0.0016,0.05,-3.80874,0.34552,720,27.9
66,2134182.0,1914582.5,18624.5,32391.0,12313.0,-0.27084,2.1216,-3.0,3.0,0.4707,0.0046,0.05,-3.88513,0.354642,720,26.3
67,2209609.0,1170896.5,6256.0,30827.0,10128.0,-0.1222,1.99479,-3.0,3.0,0.3457,0.0018,0.05,-3.63616,0.366434,720,25.9
68,2299462.0,1340219.5,6331.0,30967.0,10282.0,-0.17674,2.10247,-3.0,3.0,0.3676,0.0017,0.05,-3.47852,0.358652,720,26.6
69,2604504.5,2043591.0,6441.5,32615.0,11841.0,-0.14341,2.09793,-3.0,3.0,0.4391,0.0014,0.05,-3.74488,0.343798,720,27.5
70,2662739.0,1544526.5,8322.0,30987.0,10441.0,-0.19599,2.0402,-3.0,3.0,0.3664,0.002,0.05,-3.59436,0.386054,720,26.4
71,2156086.0,1191077.0,6338.5,30203.0,9892.0,-0.1421,2.01671,-3.0,3.0,0.3552,0.0019,0.05,-3.5934,0.376209,720,26.7
72,2167449.5,1720436.0,5938.5,31272.0,11402.0,-0.12585,2.03355,-3.0,3.0,0.4418,0.0015,0.05,-3.551,0.375349,720,26.7
73,2361059.0,727061.0,6541.0,27078.0,7122.0,-0.12922,1.9575,-3.0,3.0,0.2349,0.0021,0.05,-3.71885,0.361449,720,24.9
74,3264753.0,1824343.5,6435.0,30511.0,9944.0,-0.12448,1.99196,-3.0,3.0,0.358,0.0013,0.05,-3.41084,0.370785,720,25.7
75,2002325.5,1339066.5,5431.5,30414.0,10421.0,-0.10648,1.95786,-3.0,3.0,0.4001,0.0016,0.05,-2.98752,0.358444,720,25.9
76,3055446.5,2083537.0,6556.0,32248.0,11596.0,-0.17866,2.04197,-3.0,3.0,0.4049,0.0013,0.05,-3.3392,0.356344,720,26.4
77,2056087.5,1591272.5,6821.5,30875.0,10749.0,-0.17033,2.08858,-3.0,3.0,0.4355,0.0019,0.05,-3.66009,0.368826,720,26.7
78,2540538.5,1047490.0,5587.5,28974.0,8618.0,-0.0941,2.03791,-3.0,3.0,0.2915,0.0016,0.05,-3.26789,0.365261,720,26.5
79,2631825.5,1209686.0,5708.0,29104.0,8924.0,-0.12476,1.98439,-3.0,3.0,0.3144,0.0015,0.05,-3.13178,0.355989,720,25.9
80,2541093.0,2924393.0,6142.0,34543.0,14110.0,-0.13817,2.03992,-3.0,3.0,0.5345,0.0011,0.05,-3.37179,0.357086,720,26.7
81,2180036.5,1530380.0,6493.5,30428.0,10617.0,-0.14132,1.99044,-3.0,3.0,0.4117,0.0017,0.05,-3.40927,0.384177,720,25.6
82,1953474.0,2336140.0,6518.5,33593.0,13545.0,-0.14962,2.08313,-3.0,3.0,0.5438,0.0015,0.05,-3.38798,0.357058,720,25.9
83,2121625.0,2077668.5,6569.0,33203.0,12789.0,-0.14956,2.11146,-3.0,3.0,0.494,0.0016,0.05,-3.61305,0.366976,720,25.9
84,2292120.5,1531684.5,5613.5,29069.0,9233.0,-0.13169,1.95912,-3.0,3.0,0.4,0.0015,0.05,-3.65171,0.361403,720,25.4
85,2475584.5,1177438.0,6112.5,29791.0,9570.0,-0.14541,2.0274,-3.0,3.0,0.3218,0.0017,0.05,-3.25151,0.363962,720,25.8
86,2246064.5,1054184.0,6170.0,29934.0,9445.0,-0.10004,2.04254,-3.0,3.0,0.3188,0.0019,0.05,-3.1426,0.380755,720,27.0
87,1998008.0,1588331.5,6481.0,30681.0,10782.0,-0.16475,1.98877,-3.0,3.0,0.4421,0.0018,0.05,-3.19874,0.366269,720,27.3
88,1879724.0,2087309.5,6462.0,32621.0,12612.0,-0.14858,2.0302,-3.0,3.0,0.5253,0.0016,0.05,-3.50481,0.349368,720,27.4
89,2958254.5,1120771.5,5651.5,29100.0,8512.0,-0.119,1.95777,-3.0,3.0,0.2744,0.0014,0.05,-3.59445,0.371873,720,27.1
90,1865517.5,3503667.5,6821.0,36319.0,16242.0,-0.15878,2.08521,-3.0,3.0,0.6517,0.0013,0.05,-3.47251,0.364091,720,27.4
91,2279505.0,1457419.0,6371.0,29260.0,9174.0,-0.17868,1.9926,-3.0,3.0,0.3893,0.0017,0.05,-3.52949,0.350426,720,26.7
92,2517226.0,2352091.0,6245.5,32762.0,12438.0,-0.11007,2.03507,-3.0,3.0,0.4824,0.0013,0.05,-3.67821,0.363842,720,27.5
93,2522403.0,1142053.0,6195.5,29381.0,8638.0,-0.15137,2.01058,-3.0,3.0,0.3111,0.0017,0.05,-3.48491,0.372239,720,26.4
94,2245192.0,1099407.5,5881.5,29009.0,8523.0,-0.1399,1.94015,-3.0,3.0,0.3281,0.0018,0.05,-3.42517,0.352863,720,25.3
95,2344845.5,1043244.0,5832.0,29380.0,8887.0,-0.13798,1.95089,-3.0,3.0,0.3074,0.0017,0.05,-3.83252,0.35058,720,27.2
96,2845903.5,2092247.5,6073.5,31820.0,11134.0,-0.13077,1.9884,-3.0,3.0,0.4232,0.0012,0.05,-3.38238,0.345687,720,26.7
97,2033098.0,1535953.5,6305.5,31166.0,11070.0,-0.13804,2.01622,-3.0,3.0,0.4296,0.0018,0.05,-3.07739,0.361648,720,42.3
98,2231363.0,887158.0,5714.0,27998.0,7908.0,-0.14201,1.97644,-3.0,3.0,0.284,0.0018,0.05,-3.22082,0.372529,720,64.4
99,3657245.0,3801374.5,88951.0,34473.0,14034.0,-0.39758,2.16787,-3.0,3.0,0.5037,0.0118,0.05,-2.81228,0.389388,720,64.9
100,2105020.5,1604629.0,6091.5,30739.0,10346.0,-0.13461,1.99184,-3.0,3.0,0.4318,0.0016,0.05,-2.91933,0.353537,720,64.1
