episode,car_wait_total,bike_wait_total,ped_wait_total,car_queue_total,bike_queue_total,reward_mean,reward_std,reward_min,reward_max,bike_wait_frac,ped_wait_frac,epsilon,mean_q,mean_loss,decisions,wall_seconds
1,3117247.0,6107396.5,43884.5,48839.0,23229.0,-0.77123,2.00419,-3.0,3.0,0.6589,0.0047,nan,-2.06409,nan,1080,85.7
2,2914094.5,3950515.5,41934.0,44256.0,18279.0,-0.70626,1.97391,-3.0,3.0,0.572,0.0061,0.9644,1.149,0.771184,1080,2560.8
3,2612400.0,3290228.0,34924.5,41069.0,15533.0,-0.67091,1.92596,-3.0,3.0,0.5541,0.0059,0.9407,5.85087,0.904507,1080,79.3
4,2409890.5,1642429.5,32588.5,35896.0,10673.0,-0.67473,1.91583,-3.0,3.0,0.4021,0.008,0.9169,4.73577,0.829546,1080,90.4
5,2684305.5,6464858.0,34749.5,47103.0,21750.0,-0.63173,1.88088,-3.0,3.0,0.7039,0.0038,0.8932,3.70015,0.673274,1080,88.4
6,2535495.0,3259445.5,34353.5,40748.0,15787.0,-0.65479,1.89838,-3.0,3.0,0.5591,0.0059,0.8694,2.26491,0.66937,1080,86.2
7,2495747.0,3123519.0,23063.5,41625.0,16451.0,-0.58676,1.9367,-3.0,3.0,0.5536,0.0041,0.8457,2.28052,0.693522,1080,219.0
8,2429678.5,1961321.5,28160.5,38104.0,13242.0,-0.56974,1.85253,-3.0,3.0,0.4438,0.0064,0.8219,1.6235,0.604497,1080,108.9
9,2659417.0,9351278.5,27322.0,52371.0,27536.0,-0.6036,1.94406,-3.0,3.0,0.7768,0.0023,0.7982,1.60589,0.641409,1080,91.7
10,2351546.0,2020235.0,19471.0,36871.0,13041.0,-0.49448,1.86777,-3.0,3.0,0.4601,0.0044,0.7744,1.11819,0.61665,1080,248.0
11,2576152.0,6242634.5,21359.0,47917.0,22914.0,-0.46786,1.89011,-3.0,3.0,0.7062,0.0024,0.7507,1.23675,0.599893,1080,119.3
12,2548887.0,5634412.5,17472.0,45285.0,20060.0,-0.49818,1.87769,-3.0,3.0,0.6871,0.0021,0.7269,1.26338,0.572736,1080,94.6
13,2215421.0,1189096.5,16238.5,35085.0,10094.0,-0.43167,1.8093,-3.0,3.0,0.3476,0.0047,0.7032,0.47792,0.560001,1080,121.2
14,2691936.5,4326933.0,15491.5,44459.0,18637.0,-0.38651,1.91627,-3.0,3.0,0.6151,0.0022,0.6794,0.23379,0.549566,1080,126.4
15,2369014.5,3076049.0,14626.5,40297.0,15062.0,-0.39937,1.81349,-3.0,3.0,0.5634,0.0027,0.6557,-0.30686,0.516211,1080,221.3
16,2407240.0,6618859.5,17637.5,47880.0,22607.0,-0.43406,1.86601,-3.0,3.0,0.7319,0.002,0.6319,-1.06208,0.517116,1080,348.0
17,2232922.5,7020065.0,12198.5,47669.0,22872.0,-0.34812,1.87308,-3.0,3.0,0.7577,0.0013,0.6082,-1.10661,0.520663,1080,210.5
18,2202852.0,1317666.0,11757.5,34636.0,9710.0,-0.31607,1.75633,-3.0,3.0,0.373,0.0033,0.5844,-0.8263,0.497942,1080,81.5
19,2424313.0,3166117.5,12787.0,40575.0,15742.0,-0.35239,1.76232,-3.0,3.0,0.5651,0.0023,0.5607,-0.85063,0.476784,1080,85.7
20,2444937.0,6197865.0,16743.0,47231.0,21984.0,-0.35974,1.83279,-3.0,3.0,0.7157,0.0019,0.5369,-0.92105,0.465474,1080,89.7
21,2367526.0,3619457.0,10605.5,41689.0,16272.0,-0.30656,1.80237,-3.0,3.0,0.6035,0.0018,0.5132,-0.8947,0.458858,1080,86.6
22,2351106.5,4087955.5,10441.0,42899.0,17588.0,-0.25153,1.79486,-3.0,3.0,0.6338,0.0016,0.4894,-1.17027,0.488751,1080,219.3
23,2280469.5,4470291.5,10484.5,43881.0,18524.0,-0.30445,1.75603,-3.0,3.0,0.6612,0.0016,0.4657,-1.58002,0.488735,1080,144.2
24,2729762.0,3519164.5,7648.5,40377.0,14964.0,-0.20191,1.7038,-3.0,3.0,0.5625,0.0012,0.4419,-1.13466,0.469761,1080,163.1
25,2425508.0,1361087.0,10769.0,35863.0,9666.0,-0.29782,1.78589,-3.0,3.0,0.3584,0.0028,0.4182,-1.56714,0.454031,1080,183.7
26,2374959.0,3178448.0,8518.5,40994.0,15133.0,-0.2372,1.7889,-3.0,3.0,0.5715,0.0015,0.3944,-1.78531,0.468099,1080,170.8
27,2522553.5,7497389.5,15466.0,49774.0,24086.0,-0.37303,1.81927,-3.0,3.0,0.7471,0.0015,0.3707,-1.68831,0.424299,1080,176.7
28,2558323.5,5762587.0,9063.5,47003.0,20985.0,-0.25803,1.78096,-3.0,3.0,0.6918,0.0011,0.3469,-1.59098,0.434491,1080,231.4
29,2300558.5,7285645.0,14661.5,48697.0,23345.0,-0.28739,1.83739,-3.0,3.0,0.7589,0.0015,0.3232,-1.66302,0.442527,1080,164.3
30,2500754.5,4011121.0,7971.0,44382.0,18165.0,-0.2222,1.74283,-3.0,3.0,0.6152,0.0012,0.2994,-1.90892,0.422762,1080,188.8
31,2472493.0,2588480.5,7948.5,38954.0,13590.0,-0.15277,1.68275,-3.0,3.0,0.5107,0.0016,0.2757,-2.13006,0.436684,1080,160.0
32,2709746.5,4256392.5,7409.5,43920.0,18090.0,-0.17906,1.78782,-3.0,3.0,0.6104,0.0011,0.2519,-1.75132,0.411739,1080,99.9
33,2775696.5,6282801.0,6960.5,45731.0,20474.0,-0.16044,1.72596,-3.0,3.0,0.693,0.0008,0.2282,-2.37591,0.430282,1080,122.2
34,2731546.0,8834477.5,8467.0,50491.0,25590.0,-0.16333,1.82946,-3.0,3.0,0.7633,0.0007,0.2044,-2.49571,0.410814,1080,111.8
35,2499293.0,6713380.5,7054.5,48302.0,22814.0,-0.1586,1.77352,-3.0,3.0,0.7282,0.0008,0.1807,-2.33239,0.406456,1080,225.1
36,3408472.0,4625545.0,7014.0,44806.0,18508.0,-0.14156,1.77008,-3.0,3.0,0.5752,0.0009,0.1569,-2.1819,0.400373,1080,222.8
37,2508683.5,2344291.0,6770.0,38475.0,13303.0,-0.12373,1.75136,-3.0,3.0,0.4824,0.0014,0.1332,-1.9021,0.398639,1080,241.4
38,2638124.5,1553013.0,6379.5,36516.0,11385.0,-0.10332,1.69161,-3.0,3.0,0.37,0.0015,0.1094,-2.38468,0.401673,1080,109.9
39,2439024.0,3482100.0,6399.5,41627.0,16419.0,-0.11251,1.72229,-3.0,3.0,0.5874,0.0011,0.0857,-2.43015,0.405957,1080,103.6
40,3077900.5,947593.0,6479.0,33704.0,8623.0,-0.10239,1.66698,-3.0,3.0,0.235,0.0016,0.0619,-2.1834,0.371403,1080,159.6
41,2849563.5,1182714.5,5668.5,34752.0,9152.0,-0.07405,1.63496,-3.0,3.0,0.2929,0.0014,0.05,-2.73416,0.392056,1080,113.6
42,2943476.5,1913793.5,5674.5,37491.0,12610.0,-0.05827,1.62036,-3.0,3.0,0.3935,0.0012,0.05,-2.79646,0.386432,1080,112.5
43,3423724.0,2679364.5,6500.5,39346.0,13642.0,-0.12142,1.73185,-3.0,3.0,0.4386,0.0011,0.05,-2.42722,0.360882,1080,111.0
44,2716391.5,2574724.5,5818.5,38120.0,12964.0,-0.09813,1.67034,-3.0,3.0,0.4861,0.0011,0.05,-2.52977,0.341758,1080,113.4
45,2506306.0,3049650.5,6315.5,41571.0,15343.0,-0.11211,1.70258,-3.0,3.0,0.5483,0.0011,0.05,-2.5558,0.350898,1080,110.5
46,2699436.5,5111829.0,7103.0,45705.0,19636.0,-0.12519,1.75403,-3.0,3.0,0.6538,0.0009,0.05,-2.20018,0.33801,1080,191.7
47,2747557.0,2648319.0,6643.5,39522.0,13907.0,-0.11657,1.65208,-3.0,3.0,0.4902,0.0012,0.05,-2.21979,0.339784,1080,104.8
48,2428555.0,2307715.0,6012.0,38440.0,13420.0,-0.10639,1.69919,-3.0,3.0,0.4866,0.0013,0.05,-2.41874,0.331871,1080,118.8
49,2910861.5,3559145.0,7047.5,42022.0,16582.0,-0.12645,1.70957,-3.0,3.0,0.5495,0.0011,0.05,-2.51403,0.32317,1080,160.4
50,2718975.0,3228634.0,6474.0,40096.0,14507.0,-0.12674,1.72299,-3.0,3.0,0.5423,0.0011,0.05,-2.65832,0.347797,1080,123.8
51,2834548.0,1182876.5,5581.5,33456.0,8925.0,-0.08034,1.60803,-3.0,3.0,0.294,0.0014,0.05,-2.77147,0.350123,1080,109.7
52,2856195.5,2457434.0,5633.0,38693.0,13533.0,-0.08053,1.64095,-3.0,3.0,0.462,0.0011,0.05,-2.43688,0.329002,1080,111.4
53,2452344.5,1319616.0,6094.0,35348.0,10172.0,-0.10377,1.64762,-3.0,3.0,0.3493,0.0016,0.05,-2.54756,0.335893,1080,160.6
54,2167668.5,2465662.0,5679.5,37696.0,13190.0,-0.09914,1.64671,-3.0,3.0,0.5315,0.0012,0.05,-2.42056,0.334011,1080,110.1
55,2285136.0,971634.5,5598.5,32643.0,8083.0,-0.08257,1.59627,-3.0,3.0,0.2978,0.0017,0.05,-2.6325,0.329077,1080,103.5
56,2850942.0,1470044.0,6126.5,36446.0,10769.0,-0.07768,1.67206,-3.0,3.0,0.3397,0.0014,0.05,-2.54635,0.338685,1080,112.0
57,2720452.0,2015545.0,5280.0,35616.0,11471.0,-0.08324,1.61607,-3.0,3.0,0.4251,0.0011,0.05,-2.26589,0.302401,1080,98.6
58,2803961.5,2808907.0,5784.5,39672.0,14498.0,-0.08852,1.65271,-3.0,3.0,0.4999,0.001,0.05,-1.95911,0.307215,1080,83.6
59,2610661.0,1940116.5,6340.0,37199.0,12165.0,-0.08782,1.67446,-3.0,3.0,0.4257,0.0014,0.05,-2.00842,0.306073,1080,83.1
60,2430071.0,2314018.5,6588.0,38644.0,13897.0,-0.12055,1.66234,-3.0,3.0,0.4871,0.0014,0.05,-1.89355,0.297066,1080,82.0
61,2590385.0,1616097.5,5956.5,34629.0,10886.0,-0.07848,1.63808,-3.0,3.0,0.3836,0.0014,0.05,-1.83814,0.291446,1080,81.8
62,2161958.0,1643013.0,6251.5,36501.0,11859.0,-0.09574,1.67236,-3.0,3.0,0.4311,0.0016,0.05,-1.78713,0.284269,1080,81.5
63,2304431.0,1998241.5,6331.0,36422.0,11954.0,-0.0892,1.67185,-3.0,3.0,0.4637,0.0015,0.05,-1.76123,0.289049,1080,82.8
64,2605285.0,946446.0,5655.0,33589.0,7580.0,-0.06613,1.62936,-3.0,3.0,0.2661,0.0016,0.05,-1.68411,0.290634,1080,82.4
65,2953851.0,1907014.5,283821.5,36022.0,11443.0,-0.30465,1.79141,-3.0,3.0,0.3707,0.0552,0.05,-0.95238,0.323247,1080,83.8
66,2691504.0,2991740.5,7378.5,40671.0,15140.0,-0.12345,1.68341,-3.0,3.0,0.5257,0.0013,0.05,-0.63965,0.396255,1080,84.6
67,2449372.0,2576713.0,6346.0,38572.0,13901.0,-0.11531,1.6691,-3.0,3.0,0.512,0.0013,0.05,-1.08459,0.335428,1080,82.1
68,2242480.5,2900636.5,6548.5,40549.0,15004.0,-0.1337,1.67916,-3.0,3.0,0.5633,0.0013,0.05,-1.71157,0.324494,1080,84.5
69,2186569.5,3161955.5,6472.5,40786.0,15919.0,-0.10335,1.6903,-3.0,3.0,0.5905,0.0012,0.05,-2.13857,0.315003,1080,83.3
70,2246726.5,764609.5,6838.5,32326.0,7953.0,-0.09654,1.68443,-3.0,3.0,0.2533,0.0023,0.05,-2.06243,0.319647,1080,81.7
71,2341655.0,3754020.5,6304.0,41487.0,16558.0,-0.09915,1.67872,-3.0,3.0,0.6152,0.001,0.05,-2.16649,0.311168,1080,87.0
72,2657739.5,5982736.5,6279.5,46459.0,21474.0,-0.11846,1.73946,-3.0,3.0,0.6919,0.0007,0.05,-1.68963,0.317656,1080,87.6
73,2274427.0,2042622.5,6380.0,37880.0,12947.0,-0.07748,1.71488,-3.0,3.0,0.4725,0.0015,0.05,-2.17019,0.323331,1080,84.1
74,3022499.5,3855776.5,6469.5,41247.0,17354.0,-0.0729,1.7183,-3.0,3.0,0.56,0.0009,0.05,-2.1744,0.330208,1080,97.1
75,2596874.5,1850586.0,5967.0,35843.0,10824.0,-0.0741,1.63274,-3.0,3.0,0.4155,0.0013,0.05,-2.30578,0.321174,1080,117.8
76,2523189.5,1084896.0,5714.5,31910.0,8292.0,-0.0712,1.64149,-3.0,3.0,0.3002,0.0016,0.05,-2.32925,0.320662,1080,150.1
77,2423483.5,1685453.5,13907.5,34862.0,10680.0,-0.13322,1.70372,-3.0,3.0,0.4088,0.0034,0.05,-2.23182,0.311731,1080,121.8
78,2188516.0,1406903.5,6961.5,35105.0,10804.0,-0.07722,1.71424,-3.0,3.0,0.3905,0.0019,0.05,-2.15286,0.29181,1080,103.2
79,3322818.5,1335299.0,5633.5,35347.0,9884.0,-0.08554,1.63514,-3.0,3.0,0.2863,0.0012,0.05,-1.78916,0.294327,1080,109.3
80,3115882.5,4308323.0,12606.5,44275.0,17854.0,-0.20654,1.70459,-3.0,3.0,0.5793,0.0017,0.05,-1.82902,0.299509,1080,109.9
81,2535237.0,1990160.0,6555.5,38031.0,12627.0,-0.09092,1.69152,-3.0,3.0,0.4391,0.0014,0.05,-1.60869,0.29673,1080,105.4
82,2609139.0,887369.5,5135.0,32489.0,8089.0,-0.05461,1.56867,-3.0,3.0,0.2534,0.0015,0.05,-1.59088,0.285708,1080,94.9
83,2421466.0,2289574.0,6269.5,38662.0,13166.0,-0.09018,1.69683,-3.0,3.0,0.4854,0.0013,0.05,-1.60781,0.273019,1080,102.1
84,2445610.0,3352383.5,6105.5,41402.0,16100.0,-0.0639,1.71408,-3.0,3.0,0.5776,0.0011,0.05,-1.67632,0.26455,1080,102.1
85,2433198.5,4500067.5,6594.5,43326.0,18246.0,-0.09246,1.74068,-3.0,3.0,0.6484,0.001,0.05,-2.04306,0.294528,1080,108.6
86,2234012.0,3478925.5,6309.5,40918.0,16289.0,-0.08921,1.69575,-3.0,3.0,0.6083,0.0011,0.05,-2.39958,0.315486,1080,98.4
87,2976897.5,2123461.5,5839.5,36633.0,11562.0,-0.05953,1.65599,-3.0,3.0,0.4159,0.0011,0.05,-1.98411,0.310365,1080,104.4
88,2416590.0,2410247.0,6049.0,38069.0,13477.0,-0.08804,1.65775,-3.0,3.0,0.4987,0.0013,0.05,-1.67252,0.311124,1080,103.1
89,2262306.5,1603146.0,6169.5,35338.0,11411.0,-0.09448,1.65405,-3.0,3.0,0.4141,0.0016,0.05,-1.94813,0.318518,1080,108.0
90,2458220.0,1370962.0,5609.0,34631.0,10644.0,-0.06777,1.64343,-3.0,3.0,0.3575,0.0015,0.05,-2.03684,0.307211,1080,105.2
91,2389478.0,1675631.0,6290.0,36155.0,11413.0,-0.09549,1.67243,-3.0,3.0,0.4116,0.0015,0.05,-2.004,0.306595,1080,110.7
92,2469367.0,2443447.0,22786.5,37536.0,13558.0,-0.15475,1.6859,-3.0,3.0,0.4951,0.0046,0.05,-1.95266,0.312299,1080,102.8
93,2509741.5,2514435.5,7242.5,38793.0,14118.0,-0.11571,1.73067,-3.0,3.0,0.4997,0.0014,0.05,-1.95508,0.303308,1080,100.1
94,2665936.5,1893217.5,6217.0,36682.0,12223.0,-0.08233,1.65344,-3.0,3.0,0.4147,0.0014,0.05,-1.95714,0.311233,1080,101.0
95,2301071.0,2929053.5,6260.5,38378.0,14505.0,-0.08241,1.6839,-3.0,3.0,0.5594,0.0012,0.05,-2.20374,0.302848,1080,104.7
96,2091550.5,1505951.5,7582.0,35272.0,10974.0,-0.13319,1.68503,-3.0,3.0,0.4177,0.0021,0.05,-2.10785,0.30629,1080,122.8
97,2688955.5,3259006.5,7469.5,40885.0,15439.0,-0.10632,1.72798,-3.0,3.0,0.5472,0.0013,0.05,-1.80613,0.302128,1080,94.8
98,2188210.0,2328084.0,5625.5,37737.0,13493.0,-0.07008,1.61461,-3.0,3.0,0.5148,0.0012,0.05,-1.86676,0.29819,1080,94.1
99,2464305.0,2278149.0,6238.0,38004.0,13051.0,-0.08704,1.64903,-3.0,3.0,0.4797,0.0013,0.05,-1.77775,0.301056,1080,97.3
100,2599972.0,2089377.0,5709.0,35701.0,10961.0,-0.0958,1.61155,-3.0,3.0,0.445,0.0012,0.05,-1.54276,0.319608,1080,108.3
