episode,decision,signal_id,reward
1,50,J01,-1.47596
1,100,J01,-3.0
1,150,J01,-3.0
1,200,J01,-3.0
1,250,J01,-3.0
1,300,J01,-3.0
1,350,J01,-3.0
1,400,J01,-3.0
1,450,J01,-3.0
1,500,J01,-3.0
1,550,J01,-3.0
1,600,J01,-3.0
1,650,J01,-1.29685
1,700,J01,3.0
1,750,J01,-2.1382
1,800,J01,-0.45236
1,850,J01,0.32377
1,900,J01,-0.3876
1,950,J01,-0.47364
1,1000,J01,0.92137
1,1050,J01,0.75116
2,50,J01,-0.86741
2,100,J01,-1.37983
2,150,J01,-3.0
2,200,J01,-3.0
2,250,J01,-0.04139
2,300,J01,-3.0
2,350,J01,3.0
2,400,J01,-3.0
2,450,J01,-0.50934
2,500,J01,-1.46929
2,550,J01,3.0
2,600,J01,-3.0
2,650,J01,-2.28941
2,700,J01,3.0
2,750,J01,-2.15107
2,800,J01,-0.3136
2,850,J01,0.3358
2,900,J01,0.28122
2,950,J01,-0.44958
2,1000,J01,0.21832
2,1050,J01,0.54209
3,50,J01,-3.0
3,100,J01,-2.0505
3,150,J01,-3.0
3,200,J01,-1.17637
3,250,J01,0.5208
3,300,J01,-3.0
3,350,J01,-3.0
3,400,J01,-3.0
3,450,J01,-3.0
3,500,J01,-2.73889
3,550,J01,-3.0
3,600,J01,2.70066
3,650,J01,-3.0
3,700,J01,3.0
3,750,J01,2.41465
3,800,J01,-0.41258
3,850,J01,-0.12581
3,900,J01,1.16374
3,950,J01,-0.42183
3,1000,J01,-0.46994
3,1050,J01,-0.08511
4,50,J01,-2.92036
4,100,J01,3.0
4,150,J01,-2.04585
4,200,J01,3.0
4,250,J01,-0.5047
4,300,J01,-2.80091
4,350,J01,-3.0
4,400,J01,-2.91625
4,450,J01,-3.0
4,500,J01,-0.08437
4,550,J01,3.0
4,600,J01,-3.0
4,650,J01,3.0
4,700,J01,3.0
4,750,J01,2.22071
4,800,J01,-0.22387
4,850,J01,-0.28585
4,900,J01,-0.08881
4,950,J01,0.26549
4,1000,J01,-0.34228
4,1050,J01,-0.46994
5,50,J01,3.0
5,100,J01,-3.0
5,150,J01,-2.02975
5,200,J01,-1.34837
5,250,J01,-2.58173
5,300,J01,-3.0
5,350,J01,3.0
5,400,J01,3.0
5,450,J01,3.0
5,500,J01,-1.17963
5,550,J01,3.0
5,600,J01,-0.67541
5,650,J01,-3.0
5,700,J01,-3.0
5,750,J01,0.1093
5,800,J01,-0.54579
5,850,J01,0.52729
5,900,J01,-0.11193
5,950,J01,0.28492
5,1000,J01,0.73173
5,1050,J01,-0.19149
6,50,J01,3.0
6,100,J01,-1.69474
6,150,J01,-2.8767
6,200,J01,3.0
6,250,J01,-3.0
6,300,J01,3.0
6,350,J01,-3.0
6,400,J01,-1.61697
6,450,J01,-3.0
6,500,J01,-0.61689
6,550,J01,-3.0
6,600,J01,2.51368
6,650,J01,-1.93061
6,700,J01,-3.0
6,750,J01,0.88281
6,800,J01,-0.45513
6,850,J01,-0.25532
6,900,J01,-0.28122
6,950,J01,0.12118
6,1000,J01,-0.36355
6,1050,J01,2.52821
7,50,J01,-0.49764
7,100,J01,-1.77147
7,150,J01,-1.77377
7,200,J01,-1.95872
7,250,J01,0.04878
7,300,J01,3.0
7,350,J01,3.0
7,400,J01,3.0
7,450,J01,-0.57914
7,500,J01,-1.90494
7,550,J01,-3.0
7,600,J01,2.09782
7,650,J01,-3.0
7,700,J01,-3.0
7,750,J01,3.0
7,800,J01,-0.40703
7,850,J01,0.1416
7,900,J01,-0.20444
7,950,J01,0.53562
7,1000,J01,-0.15726
7,1050,J01,-0.07308
8,50,J01,3.0
8,100,J01,-3.0
8,150,J01,-2.9315
8,200,J01,3.0
8,250,J01,-0.95459
8,300,J01,3.0
8,350,J01,-0.19435
8,400,J01,-3.0
8,450,J01,3.0
8,500,J01,-1.07777
8,550,J01,-3.0
8,600,J01,-0.37046
8,650,J01,-3.0
8,700,J01,-3.0
8,750,J01,-1.50512
8,800,J01,-0.33858
8,850,J01,-0.54936
8,900,J01,-0.31481
8,950,J01,0.50786
8,1000,J01,0.00833
8,1050,J01,-0.47734
9,50,J01,-2.24235
9,100,J01,-3.0
9,150,J01,3.0
9,200,J01,-0.68765
9,250,J01,-3.0
9,300,J01,-3.0
9,350,J01,0.64599
9,400,J01,3.0
9,450,J01,0.65931
9,500,J01,-0.84745
9,550,J01,3.0
9,600,J01,-3.0
9,650,J01,-1.57988
9,700,J01,-3.0
9,750,J01,-0.79615
9,800,J01,-0.23127
9,850,J01,0.31822
9,900,J01,-0.51804
9,950,J01,-0.26642
9,1000,J01,-0.06105
9,1050,J01,-0.46531
10,50,J01,-0.57277
10,100,J01,-2.59253
10,150,J01,-3.0
10,200,J01,-0.51461
10,250,J01,-1.8031
10,300,J01,0.98059
10,350,J01,-1.00221
10,400,J01,-3.0
10,450,J01,-0.2586
10,500,J01,3.0
10,550,J01,-3.0
10,600,J01,-3.0
10,650,J01,-3.0
10,700,J01,-1.11053
10,750,J01,3.0
10,800,J01,-0.06846
10,850,J01,-0.51804
10,900,J01,0.11008
10,950,J01,-0.03145
10,1000,J01,-0.51804
10,1050,J01,-0.25717
11,50,J01,-0.5666
11,100,J01,-3.0
11,150,J01,-2.82637
11,200,J01,-1.56295
11,250,J01,-2.07166
11,300,J01,-1.60725
11,350,J01,-0.42534
11,400,J01,-3.0
11,450,J01,1.77792
11,500,J01,-0.33984
11,550,J01,3.0
11,600,J01,-3.0
11,650,J01,1.38432
11,700,J01,-3.0
11,750,J01,-0.66517
11,800,J01,0.20259
11,850,J01,-0.49584
11,900,J01,-0.12211
11,950,J01,0.08048
11,1000,J01,0.41258
11,1050,J01,-0.43478
12,50,J01,-0.66957
12,100,J01,0.58026
12,150,J01,-3.0
12,200,J01,3.0
12,250,J01,-1.25919
12,300,J01,-3.0
12,350,J01,-0.36311
12,400,J01,2.82961
12,450,J01,-2.30702
12,500,J01,-3.0
12,550,J01,1.09496
12,600,J01,-3.0
12,650,J01,-1.98088
12,700,J01,-3.0
12,750,J01,-0.63492
12,800,J01,0.17854
12,850,J01,-0.24422
12,900,J01,0.08788
12,950,J01,0.79926
12,1000,J01,-0.50694
12,1050,J01,-0.29047
13,50,J01,-3.0
13,100,J01,0.99431
13,150,J01,1.85458
13,200,J01,-0.96853
13,250,J01,3.0
13,300,J01,0.56896
13,350,J01,3.0
13,400,J01,-1.90914
13,450,J01,-3.0
13,500,J01,3.0
13,550,J01,1.13677
13,600,J01,-2.17459
13,650,J01,-3.0
13,700,J01,-2.64348
13,750,J01,-0.37917
13,800,J01,1.08418
13,850,J01,0.00278
13,900,J01,-0.33765
13,950,J01,-0.22479
13,1000,J01,-0.45976
13,1050,J01,-0.50231
14,50,J01,-3.0
14,100,J01,-0.49544
14,150,J01,0.92801
14,200,J01,-0.69927
14,250,J01,-0.80008
14,300,J01,3.0
14,350,J01,3.0
14,400,J01,3.0
14,450,J01,-0.77119
14,500,J01,3.0
14,550,J01,3.0
14,600,J01,2.06661
14,650,J01,1.45367
14,700,J01,-1.57342
14,750,J01,2.8092
14,800,J01,-0.01295
14,850,J01,-0.16836
14,900,J01,0.45143
14,950,J01,-0.17299
14,1000,J01,0.21277
14,1050,J01,-0.24329
15,50,J01,-2.47254
15,100,J01,-2.28655
15,150,J01,3.0
15,200,J01,-1.6588
15,250,J01,-0.65516
15,300,J01,-3.0
15,350,J01,2.71518
15,400,J01,-3.0
15,450,J01,3.0
15,500,J01,-0.3918
15,550,J01,-3.0
15,600,J01,-1.87163
15,650,J01,3.0
15,700,J01,-0.57484
15,750,J01,1.9965
15,800,J01,0.15449
15,850,J01,-0.31175
15,900,J01,0.07863
15,950,J01,1.21092
15,1000,J01,-0.17021
15,1050,J01,-0.07956
16,50,J01,-2.39337
16,100,J01,1.98178
16,150,J01,1.96596
16,200,J01,3.0
16,250,J01,-0.21406
16,300,J01,1.33769
16,350,J01,3.0
16,400,J01,3.0
16,450,J01,-2.79639
16,500,J01,1.24607
16,550,J01,-1.25645
16,600,J01,-1.72461
16,650,J01,3.0
16,700,J01,-3.0
16,750,J01,-0.19747
16,800,J01,0.23682
16,850,J01,0.24977
16,900,J01,1.40333
16,950,J01,-0.44588
16,1000,J01,0.48474
16,1050,J01,0.33488
17,50,J01,-1.27316
17,100,J01,3.0
17,150,J01,3.0
17,200,J01,0.48756
17,250,J01,-3.0
17,300,J01,3.0
17,350,J01,-2.35957
17,400,J01,-3.0
17,450,J01,-1.78787
17,500,J01,-2.48856
17,550,J01,3.0
17,600,J01,-3.0
17,650,J01,-1.49074
17,700,J01,-0.36264
17,750,J01,3.0
17,800,J01,0.21462
17,850,J01,-0.28215
17,900,J01,0.11471
17,950,J01,-0.20352
17,1000,J01,-0.48289
17,1050,J01,-0.21647
18,50,J01,3.0
18,100,J01,-3.0
18,150,J01,-1.06464
18,200,J01,-1.03992
18,250,J01,-0.32345
18,300,J01,0.69163
18,350,J01,0.39078
18,400,J01,3.0
18,450,J01,1.43125
18,500,J01,3.0
18,550,J01,0.44486
18,600,J01,-1.20965
18,650,J01,-3.0
18,700,J01,-3.0
18,750,J01,0.05575
18,800,J01,-0.17021
18,850,J01,0.33117
18,900,J01,0.54672
18,950,J01,-0.14061
18,1000,J01,0.65587
18,1050,J01,-0.3654
19,50,J01,-0.68884
19,100,J01,-0.54944
19,150,J01,0.32687
19,200,J01,-1.01881
19,250,J01,3.0
19,300,J01,3.0
19,350,J01,-3.0
19,400,J01,-3.0
19,450,J01,0.43657
19,500,J01,3.0
19,550,J01,-3.0
19,600,J01,-1.56828
19,650,J01,3.0
19,700,J01,3.0
19,750,J01,-0.81361
19,800,J01,0.46994
19,850,J01,0.2988
19,900,J01,-0.07031
19,950,J01,-0.54394
19,1000,J01,0.20074
19,1050,J01,0.15911
20,50,J01,3.0
20,100,J01,-3.0
20,150,J01,-3.0
20,200,J01,3.0
20,250,J01,-2.97763
20,300,J01,-2.0435
20,350,J01,-0.29869
20,400,J01,-3.0
20,450,J01,1.93032
20,500,J01,1.67302
20,550,J01,3.0
20,600,J01,-2.60897
20,650,J01,3.0
20,700,J01,-3.0
20,750,J01,1.64121
20,800,J01,-0.15726
20,850,J01,-0.22572
20,900,J01,-0.44403
20,950,J01,-0.47179
20,1000,J01,0.0481
20,1050,J01,-0.19889
21,50,J01,-1.70616
21,100,J01,-2.4124
21,150,J01,2.85326
21,200,J01,2.05431
21,250,J01,-0.84634
21,300,J01,-0.69025
21,350,J01,-3.0
21,400,J01,2.01124
21,450,J01,3.0
21,500,J01,-3.0
21,550,J01,-3.0
21,600,J01,-2.40637
21,650,J01,-2.12955
21,700,J01,-1.89709
21,750,J01,2.90715
21,800,J01,0.16281
21,850,J01,0.0074
21,900,J01,-0.0222
21,950,J01,-0.07771
21,1000,J01,0.04718
21,1050,J01,-0.02683
22,50,J01,-2.90097
22,100,J01,-3.0
22,150,J01,-2.95343
22,200,J01,-2.64324
22,250,J01,-1.47541
22,300,J01,-1.08448
22,350,J01,3.0
22,400,J01,3.0
22,450,J01,3.0
22,500,J01,0.02
22,550,J01,-0.07253
22,600,J01,-0.80001
22,650,J01,-3.0
22,700,J01,-0.89292
22,750,J01,-0.30712
22,800,J01,0.24144
22,850,J01,-0.02498
22,900,J01,0.3268
22,950,J01,0.23312
22,1000,J01,-0.03515
22,1050,J01,-0.30712
23,50,J01,1.14671
23,100,J01,1.48677
23,150,J01,-1.2876
23,200,J01,-1.62047
23,250,J01,3.0
23,300,J01,-3.0
23,350,J01,-3.0
23,400,J01,-3.0
23,450,J01,2.29735
23,500,J01,-3.0
23,550,J01,-3.0
23,600,J01,-0.68687
23,650,J01,-0.59367
23,700,J01,3.0
23,750,J01,1.48176
23,800,J01,0.47632
23,850,J01,1.10453
23,900,J01,0.15819
23,950,J01,0.3802
23,1000,J01,-0.10453
23,1050,J01,-0.21924
24,50,J01,-0.6066
24,100,J01,1.80761
24,150,J01,2.99719
24,200,J01,0.21711
24,250,J01,0.57454
24,300,J01,-2.68026
24,350,J01,0.63215
24,400,J01,-3.0
24,450,J01,0.80179
24,500,J01,-0.14896
24,550,J01,-3.0
24,600,J01,1.93335
24,650,J01,-1.85792
24,700,J01,2.6286
24,750,J01,-0.03053
24,800,J01,-0.3543
24,850,J01,-0.40333
24,900,J01,1.14894
24,950,J01,0.41351
24,1000,J01,0.07308
24,1050,J01,-0.11841
25,50,J01,-0.2921
25,100,J01,-2.55875
25,150,J01,2.62915
25,200,J01,0.99476
25,250,J01,0.07698
25,300,J01,-3.0
25,350,J01,3.0
25,400,J01,0.99368
25,450,J01,1.32269
25,500,J01,-0.28756
25,550,J01,-3.0
25,600,J01,-3.0
25,650,J01,-3.0
25,700,J01,-1.10324
25,750,J01,-0.2888
25,800,J01,1.02868
25,850,J01,-0.51989
25,900,J01,0.30805
25,950,J01,-0.45883
25,1000,J01,-0.3321
25,1050,J01,-0.07401
26,50,J01,0.40808
26,100,J01,-3.0
26,150,J01,2.32422
26,200,J01,-1.46007
26,250,J01,1.31716
26,300,J01,-2.54842
26,350,J01,-2.00974
26,400,J01,-2.16966
26,450,J01,0.27267
26,500,J01,3.0
26,550,J01,-3.0
26,600,J01,-1.60591
26,650,J01,-1.45599
26,700,J01,0.9027
26,750,J01,0.3977
26,800,J01,0.08881
26,850,J01,0.0333
26,900,J01,-0.37095
26,950,J01,0.08326
26,1000,J01,-0.14986
26,1050,J01,-0.10916
27,50,J01,-0.34413
27,100,J01,-1.60698
27,150,J01,-0.47729
27,200,J01,3.0
27,250,J01,-1.02137
27,300,J01,-0.74316
27,350,J01,-0.51859
27,400,J01,-3.0
27,450,J01,3.0
27,500,J01,-0.35972
27,550,J01,-3.0
27,600,J01,-1.06455
27,650,J01,-3.0
27,700,J01,-3.0
27,750,J01,-0.70342
27,800,J01,-0.30065
27,850,J01,-0.18686
27,900,J01,0.6309
27,950,J01,-0.20352
27,1000,J01,0.16929
27,1050,J01,-0.21277
28,50,J01,1.33587
28,100,J01,-3.0
28,150,J01,0.18778
28,200,J01,3.0
28,250,J01,0.76641
28,300,J01,-2.20979
28,350,J01,3.0
28,400,J01,-3.0
28,450,J01,0.72187
28,500,J01,-0.86212
28,550,J01,0.25122
28,600,J01,3.0
28,650,J01,1.45587
28,700,J01,-2.4276
28,750,J01,-0.28073
28,800,J01,-0.42091
28,850,J01,1.18871
28,900,J01,0.0259
28,950,J01,2.07678
28,1000,J01,0.9482
28,1050,J01,-0.0037
29,50,J01,0.74148
29,100,J01,-3.0
29,150,J01,0.84512
29,200,J01,-1.31209
29,250,J01,0.25735
29,300,J01,-0.37825
29,350,J01,3.0
29,400,J01,1.50244
29,450,J01,-3.0
29,500,J01,-0.66246
29,550,J01,0.94776
29,600,J01,-1.88696
29,650,J01,-1.13462
29,700,J01,-0.98029
29,750,J01,0.26549
29,800,J01,0.20352
29,850,J01,-0.37558
29,900,J01,-0.05735
29,950,J01,-0.22109
29,1000,J01,-0.24052
29,1050,J01,-0.27752
30,50,J01,0.56206
30,100,J01,1.55701
30,150,J01,-1.65542
30,200,J01,-2.24213
30,250,J01,-0.9799
30,300,J01,0.42693
30,350,J01,3.0
30,400,J01,0.68682
30,450,J01,2.35477
30,500,J01,1.34479
30,550,J01,-3.0
30,600,J01,-3.0
30,650,J01,-1.14705
30,700,J01,3.0
30,750,J01,0.90853
30,800,J01,0.02405
30,850,J01,1.09343
30,900,J01,-0.22109
30,950,J01,0.00093
30,1000,J01,-0.26179
30,1050,J01,-0.35615
31,50,J01,-0.4896
31,100,J01,1.38771
31,150,J01,0.19623
31,200,J01,3.0
31,250,J01,0.90519
31,300,J01,-1.92669
31,350,J01,-2.23012
31,400,J01,-2.94657
31,450,J01,-1.26643
31,500,J01,-0.55705
31,550,J01,3.0
31,600,J01,2.70973
31,650,J01,2.18896
31,700,J01,3.0
31,750,J01,0.93863
31,800,J01,-0.42646
31,850,J01,0.30157
31,900,J01,0.53377
31,950,J01,-0.15039
31,1000,J01,-0.0592
31,1050,J01,-0.20907
32,50,J01,-0.44098
32,100,J01,3.0
32,150,J01,-1.92377
32,200,J01,-0.2944
32,250,J01,3.0
32,300,J01,-3.0
32,350,J01,3.0
32,400,J01,-3.0
32,450,J01,-0.73379
32,500,J01,-0.73437
32,550,J01,2.52464
32,600,J01,-2.16194
32,650,J01,-3.0
32,700,J01,-2.73915
32,750,J01,-0.37635
32,800,J01,-0.41721
32,850,J01,-0.19149
32,900,J01,0.51341
32,950,J01,-0.16651
32,1000,J01,0.53562
32,1050,J01,0.3839
33,50,J01,1.96929
33,100,J01,-0.69287
33,150,J01,-2.76705
33,200,J01,-1.25435
33,250,J01,-0.5125
33,300,J01,-0.3956
33,350,J01,3.0
33,400,J01,-0.14616
33,450,J01,-0.42177
33,500,J01,-0.75473
33,550,J01,2.71265
33,600,J01,1.06351
33,650,J01,1.49435
33,700,J01,3.0
33,750,J01,0.0444
33,800,J01,-0.44311
33,850,J01,-0.31452
33,900,J01,-0.31452
33,950,J01,0.00925
33,1000,J01,0.32747
33,1050,J01,0.08418
34,50,J01,-0.71622
34,100,J01,-2.19876
34,150,J01,-3.0
34,200,J01,2.27792
34,250,J01,0.82422
34,300,J01,3.0
34,350,J01,-2.33954
34,400,J01,-1.97637
34,450,J01,0.33761
34,500,J01,0.41846
34,550,J01,3.0
34,600,J01,-0.86158
34,650,J01,-2.18684
34,700,J01,-0.44156
34,750,J01,-0.32581
34,800,J01,0.05735
34,850,J01,-0.51526
34,900,J01,-0.20167
34,950,J01,0.3247
34,1000,J01,0.69288
34,1050,J01,-0.21184
35,50,J01,2.62259
35,100,J01,3.0
35,150,J01,-3.0
35,200,J01,3.0
35,250,J01,1.0965
35,300,J01,3.0
35,350,J01,-0.7187
35,400,J01,-0.33932
35,450,J01,3.0
35,500,J01,-0.06114
35,550,J01,3.0
35,600,J01,-0.9579
35,650,J01,3.0
35,700,J01,-0.60177
35,750,J01,0.19334
35,800,J01,-0.27197
35,850,J01,-0.33488
35,900,J01,0.26642
35,950,J01,0.11841
35,1000,J01,-0.15541
35,1050,J01,-0.20999
36,50,J01,-2.34312
36,100,J01,-1.24852
36,150,J01,3.0
36,200,J01,3.0
36,250,J01,-3.0
36,300,J01,-1.35575
36,350,J01,-1.73312
36,400,J01,-3.0
36,450,J01,-0.96188
36,500,J01,3.0
36,550,J01,0.65318
36,600,J01,0.49557
36,650,J01,2.05903
36,700,J01,-1.23183
36,750,J01,0.80972
36,800,J01,-0.37188
36,850,J01,0.17114
36,900,J01,0.39584
36,950,J01,-0.0407
36,1000,J01,-0.13599
36,1050,J01,-0.16374
37,50,J01,-0.335
37,100,J01,-3.0
37,150,J01,-3.0
37,200,J01,1.24364
37,250,J01,-1.00634
37,300,J01,-1.76467
37,350,J01,0.64817
37,400,J01,-3.0
37,450,J01,0.8536
37,500,J01,3.0
37,550,J01,-3.0
37,600,J01,2.90647
37,650,J01,0.19685
37,700,J01,0.87319
37,750,J01,-0.40117
37,800,J01,0.46531
37,850,J01,-0.51249
37,900,J01,-0.16559
37,950,J01,-0.18165
37,1000,J01,-0.17854
37,1050,J01,0.05643
38,50,J01,-1.13204
38,100,J01,0.42804
38,150,J01,0.29399
38,200,J01,-3.0
38,250,J01,-0.30527
38,300,J01,1.41888
38,350,J01,1.03359
38,400,J01,3.0
38,450,J01,-0.91871
38,500,J01,-0.81589
38,550,J01,-1.9195
38,600,J01,-1.30079
38,650,J01,-0.70787
38,700,J01,-1.52602
38,750,J01,-0.49956
38,800,J01,0.80666
38,850,J01,-0.44496
38,900,J01,0.31452
38,950,J01,0.02035
38,1000,J01,0.18686
38,1050,J01,1.00925
39,50,J01,-1.08365
39,100,J01,2.00355
39,150,J01,0.68814
39,200,J01,1.80737
39,250,J01,-0.46987
39,300,J01,2.35367
39,350,J01,0.92695
39,400,J01,-3.0
39,450,J01,-0.77779
39,500,J01,-0.64678
39,550,J01,-3.0
39,600,J01,0.90232
39,650,J01,-1.01717
39,700,J01,-2.45336
39,750,J01,-0.37129
39,800,J01,-0.12951
39,850,J01,-0.35708
39,900,J01,-0.57817
39,950,J01,-0.21647
39,1000,J01,0.0037
39,1050,J01,-0.16836
40,50,J01,3.0
40,100,J01,-2.69815
40,150,J01,-1.80026
40,200,J01,-0.65404
40,250,J01,-0.33919
40,300,J01,2.66452
40,350,J01,1.16518
40,400,J01,-3.0
40,450,J01,-0.19757
40,500,J01,3.0
40,550,J01,3.0
40,600,J01,-3.0
40,650,J01,-3.0
40,700,J01,-3.0
40,750,J01,1.11667
40,800,J01,0.28307
40,850,J01,-0.17669
40,900,J01,-0.02035
40,950,J01,-0.27475
40,1000,J01,-0.35985
40,1050,J01,-0.16004
41,50,J01,2.64508
41,100,J01,0.78611
41,150,J01,0.09678
41,200,J01,-0.6544
41,250,J01,-0.42747
41,300,J01,-0.40915
41,350,J01,-1.92541
41,400,J01,-3.0
41,450,J01,-1.09506
41,500,J01,0.43086
41,550,J01,3.0
41,600,J01,-0.90034
41,650,J01,-3.0
41,700,J01,3.0
41,750,J01,-0.14986
41,800,J01,-0.29047
41,850,J01,-0.12581
41,900,J01,0.22109
41,950,J01,-0.29602
41,1000,J01,-0.23959
41,1050,J01,-0.20722
42,50,J01,-0.10788
42,100,J01,-0.10841
42,150,J01,3.0
42,200,J01,0.97225
42,250,J01,2.77525
42,300,J01,-0.49879
42,350,J01,-3.0
42,400,J01,-2.48829
42,450,J01,3.0
42,500,J01,-2.09443
42,550,J01,-3.0
42,600,J01,-2.50476
42,650,J01,-2.34602
42,700,J01,3.0
42,750,J01,-0.32858
42,800,J01,-0.48196
42,850,J01,-0.45883
42,900,J01,0.2502
42,950,J01,-0.18535
42,1000,J01,-0.09352
42,1050,J01,-0.18501
43,50,J01,0.75388
43,100,J01,1.18724
43,150,J01,3.0
43,200,J01,-0.62141
43,250,J01,-1.79352
43,300,J01,-3.0
43,350,J01,-1.07851
43,400,J01,-1.8218
43,450,J01,2.03575
43,500,J01,-0.64335
43,550,J01,2.60903
43,600,J01,-0.87312
43,650,J01,-1.11223
43,700,J01,0.96152
43,750,J01,3.0
43,800,J01,0.79556
43,850,J01,-0.3543
43,900,J01,0.54672
43,950,J01,0.03978
43,1000,J01,-0.18594
43,1050,J01,-0.21184
44,50,J01,-0.31104
44,100,J01,-3.0
44,150,J01,3.0
44,200,J01,-0.59297
44,250,J01,3.0
44,300,J01,-1.51492
44,350,J01,1.80409
44,400,J01,3.0
44,450,J01,-2.61964
44,500,J01,-0.75708
44,550,J01,-1.23643
44,600,J01,1.58008
44,650,J01,0.47764
44,700,J01,0.14017
44,750,J01,-0.22664
44,800,J01,0.03608
44,850,J01,-0.33025
44,900,J01,0.3321
44,950,J01,-0.22017
44,1000,J01,-0.23127
44,1050,J01,0.21092
45,50,J01,-1.80634
45,100,J01,-3.0
45,150,J01,-1.90133
45,200,J01,-0.87724
45,250,J01,3.0
45,300,J01,0.2907
45,350,J01,3.0
45,400,J01,1.90648
45,450,J01,-0.26668
45,500,J01,-1.107
45,550,J01,-3.0
45,600,J01,-3.0
45,650,J01,-2.19943
45,700,J01,2.54997
45,750,J01,0.80872
45,800,J01,1.79186
45,850,J01,1.04255
45,900,J01,-0.20444
45,950,J01,-0.27845
45,1000,J01,-0.17299
45,1050,J01,-0.20907
46,50,J01,-0.57278
46,100,J01,-1.155
46,150,J01,-1.01795
46,200,J01,2.47394
46,250,J01,2.56802
46,300,J01,3.0
46,350,J01,1.0929
46,400,J01,-2.7436
46,450,J01,3.0
46,500,J01,0.72082
46,550,J01,-3.0
46,600,J01,-0.00117
46,650,J01,-0.2028
46,700,J01,-3.0
46,750,J01,-0.35827
46,800,J01,0.15634
46,850,J01,-0.09991
46,900,J01,0.40241
46,950,J01,-0.30342
46,1000,J01,0.44958
46,1050,J01,-0.13136
47,50,J01,1.71375
47,100,J01,-0.65654
47,150,J01,0.75976
47,200,J01,0.47997
47,250,J01,-0.26122
47,300,J01,0.54056
47,350,J01,-1.46714
47,400,J01,-2.54507
47,450,J01,-0.4287
47,500,J01,0.02569
47,550,J01,3.0
47,600,J01,-2.7336
47,650,J01,-0.38656
47,700,J01,-1.05256
47,750,J01,3.0
47,800,J01,3.0
47,850,J01,0.35338
47,900,J01,-0.14616
47,950,J01,-0.0296
47,1000,J01,-0.08141
47,1050,J01,-0.03793
48,50,J01,-0.57971
48,100,J01,-0.45798
48,150,J01,1.88616
48,200,J01,-0.26608
48,250,J01,1.11484
48,300,J01,-2.15432
48,350,J01,1.71286
48,400,J01,1.1124
48,450,J01,-0.8507
48,500,J01,0.33004
48,550,J01,0.0496
48,600,J01,-1.42722
48,650,J01,-2.49531
48,700,J01,-1.28318
48,750,J01,0.963
48,800,J01,-0.05088
48,850,J01,0.02868
48,900,J01,-0.49954
48,950,J01,0.24144
48,1000,J01,0.2312
48,1050,J01,-0.13876
49,50,J01,-0.47271
49,100,J01,-3.0
49,150,J01,0.96197
49,200,J01,-0.12287
49,250,J01,3.0
49,300,J01,-0.59099
49,350,J01,-3.0
49,400,J01,-2.5928
49,450,J01,-1.76405
49,500,J01,0.56988
49,550,J01,-1.95023
49,600,J01,-1.36778
49,650,J01,3.0
49,700,J01,2.73431
49,750,J01,0.22202
49,800,J01,-0.15003
49,850,J01,-0.34505
49,900,J01,0.90009
49,950,J01,-0.09158
49,1000,J01,-0.14061
49,1050,J01,-0.33302
50,50,J01,1.21879
50,100,J01,-2.44287
50,150,J01,-1.00533
50,200,J01,-0.36722
50,250,J01,-0.32987
50,300,J01,0.53362
50,350,J01,3.0
50,400,J01,-1.63319
50,450,J01,-3.0
50,500,J01,-0.46298
50,550,J01,0.40021
50,600,J01,-1.43316
50,650,J01,-0.56142
50,700,J01,-1.07836
50,750,J01,-0.20629
50,800,J01,-0.16004
50,850,J01,-0.13969
50,900,J01,0.02775
50,950,J01,-0.10823
50,1000,J01,-0.18501
50,1050,J01,0.40703
51,50,J01,-0.14341
51,100,J01,1.08948
51,150,J01,0.04252
51,200,J01,-0.53844
51,250,J01,0.44617
51,300,J01,-0.43156
51,350,J01,3.0
51,400,J01,3.0
51,450,J01,-0.11705
51,500,J01,-0.83294
51,550,J01,-0.73213
51,600,J01,0.93802
51,650,J01,-0.47088
51,700,J01,1.94482
51,750,J01,0.64266
51,800,J01,-0.46253
51,850,J01,-0.41073
51,900,J01,0.03515
51,950,J01,0.12118
51,1000,J01,-0.3099
51,1050,J01,-0.23682
52,50,J01,0.15049
52,100,J01,-0.74095
52,150,J01,-0.82199
52,200,J01,0.30096
52,250,J01,1.35495
52,300,J01,0.35292
52,350,J01,3.0
52,400,J01,-2.02906
52,450,J01,0.22199
52,500,J01,-0.33862
52,550,J01,-3.0
52,600,J01,0.16292
52,650,J01,3.0
52,700,J01,3.0
52,750,J01,-0.25467
52,800,J01,-0.11193
52,850,J01,-0.12858
52,900,J01,-0.11101
52,950,J01,1.87789
52,1000,J01,0.3802
52,1050,J01,-0.19426
53,50,J01,-1.85251
53,100,J01,3.0
53,150,J01,0.00495
53,200,J01,-0.93537
53,250,J01,0.9274
53,300,J01,-3.0
53,350,J01,-0.18132
53,400,J01,-3.0
53,450,J01,3.0
53,500,J01,0.17599
53,550,J01,3.0
53,600,J01,-2.44967
53,650,J01,-3.0
53,700,J01,-1.06689
53,750,J01,0.33536
53,800,J01,-0.00925
53,850,J01,0.02868
53,900,J01,-0.33302
53,950,J01,-0.18039
53,1000,J01,0.18871
53,1050,J01,-0.24329
54,50,J01,-1.50816
54,100,J01,3.0
54,150,J01,2.9189
54,200,J01,0.16394
54,250,J01,0.51976
54,300,J01,3.0
54,350,J01,-0.70936
54,400,J01,2.46785
54,450,J01,0.05132
54,500,J01,-1.16723
54,550,J01,2.03752
54,600,J01,-0.64076
54,650,J01,-1.06942
54,700,J01,-3.0
54,750,J01,-0.53295
54,800,J01,-0.3321
54,850,J01,-0.08603
54,900,J01,-0.17206
54,950,J01,-0.18964
54,1000,J01,-0.29602
54,1050,J01,0.13969
55,50,J01,-0.72666
55,100,J01,-1.6749
55,150,J01,-2.83561
55,200,J01,-1.8959
55,250,J01,-0.58444
55,300,J01,-1.68899
55,350,J01,-0.85936
55,400,J01,-2.19875
55,450,J01,2.60719
55,500,J01,-1.44091
55,550,J01,-2.26623
55,600,J01,-1.91303
55,650,J01,-3.0
55,700,J01,-0.37386
55,750,J01,-0.12951
55,800,J01,-0.54579
55,850,J01,0.16065
55,900,J01,0.08233
55,950,J01,0.0037
55,1000,J01,-0.13262
55,1050,J01,-0.05273
56,50,J01,-0.88258
56,100,J01,-2.96528
56,150,J01,-1.05099
56,200,J01,-1.45494
56,250,J01,-1.696
56,300,J01,0.03753
56,350,J01,2.44749
56,400,J01,3.0
56,450,J01,-0.78487
56,500,J01,-1.72025
56,550,J01,-3.0
56,600,J01,0.68579
56,650,J01,2.84565
56,700,J01,0.2106
56,750,J01,-0.42213
56,800,J01,-0.2692
56,850,J01,0.06383
56,900,J01,-0.07956
56,950,J01,-0.24514
56,1000,J01,-0.10268
56,1050,J01,0.06568
57,50,J01,-0.8138
57,100,J01,-2.34636
57,150,J01,3.0
57,200,J01,-0.22452
57,250,J01,-0.93008
57,300,J01,0.32488
57,350,J01,-3.0
57,400,J01,0.86469
57,450,J01,3.0
57,500,J01,-2.06634
57,550,J01,-0.15198
57,600,J01,0.90582
57,650,J01,-1.02984
57,700,J01,-3.0
57,750,J01,-0.43663
57,800,J01,-0.17946
57,850,J01,0.08511
57,900,J01,-0.08066
57,950,J01,-0.07123
57,1000,J01,-0.0074
57,1050,J01,1.60777
58,50,J01,1.2999
58,100,J01,-2.91332
58,150,J01,-1.57169
58,200,J01,1.86669
58,250,J01,0.37385
58,300,J01,-1.80477
58,350,J01,0.8237
58,400,J01,-2.49573
58,450,J01,-1.07867
58,500,J01,-0.97331
58,550,J01,-3.0
58,600,J01,-3.0
58,650,J01,3.0
58,700,J01,-1.29285
58,750,J01,-0.49399
58,800,J01,0.12581
58,850,J01,-0.05584
58,900,J01,-0.27766
58,950,J01,0.0333
58,1000,J01,-0.2766
58,1050,J01,0.03978
59,50,J01,0.19269
59,100,J01,2.87622
59,150,J01,-2.19546
59,200,J01,-0.97686
59,250,J01,-1.7271
59,300,J01,-3.0
59,350,J01,-1.15445
59,400,J01,-1.71767
59,450,J01,-2.45583
59,500,J01,1.62643
59,550,J01,1.26135
59,600,J01,-1.04572
59,650,J01,-1.05886
59,700,J01,-0.6324
59,750,J01,0.81036
59,800,J01,-0.28492
59,850,J01,-0.36633
59,900,J01,0.10083
59,950,J01,-0.10361
59,1000,J01,0.04255
59,1050,J01,-0.25439
60,50,J01,2.61414
60,100,J01,-3.0
60,150,J01,-1.14888
60,200,J01,3.0
60,250,J01,1.58907
60,300,J01,-0.31012
60,350,J01,0.01524
60,400,J01,1.83972
60,450,J01,3.0
60,500,J01,3.0
60,550,J01,3.0
60,600,J01,-0.22889
60,650,J01,-3.0
60,700,J01,-1.09889
60,750,J01,-0.43201
60,800,J01,0.08511
60,850,J01,-0.0481
60,900,J01,-0.3062
60,950,J01,0.10823
60,1000,J01,-0.30527
60,1050,J01,0.54209
61,50,J01,1.1136
61,100,J01,-1.05068
61,150,J01,1.349
61,200,J01,3.0
61,250,J01,0.73508
61,300,J01,0.49319
61,350,J01,-2.6779
61,400,J01,-1.59023
61,450,J01,-0.41524
61,500,J01,1.33513
61,550,J01,-0.71457
61,600,J01,2.57841
61,650,J01,-3.0
61,700,J01,3.0
61,750,J01,-0.02599
61,800,J01,0.04255
61,850,J01,-0.18686
61,900,J01,-0.10916
61,950,J01,-0.0
61,1000,J01,-0.21554
61,1050,J01,-0.28862
62,50,J01,-0.2921
62,100,J01,-1.05679
62,150,J01,-0.25249
62,200,J01,-1.05519
62,250,J01,-0.37604
62,300,J01,1.56683
62,350,J01,-2.91763
62,400,J01,2.35153
62,450,J01,-1.11968
62,500,J01,-1.57202
62,550,J01,3.0
62,600,J01,-2.33554
62,650,J01,-1.87583
62,700,J01,-2.97094
62,750,J01,-0.45374
62,800,J01,-0.0185
62,850,J01,-0.13691
62,900,J01,-0.11933
62,950,J01,0.06846
62,1000,J01,-0.45051
62,1050,J01,0.02868
63,50,J01,2.90148
63,100,J01,3.0
63,150,J01,-0.9584
63,200,J01,3.0
63,250,J01,-0.71156
63,300,J01,-3.0
63,350,J01,-2.95743
63,400,J01,0.14078
63,450,J01,-0.01417
63,500,J01,-0.42316
63,550,J01,-1.65096
63,600,J01,3.0
63,650,J01,-1.68301
63,700,J01,3.0
63,750,J01,0.00833
63,800,J01,0.19981
63,850,J01,-0.13506
63,900,J01,0.40241
63,950,J01,-0.10823
63,1000,J01,-0.13414
63,1050,J01,0.01758
64,50,J01,-0.39267
64,100,J01,-3.0
64,150,J01,3.0
64,200,J01,-1.63155
64,250,J01,2.70589
64,300,J01,3.0
64,350,J01,2.56984
64,400,J01,-1.55979
64,450,J01,3.0
64,500,J01,-0.55176
64,550,J01,3.0
64,600,J01,-0.7224
64,650,J01,0.21698
64,700,J01,-3.0
64,750,J01,-0.21387
64,800,J01,-0.35263
64,850,J01,0.01018
64,900,J01,-0.3469
64,950,J01,-0.41443
64,1000,J01,-0.3876
64,1050,J01,-0.29787
65,50,J01,-0.51547
65,100,J01,-3.0
65,150,J01,-1.83911
65,200,J01,-0.1805
65,250,J01,-0.20802
65,300,J01,3.0
65,350,J01,2.43351
65,400,J01,-0.34692
65,450,J01,0.52084
65,500,J01,2.34775
65,550,J01,3.0
65,600,J01,-1.34535
65,650,J01,-3.0
65,700,J01,0.2616
65,750,J01,-0.25381
65,800,J01,0.20537
65,850,J01,0.00093
65,900,J01,0.04625
65,950,J01,-0.16281
65,1000,J01,-0.11656
65,1050,J01,-0.14154
66,50,J01,-1.8064
66,100,J01,0.0434
66,150,J01,3.0
66,200,J01,-1.79353
66,250,J01,-0.1979
66,300,J01,-2.46407
66,350,J01,1.22697
66,400,J01,-3.0
66,450,J01,0.39694
66,500,J01,0.40883
66,550,J01,-1.63076
66,600,J01,-2.27917
66,650,J01,-3.0
66,700,J01,0.51968
66,750,J01,1.43881
66,800,J01,0.32562
66,850,J01,0.03423
66,900,J01,-0.17576
66,950,J01,0.45051
66,1000,J01,-0.2803
66,1050,J01,-0.06568
67,50,J01,-0.43515
67,100,J01,-0.98508
67,150,J01,0.4811
67,200,J01,1.56132
67,250,J01,2.12897
67,300,J01,-0.83219
67,350,J01,-2.67608
67,400,J01,1.95837
67,450,J01,-3.0
67,500,J01,1.74779
67,550,J01,-1.15472
67,600,J01,0.65423
67,650,J01,-1.30521
67,700,J01,-1.14675
67,750,J01,-0.47788
67,800,J01,-0.02128
67,850,J01,0.25902
67,900,J01,-0.3654
67,950,J01,-0.06846
67,1000,J01,-0.08141
67,1050,J01,-0.2692
68,50,J01,-1.63195
68,100,J01,2.95086
68,150,J01,-0.58804
68,200,J01,0.7698
68,250,J01,-1.66702
68,300,J01,3.0
68,350,J01,3.0
68,400,J01,-2.79416
68,450,J01,-1.6663
68,500,J01,-1.63839
68,550,J01,2.86323
68,600,J01,-0.14877
68,650,J01,2.53403
68,700,J01,-3.0
68,750,J01,-0.52821
68,800,J01,-0.23959
68,850,J01,0.29047
68,900,J01,-0.15911
68,950,J01,0.00093
68,1000,J01,-0.07956
68,1050,J01,0.92885
69,50,J01,3.0
69,100,J01,-2.71906
69,150,J01,-0.85344
69,200,J01,-0.42594
69,250,J01,1.43772
69,300,J01,-3.0
69,350,J01,-0.30608
69,400,J01,3.0
69,450,J01,-1.3336
69,500,J01,-0.47207
69,550,J01,2.3311
69,600,J01,2.27671
69,650,J01,-0.93827
69,700,J01,-2.99743
69,750,J01,-0.16189
69,800,J01,0.0148
69,850,J01,-0.06383
69,900,J01,-0.03793
69,950,J01,0.21462
69,1000,J01,-0.14339
69,1050,J01,-0.09713
70,50,J01,1.72498
70,100,J01,-0.37299
70,150,J01,-0.38382
70,200,J01,-2.02302
70,250,J01,1.11775
70,300,J01,-1.48957
70,350,J01,0.26312
70,400,J01,2.2017
70,450,J01,-1.3584
70,500,J01,-0.90874
70,550,J01,-0.60656
70,600,J01,-0.64667
70,650,J01,-3.0
70,700,J01,0.04443
70,750,J01,-0.54588
70,800,J01,0.21092
70,850,J01,0.0148
70,900,J01,-0.01295
70,950,J01,-0.15541
70,1000,J01,-0.01943
70,1050,J01,0.0444
71,50,J01,-3.0
71,100,J01,-3.0
71,150,J01,3.0
71,200,J01,3.0
71,250,J01,-1.90443
71,300,J01,0.85724
71,350,J01,3.0
71,400,J01,0.04701
71,450,J01,-0.26491
71,500,J01,2.94312
71,550,J01,3.0
71,600,J01,-0.8552
71,650,J01,-3.0
71,700,J01,-1.00597
71,750,J01,2.88422
71,800,J01,-0.11193
71,850,J01,-0.02683
71,900,J01,-0.24607
71,950,J01,0.60037
71,1000,J01,-0.00925
71,1050,J01,-0.3025
72,50,J01,-2.09496
72,100,J01,-2.92697
72,150,J01,0.45338
72,200,J01,-1.63367
72,250,J01,3.0
72,300,J01,-0.69427
72,350,J01,0.39318
72,400,J01,-1.56577
72,450,J01,-3.0
72,500,J01,0.03619
72,550,J01,-0.2117
72,600,J01,-0.66303
72,650,J01,-0.39712
72,700,J01,-1.05802
72,750,J01,-0.43817
72,800,J01,0.50139
72,850,J01,-0.0592
72,900,J01,-0.17391
72,950,J01,0.00925
72,1000,J01,-0.17391
72,1050,J01,0.00925
73,50,J01,-0.60226
73,100,J01,-0.87282
73,150,J01,-2.47555
73,200,J01,-0.94206
73,250,J01,0.70016
73,300,J01,-0.87895
73,350,J01,1.15461
73,400,J01,-3.0
73,450,J01,2.45584
73,500,J01,0.94402
73,550,J01,-3.0
73,600,J01,-1.91601
73,650,J01,-3.0
73,700,J01,0.3588
73,750,J01,1.81406
73,800,J01,-0.12951
73,850,J01,0.05109
73,900,J01,-0.15819
73,950,J01,-0.08511
73,1000,J01,-0.18686
73,1050,J01,-0.12118
74,50,J01,0.58267
74,100,J01,-0.66119
74,150,J01,3.0
74,200,J01,-1.27336
74,250,J01,1.8536
74,300,J01,0.22614
74,350,J01,-0.75145
74,400,J01,-1.01864
74,450,J01,-3.0
74,500,J01,-1.89982
74,550,J01,-3.0
74,600,J01,3.0
74,650,J01,2.02137
74,700,J01,-3.0
74,750,J01,2.8955
74,800,J01,-0.19426
74,850,J01,-0.21462
74,900,J01,-0.25439
74,950,J01,-0.11563
74,1000,J01,-0.17669
74,1050,J01,-0.02405
75,50,J01,-2.57489
75,100,J01,1.49312
75,150,J01,-2.31611
75,200,J01,-2.42837
75,250,J01,-2.68266
75,300,J01,-0.59819
75,350,J01,-3.0
75,400,J01,-0.07119
75,450,J01,-2.66178
75,500,J01,-0.5869
75,550,J01,-0.20063
75,600,J01,2.68936
75,650,J01,3.0
75,700,J01,-0.78901
75,750,J01,-0.35259
75,800,J01,0.57875
75,850,J01,-0.40241
75,900,J01,-0.14894
75,950,J01,-0.16559
75,1000,J01,-0.2877
75,1050,J01,0.09066
76,50,J01,-1.28474
76,100,J01,-3.0
76,150,J01,-3.0
76,200,J01,-1.7513
76,250,J01,-1.65598
76,300,J01,-0.21655
76,350,J01,-3.0
76,400,J01,3.0
76,450,J01,3.0
76,500,J01,-0.48113
76,550,J01,-0.75017
76,600,J01,-3.0
76,650,J01,-1.35536
76,700,J01,-1.52262
76,750,J01,-0.7114
76,800,J01,0.26336
76,850,J01,0.0296
76,900,J01,-0.30435
76,950,J01,0.06753
76,1000,J01,0.18501
76,1050,J01,-0.28862
77,50,J01,-3.0
77,100,J01,-0.21644
77,150,J01,-1.08444
77,200,J01,1.72524
77,250,J01,-0.59887
77,300,J01,-2.48625
77,350,J01,0.277
77,400,J01,2.5727
77,450,J01,-1.88473
77,500,J01,-0.63169
77,550,J01,0.93063
77,600,J01,-1.85719
77,650,J01,3.0
77,700,J01,-0.75902
77,750,J01,-0.29309
77,800,J01,-0.19981
77,850,J01,-0.11378
77,900,J01,0.11008
77,950,J01,-0.00093
77,1000,J01,-0.32932
77,1050,J01,-0.01203
78,50,J01,0.01628
78,100,J01,-2.4379
78,150,J01,0.64674
78,200,J01,0.8097
78,250,J01,3.0
78,300,J01,-0.16823
78,350,J01,-1.31272
78,400,J01,-3.0
78,450,J01,-3.0
78,500,J01,-0.55968
78,550,J01,-3.0
78,600,J01,-0.87103
78,650,J01,-1.24459
78,700,J01,-3.0
78,750,J01,0.11933
78,800,J01,-0.03053
78,850,J01,0.15819
78,900,J01,1.09991
78,950,J01,-0.07863
78,1000,J01,-0.11841
78,1050,J01,0.05828
79,50,J01,-1.24327
79,100,J01,2.5469
79,150,J01,3.0
79,200,J01,-0.5793
79,250,J01,-1.89168
79,300,J01,3.0
79,350,J01,0.54986
79,400,J01,3.0
79,450,J01,3.0
79,500,J01,-0.52771
79,550,J01,3.0
79,600,J01,-1.40211
79,650,J01,-3.0
79,700,J01,3.0
79,750,J01,-0.5506
79,800,J01,-0.19889
79,850,J01,-0.05273
79,900,J01,0.02775
79,950,J01,0.41721
79,1000,J01,0.3247
79,1050,J01,-0.03515
80,50,J01,-3.0
80,100,J01,-1.65735
80,150,J01,0.14718
80,200,J01,-3.0
80,250,J01,3.0
80,300,J01,0.06589
80,350,J01,-0.73442
80,400,J01,2.74929
80,450,J01,-0.01222
80,500,J01,-1.67716
80,550,J01,-2.07533
80,600,J01,-0.60585
80,650,J01,-1.56513
80,700,J01,-1.39604
80,750,J01,0.10759
80,800,J01,-0.01203
80,850,J01,-0.10731
80,900,J01,1.16096
80,950,J01,0.3839
80,1000,J01,-0.11286
80,1050,J01,-0.14431
81,50,J01,-0.91897
81,100,J01,-3.0
81,150,J01,-0.17265
81,200,J01,-0.08405
81,250,J01,-1.28808
81,300,J01,1.58066
81,350,J01,-0.78987
81,400,J01,3.0
81,450,J01,3.0
81,500,J01,2.76617
81,550,J01,-3.0
81,600,J01,-0.37252
81,650,J01,-2.18508
81,700,J01,-1.43676
81,750,J01,-0.08973
81,800,J01,0.358
81,850,J01,0.14154
81,900,J01,0.02128
81,950,J01,0.07308
81,1000,J01,-0.16004
81,1050,J01,0.20209
82,50,J01,3.0
82,100,J01,-0.11943
82,150,J01,-0.40536
82,200,J01,-0.76322
82,250,J01,-0.85473
82,300,J01,3.0
82,350,J01,2.53311
82,400,J01,-3.0
82,450,J01,-3.0
82,500,J01,-1.51971
82,550,J01,-1.48527
82,600,J01,-1.23482
82,650,J01,-1.03566
82,700,J01,2.58948
82,750,J01,1.21657
82,800,J01,-0.15726
82,850,J01,0.23219
82,900,J01,-0.06568
82,950,J01,-0.42276
82,1000,J01,-0.19426
82,1050,J01,0.21462
83,50,J01,-1.47312
83,100,J01,-2.95019
83,150,J01,3.0
83,200,J01,0.57835
83,250,J01,3.0
83,300,J01,1.52849
83,350,J01,0.33571
83,400,J01,1.68066
83,450,J01,-2.73983
83,500,J01,-1.55807
83,550,J01,-3.0
83,600,J01,-3.0
83,650,J01,3.0
83,700,J01,-1.4051
83,750,J01,-0.44564
83,800,J01,0.25717
83,850,J01,-0.12673
83,900,J01,0.07586
83,950,J01,-0.12303
83,1000,J01,0.395
83,1050,J01,-0.31267
84,50,J01,3.0
84,100,J01,-3.0
84,150,J01,2.02964
84,200,J01,-1.14585
84,250,J01,1.08078
84,300,J01,-1.08038
84,350,J01,-3.0
84,400,J01,0.23009
84,450,J01,0.21456
84,500,J01,-0.44694
84,550,J01,-3.0
84,600,J01,0.4073
84,650,J01,3.0
84,700,J01,-2.01546
84,750,J01,-0.12279
84,800,J01,0.13228
84,850,J01,0.18131
84,900,J01,0.08418
84,950,J01,-0.16281
84,1000,J01,0.10823
84,1050,J01,-0.32747
85,50,J01,1.91848
85,100,J01,3.0
85,150,J01,-1.84167
85,200,J01,-1.57341
85,250,J01,-2.85087
85,300,J01,-0.91646
85,350,J01,-1.67322
85,400,J01,1.29434
85,450,J01,-0.8062
85,500,J01,-1.6813
85,550,J01,3.0
85,600,J01,3.0
85,650,J01,-0.86418
85,700,J01,-3.0
85,750,J01,2.29349
85,800,J01,-0.06753
85,850,J01,0.29972
85,900,J01,0.07308
85,950,J01,-0.20352
85,1000,J01,0.05828
85,1050,J01,-0.12488
86,50,J01,1.3156
86,100,J01,-0.32182
86,150,J01,-0.38122
86,200,J01,1.8308
86,250,J01,2.63247
86,300,J01,3.0
86,350,J01,3.0
86,400,J01,3.0
86,450,J01,-0.33157
86,500,J01,-0.59977
86,550,J01,3.0
86,600,J01,3.0
86,650,J01,-2.38045
86,700,J01,-0.90219
86,750,J01,0.66658
86,800,J01,-0.0185
86,850,J01,-0.3025
86,900,J01,-0.10361
86,950,J01,0.11101
86,1000,J01,0.13691
86,1050,J01,0.12396
87,50,J01,1.41341
87,100,J01,1.09103
87,150,J01,-0.62339
87,200,J01,3.0
87,250,J01,-0.86616
87,300,J01,-1.18714
87,350,J01,-1.54604
87,400,J01,2.74171
87,450,J01,-2.09955
87,500,J01,0.1813
87,550,J01,0.90317
87,600,J01,-1.06888
87,650,J01,-1.22375
87,700,J01,-2.83248
87,750,J01,1.12485
87,800,J01,-0.09343
87,850,J01,0.0037
87,900,J01,-0.023
87,950,J01,-0.18847
87,1000,J01,0.0518
87,1050,J01,-0.05273
88,50,J01,0.41544
88,100,J01,-0.75217
88,150,J01,-0.46365
88,200,J01,3.0
88,250,J01,2.40624
88,300,J01,2.60683
88,350,J01,2.55746
88,400,J01,2.56938
88,450,J01,-3.0
88,500,J01,-1.42929
88,550,J01,-3.0
88,600,J01,-0.37074
88,650,J01,-0.87777
88,700,J01,-3.0
88,750,J01,2.27012
88,800,J01,0.01295
88,850,J01,-0.21888
88,900,J01,0.0074
88,950,J01,-0.0518
88,1000,J01,0.02868
88,1050,J01,0.14616
89,50,J01,2.45956
89,100,J01,-0.11062
89,150,J01,1.57014
89,200,J01,3.0
89,250,J01,-2.0467
89,300,J01,1.29591
89,350,J01,3.0
89,400,J01,-3.0
89,450,J01,0.13807
89,500,J01,-0.81393
89,550,J01,-3.0
89,600,J01,3.0
89,650,J01,-3.0
89,700,J01,-1.18893
89,750,J01,-0.70937
89,800,J01,-0.16836
89,850,J01,-0.03885
89,900,J01,0.03238
89,950,J01,-0.02405
89,1000,J01,-0.14339
89,1050,J01,0.09991
90,50,J01,-0.24038
90,100,J01,-0.38301
90,150,J01,-1.41052
90,200,J01,-1.98849
90,250,J01,-0.8641
90,300,J01,1.43237
90,350,J01,0.70886
90,400,J01,-0.68937
90,450,J01,-0.35979
90,500,J01,0.64081
90,550,J01,-0.80752
90,600,J01,0.79094
90,650,J01,2.76839
90,700,J01,-0.87229
90,750,J01,1.84627
90,800,J01,0.23682
90,850,J01,-0.01203
90,900,J01,0.06727
90,950,J01,-0.19334
90,1000,J01,0.0481
90,1050,J01,-0.07678
91,50,J01,-3.0
91,100,J01,-0.20972
91,150,J01,-2.27148
91,200,J01,0.22769
91,250,J01,0.54854
91,300,J01,-0.21807
91,350,J01,0.443
91,400,J01,-2.04783
91,450,J01,-0.04511
91,500,J01,-0.39694
91,550,J01,3.0
91,600,J01,-3.0
91,650,J01,1.61014
91,700,J01,-1.73995
91,750,J01,0.10361
91,800,J01,-0.18871
91,850,J01,-0.24144
91,900,J01,-0.07913
91,950,J01,0.05735
91,1000,J01,-0.13321
91,1050,J01,0.00278
92,50,J01,-0.38903
92,100,J01,1.23027
92,150,J01,-0.00573
92,200,J01,0.927
92,250,J01,2.08084
92,300,J01,-1.71833
92,350,J01,3.0
92,400,J01,-0.02038
92,450,J01,-1.76676
92,500,J01,1.27378
92,550,J01,-0.98164
92,600,J01,-0.10322
92,650,J01,1.63928
92,700,J01,-3.0
92,750,J01,1.09499
92,800,J01,-0.02868
92,850,J01,-0.10361
92,900,J01,0.30712
92,950,J01,0.16281
92,1000,J01,-0.10823
92,1050,J01,-0.13691
93,50,J01,-0.4876
93,100,J01,1.82736
93,150,J01,0.05664
93,200,J01,0.0257
93,250,J01,-0.63645
93,300,J01,-2.22215
93,350,J01,1.02483
93,400,J01,3.0
93,450,J01,-2.72299
93,500,J01,-0.9358
93,550,J01,-0.26063
93,600,J01,-1.95058
93,650,J01,-2.4201
93,700,J01,-2.51981
93,750,J01,-0.08696
93,800,J01,0.27475
93,850,J01,0.02498
93,900,J01,0.25624
93,950,J01,-0.16836
93,1000,J01,0.00648
93,1050,J01,0.09991
94,50,J01,-0.61262
94,100,J01,-0.78543
94,150,J01,-1.95671
94,200,J01,1.06693
94,250,J01,-1.66115
94,300,J01,0.56123
94,350,J01,1.59956
94,400,J01,-2.32245
94,450,J01,0.00249
94,500,J01,1.01235
94,550,J01,-3.0
94,600,J01,2.15147
94,650,J01,-1.57001
94,700,J01,-1.23744
94,750,J01,-0.13321
94,800,J01,-0.17761
94,850,J01,0.13414
94,900,J01,0.79741
94,950,J01,0.09806
94,1000,J01,-0.12892
94,1050,J01,-0.02775
95,50,J01,0.95014
95,100,J01,-3.0
95,150,J01,-1.2538
95,200,J01,2.81817
95,250,J01,0.66376
95,300,J01,-3.0
95,350,J01,-3.0
95,400,J01,-3.0
95,450,J01,-3.0
95,500,J01,-2.37679
95,550,J01,0.9777
95,600,J01,-3.0
95,650,J01,-3.0
95,700,J01,-1.53506
95,750,J01,-0.55109
95,800,J01,-0.17114
95,850,J01,-0.05643
95,900,J01,0.04995
95,950,J01,-0.07123
95,1000,J01,-0.31452
95,1050,J01,0.17761
96,50,J01,-3.0
96,100,J01,3.0
96,150,J01,1.05982
96,200,J01,-2.13482
96,250,J01,1.86603
96,300,J01,-1.23353
96,350,J01,0.74931
96,400,J01,1.60027
96,450,J01,1.96009
96,500,J01,-1.43306
96,550,J01,-3.0
96,600,J01,-0.21298
96,650,J01,-3.0
96,700,J01,-1.17722
96,750,J01,-0.57557
96,800,J01,-0.10823
96,850,J01,0.16004
96,900,J01,-0.13506
96,950,J01,-0.02128
96,1000,J01,0.33572
96,1050,J01,0.10083
97,50,J01,3.0
97,100,J01,-3.0
97,150,J01,-1.55905
97,200,J01,0.33893
97,250,J01,-0.78188
97,300,J01,-1.75475
97,350,J01,3.0
97,400,J01,-0.70898
97,450,J01,-0.37561
97,500,J01,-3.0
97,550,J01,-2.10598
97,600,J01,1.52698
97,650,J01,-3.0
97,700,J01,-1.77925
97,750,J01,0.00093
97,800,J01,0.02683
97,850,J01,-0.00925
97,900,J01,-0.45791
97,950,J01,-0.08141
97,1000,J01,-0.05735
97,1050,J01,-0.17761
98,50,J01,-0.93971
98,100,J01,3.0
98,150,J01,-1.1923
98,200,J01,2.6894
98,250,J01,1.73226
98,300,J01,-2.18592
98,350,J01,1.65553
98,400,J01,3.0
98,450,J01,-0.4566
98,500,J01,0.14347
98,550,J01,-3.0
98,600,J01,-1.81628
98,650,J01,-1.32478
98,700,J01,-1.44334
98,750,J01,-0.24977
98,800,J01,-0.17576
98,850,J01,-0.12118
98,900,J01,0.02035
98,950,J01,-0.0666
98,1000,J01,0.03423
98,1050,J01,0.18131
99,50,J01,2.05356
99,100,J01,0.86746
99,150,J01,1.01677
99,200,J01,-1.26688
99,250,J01,-1.8404
99,300,J01,-2.20628
99,350,J01,-2.58503
99,400,J01,2.37567
99,450,J01,-1.70394
99,500,J01,-0.72683
99,550,J01,-0.97189
99,600,J01,-0.84208
99,650,J01,-3.0
99,700,J01,3.0
99,750,J01,0.334
99,800,J01,0.0333
99,850,J01,0.03608
99,900,J01,0.32562
99,950,J01,-0.13784
99,1000,J01,-0.19298
99,1050,J01,-0.13136
100,50,J01,0.58335
100,100,J01,-1.07133
100,150,J01,2.18639
100,200,J01,3.0
100,250,J01,0.1615
100,300,J01,2.86257
100,350,J01,3.0
100,400,J01,-3.0
100,450,J01,0.33192
100,500,J01,-2.30174
100,550,J01,1.25891
100,600,J01,-2.61992
100,650,J01,-1.27652
100,700,J01,-1.21634
100,750,J01,-0.43697
100,800,J01,1.27197
100,850,J01,0.18594
100,900,J01,-0.16651
100,950,J01,0.03885
100,1000,J01,-0.04995
100,1050,J01,0.01573
