5.0, {'J8': np.float32(0.0)}, {'J8': 0}, {'J8': 0}, 
10.0, {'J8': np.float32(0.0)}, {'J8': 0}, {'J8': 0}, 
15.0, {'J8': np.float32(-0.5)}, {'J8': 1}, {'J8': 1}, 
20.0, {'J8': np.float32(-10.0)}, {'J8': 1}, {'J8': 1}, 
25.0, {'J8': np.float32(-12.0)}, {'J8': 1}, {'J8': 2}, 
30.0, {'J8': np.float32(-32.0)}, {'J8': 3}, {'J8': 5}, 
35.0, {'J8': np.float32(-39.0)}, {'J8': 4}, {'J8': 5}, 
40.0, {'J8': np.float32(-18.0)}, {'J8': 3}, {'J8': 4}, 
45.0, {'J8': np.float32(-5.5)}, {'J8': 2}, {'J8': 3}, 
50.0, {'J8': np.float32(-32.5)}, {'J8': 4}, {'J8': 5}, 
55.0, {'J8': np.float32(-53.5)}, {'J8': 4}, {'J8': 6}, 
60.0, {'J8': np.float32(-70.0)}, {'J8': 4}, {'J8': 9}, 
65.0, {'J8': np.float32(-98.0)}, {'J8': 4}, {'J8': 11}, 
70.0, {'J8': np.float32(-113.5)}, {'J8': 4}, {'J8': 12}, 
75.0, {'J8': np.float32(-28.5)}, {'J8': 5}, {'J8': 12}, 
80.0, {'J8': np.float32(-30.0)}, {'J8': 6}, {'J8': 12}, 
85.0, {'J8': np.float32(-126.0)}, {'J8': 7}, {'J8': 15}, 
90.0, {'J8': np.float32(-150.5)}, {'J8': 8}, {'J8': 16}, 
95.0, {'J8': np.float32(-160.0)}, {'J8': 8}, {'J8': 16}, 
100.0, {'J8': np.float32(-58.0)}, {'J8': 8}, {'J8': 15}, 
105.0, {'J8': np.float32(-44.0)}, {'J8': 8}, {'J8': 15}, 
110.0, {'J8': np.float32(-39.0)}, {'J8': 7}, {'J8': 16}, 
115.0, {'J8': np.float32(-45.5)}, {'J8': 6}, {'J8': 15}, 
120.0, {'J8': np.float32(-78.0)}, {'J8': 6}, {'J8': 14}, 
125.0, {'J8': np.float32(64.5)}, {'J8': 5}, {'J8': 12}, 
130.0, {'J8': np.float32(217.5)}, {'J8': 5}, {'J8': 10}, 
135.0, {'J8': np.float32(-1.0)}, {'J8': 5}, {'J8': 10}, 
140.0, {'J8': np.float32(0.5)}, {'J8': 5}, {'J8': 9}, 
145.0, {'J8': np.float32(-91.5)}, {'J8': 5}, {'J8': 10}, 
150.0, {'J8': np.float32(-106.0)}, {'J8': 5}, {'J8': 12}, 
155.0, {'J8': np.float32(-126.0)}, {'J8': 5}, {'J8': 14}, 
160.0, {'J8': np.float32(-140.5)}, {'J8': 6}, {'J8': 15}, 
165.0, {'J8': np.float32(-150.0)}, {'J8': 6}, {'J8': 15}, 
170.0, {'J8': np.float32(-168.0)}, {'J8': 8}, {'J8': 17}, 
175.0, {'J8': np.float32(-170.0)}, {'J8': 8}, {'J8': 17}, 
180.0, {'J8': np.float32(-135.0)}, {'J8': 7}, {'J8': 16}, 
185.0, {'J8': np.float32(-8.0)}, {'J8': 7}, {'J8': 15}, 
190.0, {'J8': np.float32(102.0)}, {'J8': 6}, {'J8': 13}, 
195.0, {'J8': np.float32(-38.5)}, {'J8': 5}, {'J8': 14}, 
200.0, {'J8': np.float32(-38.0)}, {'J8': 5}, {'J8': 13}, 
205.0, {'J8': np.float32(125.5)}, {'J8': 5}, {'J8': 11}, 
210.0, {'J8': np.float32(156.0)}, {'J8': 5}, {'J8': 9}, 
215.0, {'J8': np.float32(111.0)}, {'J8': 5}, {'J8': 9}, 
220.0, {'J8': np.float32(-93.0)}, {'J8': 5}, {'J8': 10}, 
225.0, {'J8': np.float32(-87.0)}, {'J8': 5}, {'J8': 9}, 
230.0, {'J8': np.float32(-92.0)}, {'J8': 5}, {'J8': 10}, 
235.0, {'J8': np.float32(-25.0)}, {'J8': 5}, {'J8': 11}, 
240.0, {'J8': np.float32(-25.5)}, {'J8': 5}, {'J8': 12}, 
245.0, {'J8': np.float32(-91.5)}, {'J8': 5}, {'J8': 13}, 
250.0, {'J8': np.float32(-100.5)}, {'J8': 5}, {'J8': 13}, 
255.0, {'J8': np.float32(-87.5)}, {'J8': 5}, {'J8': 12}, 
260.0, {'J8': np.float32(17.0)}, {'J8': 5}, {'J8': 10}, 
265.0, {'J8': np.float32(51.5)}, {'J8': 5}, {'J8': 8}, 
270.0, {'J8': np.float32(-31.0)}, {'J8': 5}, {'J8': 9}, 
275.0, {'J8': np.float32(-29.0)}, {'J8': 5}, {'J8': 9}, 
280.0, {'J8': np.float32(16.0)}, {'J8': 5}, {'J8': 7}, 
285.0, {'J8': np.float32(-38.5)}, {'J8': 5}, {'J8': 6}, 
290.0, {'J8': np.float32(-65.5)}, {'J8': 5}, {'J8': 9}, 
295.0, {'J8': np.float32(-101.5)}, {'J8': 5}, {'J8': 13}, 
300.0, {'J8': np.float32(-130.0)}, {'J8': 5}, {'J8': 13}, 
305.0, {'J8': np.float32(-130.5)}, {'J8': 5}, {'J8': 14}, 
310.0, {'J8': np.float32(-143.0)}, {'J8': 6}, {'J8': 15}, 
315.0, {'J8': np.float32(-154.5)}, {'J8': 7}, {'J8': 16}, 
320.0, {'J8': np.float32(-161.0)}, {'J8': 8}, {'J8': 17}, 
325.0, {'J8': np.float32(-170.0)}, {'J8': 8}, {'J8': 17}, 
330.0, {'J8': np.float32(-88.5)}, {'J8': 7}, {'J8': 16}, 
335.0, {'J8': np.float32(87.0)}, {'J8': 5}, {'J8': 13}, 
340.0, {'J8': np.float32(3.5)}, {'J8': 5}, {'J8': 11}, 
345.0, {'J8': np.float32(75.5)}, {'J8': 5}, {'J8': 9}, 
350.0, {'J8': np.float32(94.0)}, {'J8': 5}, {'J8': 7}, 
355.0, {'J8': np.float32(-71.5)}, {'J8': 5}, {'J8': 8}, 
360.0, {'J8': np.float32(-85.0)}, {'J8': 5}, {'J8': 9}, 
365.0, {'J8': np.float32(61.0)}, {'J8': 5}, {'J8': 8}, 
370.0, {'J8': np.float32(74.5)}, {'J8': 5}, {'J8': 7}, 
375.0, {'J8': np.float32(-77.0)}, {'J8': 5}, {'J8': 10}, 
380.0, {'J8': np.float32(-56.0)}, {'J8': 5}, {'J8': 11}, 
385.0, {'J8': np.float32(-18.0)}, {'J8': 5}, {'J8': 10}, 
390.0, {'J8': np.float32(-70.0)}, {'J8': 5}, {'J8': 11}, 
395.0, {'J8': np.float32(-64.5)}, {'J8': 5}, {'J8': 9}, 
400.0, {'J8': np.float32(-91.5)}, {'J8': 5}, {'J8': 10}, 
405.0, {'J8': np.float32(-111.5)}, {'J8': 6}, {'J8': 15}, 
410.0, {'J8': np.float32(-153.0)}, {'J8': 7}, {'J8': 16}, 
415.0, {'J8': np.float32(-87.0)}, {'J8': 6}, {'J8': 15}, 
420.0, {'J8': np.float32(-76.5)}, {'J8': 5}, {'J8': 14}, 
425.0, {'J8': np.float32(15.5)}, {'J8': 5}, {'J8': 12}, 
430.0, {'J8': np.float32(-120.0)}, {'J8': 5}, {'J8': 12}, 
435.0, {'J8': np.float32(-49.5)}, {'J8': 5}, {'J8': 12}, 
440.0, {'J8': np.float32(-50.5)}, {'J8': 5}, {'J8': 12}, 
445.0, {'J8': np.float32(-126.5)}, {'J8': 7}, {'J8': 15}, 
450.0, {'J8': np.float32(-62.5)}, {'J8': 8}, {'J8': 15}, 
455.0, {'J8': np.float32(-49.5)}, {'J8': 8}, {'J8': 14}, 
460.0, {'J8': np.float32(-146.0)}, {'J8': 8}, {'J8': 16}, 
465.0, {'J8': np.float32(-41.5)}, {'J8': 7}, {'J8': 16}, 
470.0, {'J8': np.float32(-28.0)}, {'J8': 6}, {'J8': 15}, 
475.0, {'J8': np.float32(118.5)}, {'J8': 5}, {'J8': 12}, 
480.0, {'J8': np.float32(-120.0)}, {'J8': 5}, {'J8': 12}, 
485.0, {'J8': np.float32(-26.0)}, {'J8': 5}, {'J8': 11}, 
490.0, {'J8': np.float32(-16.5)}, {'J8': 5}, {'J8': 10}, 
495.0, {'J8': np.float32(-108.0)}, {'J8': 5}, {'J8': 13}, 
500.0, {'J8': np.float32(-23.5)}, {'J8': 6}, {'J8': 14}, 
505.0, {'J8': np.float32(-46.0)}, {'J8': 6}, {'J8': 13}, 
510.0, {'J8': np.float32(33.5)}, {'J8': 5}, {'J8': 13}, 
515.0, {'J8': np.float32(-87.5)}, {'J8': 5}, {'J8': 12}, 
520.0, {'J8': np.float32(-82.5)}, {'J8': 5}, {'J8': 12}, 
525.0, {'J8': np.float32(12.0)}, {'J8': 5}, {'J8': 11}, 
530.0, {'J8': np.float32(119.0)}, {'J8': 5}, {'J8': 8}, 
535.0, {'J8': np.float32(-82.5)}, {'J8': 5}, {'J8': 10}, 
540.0, {'J8': np.float32(-15.5)}, {'J8': 5}, {'J8': 9}, 
545.0, {'J8': np.float32(-20.0)}, {'J8': 5}, {'J8': 9}, 
550.0, {'J8': np.float32(-16.0)}, {'J8': 5}, {'J8': 11}, 
555.0, {'J8': np.float32(-115.0)}, {'J8': 5}, {'J8': 13}, 
560.0, {'J8': np.float32(-108.0)}, {'J8': 5}, {'J8': 14}, 
565.0, {'J8': np.float32(-106.0)}, {'J8': 5}, {'J8': 13}, 
570.0, {'J8': np.float32(-130.0)}, {'J8': 5}, {'J8': 13}, 
575.0, {'J8': np.float32(-135.5)}, {'J8': 6}, {'J8': 15}, 
580.0, {'J8': np.float32(-154.0)}, {'J8': 7}, {'J8': 16}, 
585.0, {'J8': np.float32(41.5)}, {'J8': 8}, {'J8': 15}, 
590.0, {'J8': np.float32(-68.0)}, {'J8': 7}, {'J8': 14}, 
595.0, {'J8': np.float32(-52.0)}, {'J8': 6}, {'J8': 15}, 
600.0, {'J8': np.float32(-57.0)}, {'J8': 5}, {'J8': 14}, 
605.0, {'J8': np.float32(80.5)}, {'J8': 5}, {'J8': 11}, 
610.0, {'J8': np.float32(-46.0)}, {'J8': 5}, {'J8': 10}, 
615.0, {'J8': np.float32(-103.5)}, {'J8': 5}, {'J8': 12}, 
620.0, {'J8': np.float32(23.0)}, {'J8': 5}, {'J8': 10}, 
625.0, {'J8': np.float32(138.5)}, {'J8': 6}, {'J8': 11}, 
630.0, {'J8': np.float32(-115.0)}, {'J8': 7}, {'J8': 13}, 
635.0, {'J8': np.float32(-7.0)}, {'J8': 6}, {'J8': 14}, 
640.0, {'J8': np.float32(-91.5)}, {'J8': 5}, {'J8': 14}, 
645.0, {'J8': np.float32(-140.0)}, {'J8': 5}, {'J8': 14}, 
650.0, {'J8': np.float32(-87.0)}, {'J8': 5}, {'J8': 14}, 
655.0, {'J8': np.float32(37.0)}, {'J8': 5}, {'J8': 11}, 
660.0, {'J8': np.float32(-55.0)}, {'J8': 5}, {'J8': 10}, 
665.0, {'J8': np.float32(-102.0)}, {'J8': 5}, {'J8': 11}, 
670.0, {'J8': np.float32(-117.5)}, {'J8': 5}, {'J8': 13}, 
675.0, {'J8': np.float32(-31.0)}, {'J8': 5}, {'J8': 12}, 
680.0, {'J8': np.float32(-31.0)}, {'J8': 6}, {'J8': 13}, 
685.0, {'J8': np.float32(-151.5)}, {'J8': 7}, {'J8': 16}, 
690.0, {'J8': np.float32(-29.5)}, {'J8': 6}, {'J8': 15}, 
695.0, {'J8': np.float32(-57.5)}, {'J8': 5}, {'J8': 13}, 
700.0, {'J8': np.float32(56.0)}, {'J8': 5}, {'J8': 11}, 
705.0, {'J8': np.float32(24.0)}, {'J8': 5}, {'J8': 10}, 
710.0, {'J8': np.float32(-49.0)}, {'J8': 5}, {'J8': 10}, 
715.0, {'J8': np.float32(-45.5)}, {'J8': 6}, {'J8': 11}, 
720.0, {'J8': np.float32(-30.0)}, {'J8': 6}, {'J8': 12}, 
725.0, {'J8': np.float32(73.0)}, {'J8': 5}, {'J8': 11}, 
730.0, {'J8': np.float32(-48.0)}, {'J8': 5}, {'J8': 11}, 
735.0, {'J8': np.float32(-110.0)}, {'J8': 5}, {'J8': 11}, 
740.0, {'J8': np.float32(-72.5)}, {'J8': 5}, {'J8': 12}, 
745.0, {'J8': np.float32(-47.0)}, {'J8': 5}, {'J8': 10}, 
750.0, {'J8': np.float32(12.5)}, {'J8': 5}, {'J8': 8}, 
755.0, {'J8': np.float32(-30.0)}, {'J8': 5}, {'J8': 10}, 
760.0, {'J8': np.float32(-22.5)}, {'J8': 5}, {'J8': 11}, 
765.0, {'J8': np.float32(-115.0)}, {'J8': 5}, {'J8': 12}, 
770.0, {'J8': np.float32(-88.0)}, {'J8': 5}, {'J8': 11}, 
775.0, {'J8': np.float32(-39.0)}, {'J8': 5}, {'J8': 9}, 
780.0, {'J8': np.float32(-90.0)}, {'J8': 5}, {'J8': 9}, 
785.0, {'J8': np.float32(-31.0)}, {'J8': 5}, {'J8': 9}, 
790.0, {'J8': np.float32(-13.5)}, {'J8': 5}, {'J8': 7}, 
795.0, {'J8': np.float32(1.5)}, {'J8': 5}, {'J8': 6}, 
800.0, {'J8': np.float32(13.5)}, {'J8': 5}, {'J8': 6}, 
805.0, {'J8': np.float32(-65.5)}, {'J8': 5}, {'J8': 8}, 
810.0, {'J8': np.float32(-61.5)}, {'J8': 5}, {'J8': 8}, 
815.0, {'J8': np.float32(-43.0)}, {'J8': 5}, {'J8': 6}, 
820.0, {'J8': np.float32(-66.5)}, {'J8': 5}, {'J8': 9}, 
825.0, {'J8': np.float32(-90.0)}, {'J8': 5}, {'J8': 9}, 
830.0, {'J8': np.float32(-90.0)}, {'J8': 5}, {'J8': 9}, 
835.0, {'J8': np.float32(-90.0)}, {'J8': 5}, {'J8': 9}, 
840.0, {'J8': np.float32(-92.5)}, {'J8': 5}, {'J8': 10}, 
845.0, {'J8': np.float32(-100.5)}, {'J8': 5}, {'J8': 11}, 
850.0, {'J8': np.float32(-18.5)}, {'J8': 5}, {'J8': 10}, 
855.0, {'J8': np.float32(-28.5)}, {'J8': 5}, {'J8': 10}, 
860.0, {'J8': np.float32(-23.0)}, {'J8': 5}, {'J8': 10}, 
865.0, {'J8': np.float32(-17.0)}, {'J8': 5}, {'J8': 11}, 
870.0, {'J8': np.float32(-59.0)}, {'J8': 5}, {'J8': 14}, 
875.0, {'J8': np.float32(-2.0)}, {'J8': 5}, {'J8': 11}, 
880.0, {'J8': np.float32(-75.0)}, {'J8': 5}, {'J8': 10}, 
885.0, {'J8': np.float32(-103.5)}, {'J8': 5}, {'J8': 12}, 
890.0, {'J8': np.float32(-62.0)}, {'J8': 5}, {'J8': 10}, 
895.0, {'J8': np.float32(-79.5)}, {'J8': 5}, {'J8': 9}, 
900.0, {'J8': np.float32(-18.5)}, {'J8': 5}, {'J8': 9}, 
905.0, {'J8': np.float32(125.0)}, {'J8': 5}, {'J8': 7}, 
910.0, {'J8': np.float32(-49.5)}, {'J8': 5}, {'J8': 7}, 
915.0, {'J8': np.float32(-53.5)}, {'J8': 5}, {'J8': 9}, 
920.0, {'J8': np.float32(-82.0)}, {'J8': 5}, {'J8': 9}, 
925.0, {'J8': np.float32(-92.0)}, {'J8': 5}, {'J8': 10}, 
930.0, {'J8': np.float32(-105.0)}, {'J8': 5}, {'J8': 12}, 
935.0, {'J8': np.float32(-74.5)}, {'J8': 5}, {'J8': 13}, 
940.0, {'J8': np.float32(-45.5)}, {'J8': 5}, {'J8': 11}, 
945.0, {'J8': np.float32(-16.0)}, {'J8': 5}, {'J8': 9}, 
950.0, {'J8': np.float32(-27.5)}, {'J8': 5}, {'J8': 9}, 
955.0, {'J8': np.float32(-107.0)}, {'J8': 6}, {'J8': 15}, 
960.0, {'J8': np.float32(-90.5)}, {'J8': 6}, {'J8': 15}, 
965.0, {'J8': np.float32(-54.0)}, {'J8': 5}, {'J8': 13}, 
970.0, {'J8': np.float32(-96.0)}, {'J8': 5}, {'J8': 12}, 
975.0, {'J8': np.float32(3.5)}, {'J8': 5}, {'J8': 11}, 
980.0, {'J8': np.float32(-115.0)}, {'J8': 5}, {'J8': 12}, 
985.0, {'J8': np.float32(-58.5)}, {'J8': 5}, {'J8': 12}, 
990.0, {'J8': np.float32(24.5)}, {'J8': 5}, {'J8': 10}, 
995.0, {'J8': np.float32(-21.0)}, {'J8': 5}, {'J8': 11}, 
1000.0, {'J8': np.float32(-61.0)}, {'J8': 5}, {'J8': 12}, 
1005.0, {'J8': np.float32(-27.5)}, {'J8': 6}, {'J8': 11}, 
1010.0, {'J8': np.float32(-11.5)}, {'J8': 6}, {'J8': 12}, 
1015.0, {'J8': np.float32(0.0)}, {'J8': 5}, {'J8': 11}, 
1020.0, {'J8': np.float32(-80.5)}, {'J8': 5}, {'J8': 11}, 
1025.0, {'J8': np.float32(-79.0)}, {'J8': 5}, {'J8': 11}, 
1030.0, {'J8': np.float32(-81.0)}, {'J8': 5}, {'J8': 12}, 
1035.0, {'J8': np.float32(-10.0)}, {'J8': 5}, {'J8': 12}, 
1040.0, {'J8': np.float32(-124.5)}, {'J8': 5}, {'J8': 13}, 
1045.0, {'J8': np.float32(-56.5)}, {'J8': 5}, {'J8': 11}, 
1050.0, {'J8': np.float32(-110.0)}, {'J8': 5}, {'J8': 11}, 
1055.0, {'J8': np.float32(-59.0)}, {'J8': 5}, {'J8': 10}, 
1060.0, {'J8': np.float32(-49.0)}, {'J8': 5}, {'J8': 10}, 
1065.0, {'J8': np.float32(-5.5)}, {'J8': 5}, {'J8': 12}, 
1070.0, {'J8': np.float32(5.5)}, {'J8': 5}, {'J8': 10}, 
1075.0, {'J8': np.float32(-35.0)}, {'J8': 5}, {'J8': 8}, 
1080.0, {'J8': np.float32(-84.5)}, {'J8': 5}, {'J8': 9}, 
1085.0, {'J8': np.float32(-90.0)}, {'J8': 5}, {'J8': 9}, 
1090.0, {'J8': np.float32(-90.0)}, {'J8': 5}, {'J8': 9}, 
1095.0, {'J8': np.float32(-90.0)}, {'J8': 5}, {'J8': 9}, 
1100.0, {'J8': np.float32(-90.0)}, {'J8': 5}, {'J8': 9}, 
1105.0, {'J8': np.float32(-91.5)}, {'J8': 5}, {'J8': 10}, 
1110.0, {'J8': np.float32(-102.5)}, {'J8': 5}, {'J8': 11}, 
1115.0, {'J8': np.float32(-110.5)}, {'J8': 5}, {'J8': 12}, 
1120.0, {'J8': np.float32(-88.5)}, {'J8': 5}, {'J8': 11}, 
1125.0, {'J8': np.float32(-77.5)}, {'J8': 5}, {'J8': 10}, 
1130.0, {'J8': np.float32(-106.0)}, {'J8': 5}, {'J8': 12}, 
1135.0, {'J8': np.float32(270.5)}, {'J8': 5}, {'J8': 11}, 
1140.0, {'J8': np.float32(-59.5)}, {'J8': 5}, {'J8': 10}, 
1145.0, {'J8': np.float32(209.5)}, {'J8': 5}, {'J8': 7}, 
1150.0, {'J8': np.float32(-30.0)}, {'J8': 5}, {'J8': 7}, 
1155.0, {'J8': np.float32(-15.0)}, {'J8': 5}, {'J8': 6}, 
1160.0, {'J8': np.float32(-66.0)}, {'J8': 5}, {'J8': 8}, 
1165.0, {'J8': np.float32(-89.5)}, {'J8': 5}, {'J8': 11}, 
1170.0, {'J8': np.float32(-85.5)}, {'J8': 6}, {'J8': 14}, 
1175.0, {'J8': np.float32(-53.5)}, {'J8': 5}, {'J8': 12}, 
1180.0, {'J8': np.float32(-86.5)}, {'J8': 5}, {'J8': 11}, 
1185.0, {'J8': np.float32(-77.5)}, {'J8': 5}, {'J8': 10}, 
1190.0, {'J8': np.float32(-61.0)}, {'J8': 5}, {'J8': 10}, 
1195.0, {'J8': np.float32(-43.0)}, {'J8': 5}, {'J8': 10}, 
1200.0, {'J8': np.float32(70.0)}, {'J8': 5}, {'J8': 10}, 
1205.0, {'J8': np.float32(-102.5)}, {'J8': 6}, {'J8': 12}, 
1210.0, {'J8': np.float32(-110.5)}, {'J8': 7}, {'J8': 12}, 
1215.0, {'J8': np.float32(-120.0)}, {'J8': 7}, {'J8': 12}, 
1220.0, {'J8': np.float32(-124.0)}, {'J8': 8}, {'J8': 14}, 
1225.0, {'J8': np.float32(-144.0)}, {'J8': 8}, {'J8': 16}, 
1230.0, {'J8': np.float32(-164.0)}, {'J8': 8}, {'J8': 17}, 
1235.0, {'J8': np.float32(-78.0)}, {'J8': 7}, {'J8': 16}, 
1240.0, {'J8': np.float32(19.0)}, {'J8': 5}, {'J8': 14}, 
1245.0, {'J8': np.float32(-49.5)}, {'J8': 5}, {'J8': 13}, 
1250.0, {'J8': np.float32(-27.0)}, {'J8': 5}, {'J8': 12}, 
1255.0, {'J8': np.float32(41.5)}, {'J8': 5}, {'J8': 11}, 
1260.0, {'J8': np.float32(-112.5)}, {'J8': 5}, {'J8': 12}, 
1265.0, {'J8': np.float32(-34.5)}, {'J8': 5}, {'J8': 13}, 
1270.0, {'J8': np.float32(-41.5)}, {'J8': 6}, {'J8': 13}, 
1275.0, {'J8': np.float32(-97.5)}, {'J8': 7}, {'J8': 16}, 
1280.0, {'J8': np.float32(4.5)}, {'J8': 5}, {'J8': 14}, 
1285.0, {'J8': np.float32(-140.0)}, {'J8': 5}, {'J8': 14}, 
1290.0, {'J8': np.float32(-143.0)}, {'J8': 6}, {'J8': 15}, 
1295.0, {'J8': np.float32(-150.0)}, {'J8': 6}, {'J8': 15}, 
1300.0, {'J8': np.float32(3.0)}, {'J8': 6}, {'J8': 15}, 
1305.0, {'J8': np.float32(-70.0)}, {'J8': 6}, {'J8': 15}, 
1310.0, {'J8': np.float32(-150.5)}, {'J8': 7}, {'J8': 16}, 
1315.0, {'J8': np.float32(21.0)}, {'J8': 7}, {'J8': 15}, 
1320.0, {'J8': np.float32(217.0)}, {'J8': 7}, {'J8': 12}, 
1325.0, {'J8': np.float32(-120.0)}, {'J8': 7}, {'J8': 12}, 
1330.0, {'J8': np.float32(-124.5)}, {'J8': 8}, {'J8': 14}, 
1335.0, {'J8': np.float32(-81.0)}, {'J8': 7}, {'J8': 15}, 
1340.0, {'J8': np.float32(-93.5)}, {'J8': 6}, {'J8': 15}, 
1345.0, {'J8': np.float32(38.0)}, {'J8': 5}, {'J8': 13}, 
1350.0, {'J8': np.float32(147.0)}, {'J8': 5}, {'J8': 11}, 
1355.0, {'J8': np.float32(164.0)}, {'J8': 5}, {'J8': 9}, 
1360.0, {'J8': np.float32(-27.0)}, {'J8': 5}, {'J8': 7}, 
1365.0, {'J8': np.float32(-72.5)}, {'J8': 5}, {'J8': 9}, 
1370.0, {'J8': np.float32(-19.5)}, {'J8': 5}, {'J8': 8}, 
1375.0, {'J8': np.float32(-6.0)}, {'J8': 5}, {'J8': 7}, 
1380.0, {'J8': np.float32(-72.5)}, {'J8': 5}, {'J8': 9}, 
1385.0, {'J8': np.float32(-52.5)}, {'J8': 5}, {'J8': 10}, 
1390.0, {'J8': np.float32(-49.5)}, {'J8': 5}, {'J8': 9}, 
1395.0, {'J8': np.float32(-67.0)}, {'J8': 5}, {'J8': 10}, 
1400.0, {'J8': np.float32(-76.5)}, {'J8': 6}, {'J8': 11}, 
1405.0, {'J8': np.float32(-99.5)}, {'J8': 6}, {'J8': 12}, 
1410.0, {'J8': np.float32(-40.5)}, {'J8': 5}, {'J8': 13}, 
1415.0, {'J8': np.float32(-74.0)}, {'J8': 5}, {'J8': 14}, 
1420.0, {'J8': np.float32(-115.0)}, {'J8': 5}, {'J8': 13}, 
1425.0, {'J8': np.float32(-109.5)}, {'J8': 5}, {'J8': 12}, 
1430.0, {'J8': np.float32(-55.0)}, {'J8': 5}, {'J8': 11}, 
1435.0, {'J8': np.float32(-28.0)}, {'J8': 5}, {'J8': 10}, 
1440.0, {'J8': np.float32(-18.5)}, {'J8': 5}, {'J8': 10}, 
1445.0, {'J8': np.float32(-106.0)}, {'J8': 5}, {'J8': 13}, 
1450.0, {'J8': np.float32(-42.0)}, {'J8': 5}, {'J8': 13}, 
1455.0, {'J8': np.float32(-7.5)}, {'J8': 5}, {'J8': 12}, 
1460.0, {'J8': np.float32(-89.0)}, {'J8': 5}, {'J8': 13}, 
1465.0, {'J8': np.float32(-88.0)}, {'J8': 5}, {'J8': 12}, 
1470.0, {'J8': np.float32(5.5)}, {'J8': 5}, {'J8': 9}, 
1475.0, {'J8': np.float32(40.5)}, {'J8': 5}, {'J8': 9}, 
1480.0, {'J8': np.float32(124.0)}, {'J8': 5}, {'J8': 7}, 
1485.0, {'J8': np.float32(-50.5)}, {'J8': 5}, {'J8': 7}, 
1490.0, {'J8': np.float32(-53.0)}, {'J8': 5}, {'J8': 9}, 
1495.0, {'J8': np.float32(-82.5)}, {'J8': 5}, {'J8': 9}, 
1500.0, {'J8': np.float32(-90.0)}, {'J8': 5}, {'J8': 9}, 
1505.0, {'J8': np.float32(-90.0)}, {'J8': 5}, {'J8': 9}, 
1510.0, {'J8': np.float32(-90.0)}, {'J8': 5}, {'J8': 9}, 
1515.0, {'J8': np.float32(21.0)}, {'J8': 5}, {'J8': 9}, 
1520.0, {'J8': np.float32(-90.0)}, {'J8': 5}, {'J8': 9}, 
1525.0, {'J8': np.float32(-50.5)}, {'J8': 5}, {'J8': 9}, 
1530.0, {'J8': np.float32(62.5)}, {'J8': 5}, {'J8': 8}, 
1535.0, {'J8': np.float32(-67.5)}, {'J8': 5}, {'J8': 7}, 
1540.0, {'J8': np.float32(-72.5)}, {'J8': 5}, {'J8': 9}, 
1545.0, {'J8': np.float32(-90.0)}, {'J8': 5}, {'J8': 9}, 
1550.0, {'J8': np.float32(-90.0)}, {'J8': 5}, {'J8': 9}, 
1555.0, {'J8': np.float32(-90.0)}, {'J8': 5}, {'J8': 9}, 
1560.0, {'J8': np.float32(-90.0)}, {'J8': 5}, {'J8': 9}, 
1565.0, {'J8': np.float32(-90.0)}, {'J8': 5}, {'J8': 9}, 
1570.0, {'J8': np.float32(-0.5)}, {'J8': 5}, {'J8': 9}, 
1575.0, {'J8': np.float32(24.0)}, {'J8': 5}, {'J8': 7}, 
1580.0, {'J8': np.float32(-72.0)}, {'J8': 5}, {'J8': 8}, 
1585.0, {'J8': np.float32(-85.0)}, {'J8': 5}, {'J8': 9}, 
1590.0, {'J8': np.float32(112.5)}, {'J8': 5}, {'J8': 7}, 
1595.0, {'J8': np.float32(-70.0)}, {'J8': 5}, {'J8': 7}, 
1600.0, {'J8': np.float32(-72.5)}, {'J8': 5}, {'J8': 9}, 
1605.0, {'J8': np.float32(-90.0)}, {'J8': 5}, {'J8': 9}, 
1610.0, {'J8': np.float32(-90.0)}, {'J8': 5}, {'J8': 9}, 
1615.0, {'J8': np.float32(-90.0)}, {'J8': 5}, {'J8': 9}, 
1620.0, {'J8': np.float32(-12.5)}, {'J8': 5}, {'J8': 10}, 
1625.0, {'J8': np.float32(87.5)}, {'J8': 5}, {'J8': 7}, 
1630.0, {'J8': np.float32(-75.5)}, {'J8': 5}, {'J8': 9}, 
1635.0, {'J8': np.float32(-91.0)}, {'J8': 5}, {'J8': 11}, 
1640.0, {'J8': np.float32(-100.0)}, {'J8': 6}, {'J8': 11}, 
1645.0, {'J8': np.float32(-58.0)}, {'J8': 5}, {'J8': 11}, 
1650.0, {'J8': np.float32(29.5)}, {'J8': 5}, {'J8': 11}, 
1655.0, {'J8': np.float32(-39.0)}, {'J8': 5}, {'J8': 9}, 
1660.0, {'J8': np.float32(-90.0)}, {'J8': 5}, {'J8': 9}, 
1665.0, {'J8': np.float32(-92.0)}, {'J8': 5}, {'J8': 10}, 
1670.0, {'J8': np.float32(-4.0)}, {'J8': 5}, {'J8': 8}, 
1675.0, {'J8': np.float32(22.5)}, {'J8': 5}, {'J8': 6}, 
1680.0, {'J8': np.float32(-67.5)}, {'J8': 5}, {'J8': 9}, 
1685.0, {'J8': np.float32(-93.5)}, {'J8': 5}, {'J8': 11}, 
1690.0, {'J8': np.float32(-101.5)}, {'J8': 6}, {'J8': 11}, 
1695.0, {'J8': np.float32(-110.5)}, {'J8': 7}, {'J8': 12}, 
1700.0, {'J8': np.float32(-52.5)}, {'J8': 7}, {'J8': 13}, 
1705.0, {'J8': np.float32(-65.5)}, {'J8': 5}, {'J8': 13}, 
1710.0, {'J8': np.float32(-71.5)}, {'J8': 5}, {'J8': 13}, 
1715.0, {'J8': np.float32(55.5)}, {'J8': 5}, {'J8': 10}, 
1720.0, {'J8': np.float32(-50.0)}, {'J8': 5}, {'J8': 10}, 
1725.0, {'J8': np.float32(-51.5)}, {'J8': 5}, {'J8': 10}, 
1730.0, {'J8': np.float32(-50.5)}, {'J8': 5}, {'J8': 11}, 
1735.0, {'J8': np.float32(-51.0)}, {'J8': 5}, {'J8': 11}, 
1740.0, {'J8': np.float32(-49.0)}, {'J8': 6}, {'J8': 12}, 
1745.0, {'J8': np.float32(-108.0)}, {'J8': 6}, {'J8': 11}, 
1750.0, {'J8': np.float32(-69.5)}, {'J8': 7}, {'J8': 13}, 
1755.0, {'J8': np.float32(28.5)}, {'J8': 5}, {'J8': 13}, 
1760.0, {'J8': np.float32(-71.0)}, {'J8': 5}, {'J8': 10}, 
1765.0, {'J8': np.float32(7.0)}, {'J8': 5}, {'J8': 8}, 
1770.0, {'J8': np.float32(-82.5)}, {'J8': 5}, {'J8': 10}, 
1775.0, {'J8': np.float32(-62.5)}, {'J8': 5}, {'J8': 11}, 
1780.0, {'J8': np.float32(-65.0)}, {'J8': 5}, {'J8': 12}, 
1785.0, {'J8': np.float32(-31.0)}, {'J8': 5}, {'J8': 12}, 
1790.0, {'J8': np.float32(-44.5)}, {'J8': 5}, {'J8': 10}, 
1795.0, {'J8': np.float32(-49.5)}, {'J8': 5}, {'J8': 9}, 
1800.0, {'J8': np.float32(-105.0)}, {'J8': 5}, {'J8': 14}, 
1805.0, {'J8': np.float32(-145.0)}, {'J8': 7}, {'J8': 16}, 
1810.0, {'J8': np.float32(-88.5)}, {'J8': 6}, {'J8': 15}, 
1815.0, {'J8': np.float32(30.5)}, {'J8': 5}, {'J8': 12}, 
1820.0, {'J8': np.float32(-43.0)}, {'J8': 5}, {'J8': 10}, 
1825.0, {'J8': np.float32(-58.5)}, {'J8': 5}, {'J8': 9}, 
1830.0, {'J8': np.float32(-90.5)}, {'J8': 5}, {'J8': 10}, 
1835.0, {'J8': np.float32(1.5)}, {'J8': 5}, {'J8': 10}, 
1840.0, {'J8': np.float32(144.0)}, {'J8': 5}, {'J8': 9}, 
1845.0, {'J8': np.float32(-40.5)}, {'J8': 5}, {'J8': 8}, 
1850.0, {'J8': np.float32(-68.5)}, {'J8': 5}, {'J8': 7}, 
1855.0, {'J8': np.float32(-40.0)}, {'J8': 5}, {'J8': 7}, 
1860.0, {'J8': np.float32(-36.0)}, {'J8': 5}, {'J8': 9}, 
1865.0, {'J8': np.float32(-90.0)}, {'J8': 5}, {'J8': 9}, 
1870.0, {'J8': np.float32(-90.0)}, {'J8': 5}, {'J8': 9}, 
1875.0, {'J8': np.float32(-90.0)}, {'J8': 5}, {'J8': 9}, 
1880.0, {'J8': np.float32(-41.5)}, {'J8': 5}, {'J8': 10}, 
1885.0, {'J8': np.float32(-33.0)}, {'J8': 5}, {'J8': 8}, 
1890.0, {'J8': np.float32(1.0)}, {'J8': 5}, {'J8': 7}, 
1895.0, {'J8': np.float32(10.0)}, {'J8': 5}, {'J8': 6}, 
1900.0, {'J8': np.float32(-67.0)}, {'J8': 5}, {'J8': 9}, 
1905.0, {'J8': np.float32(-90.0)}, {'J8': 5}, {'J8': 9}, 
1910.0, {'J8': np.float32(-90.0)}, {'J8': 5}, {'J8': 9}, 
1915.0, {'J8': np.float32(-90.0)}, {'J8': 5}, {'J8': 9}, 
1920.0, {'J8': np.float32(-92.0)}, {'J8': 5}, {'J8': 10}, 
1925.0, {'J8': np.float32(-38.0)}, {'J8': 5}, {'J8': 9}, 
1930.0, {'J8': np.float32(94.5)}, {'J8': 5}, {'J8': 7}, 
1935.0, {'J8': np.float32(-78.5)}, {'J8': 5}, {'J8': 10}, 
1940.0, {'J8': np.float32(-87.5)}, {'J8': 5}, {'J8': 10}, 
1945.0, {'J8': np.float32(-50.0)}, {'J8': 5}, {'J8': 10}, 
1950.0, {'J8': np.float32(-65.0)}, {'J8': 5}, {'J8': 12}, 
1955.0, {'J8': np.float32(-75.0)}, {'J8': 5}, {'J8': 11}, 
1960.0, {'J8': np.float32(-59.5)}, {'J8': 5}, {'J8': 10}, 
1965.0, {'J8': np.float32(-64.0)}, {'J8': 5}, {'J8': 11}, 
1970.0, {'J8': np.float32(9.0)}, {'J8': 5}, {'J8': 8}, 
1975.0, {'J8': np.float32(-59.0)}, {'J8': 5}, {'J8': 8}, 
1980.0, {'J8': np.float32(-84.5)}, {'J8': 5}, {'J8': 10}, 
1985.0, {'J8': np.float32(-30.0)}, {'J8': 5}, {'J8': 10}, 
1990.0, {'J8': np.float32(-27.5)}, {'J8': 5}, {'J8': 11}, 
1995.0, {'J8': np.float32(-71.0)}, {'J8': 5}, {'J8': 11}, 
2000.0, {'J8': np.float32(-82.5)}, {'J8': 5}, {'J8': 11}, 
2005.0, {'J8': np.float32(-75.0)}, {'J8': 5}, {'J8': 10}, 
2010.0, {'J8': np.float32(-102.5)}, {'J8': 5}, {'J8': 11}, 
2015.0, {'J8': np.float32(42.5)}, {'J8': 5}, {'J8': 10}, 
2020.0, {'J8': np.float32(-105.0)}, {'J8': 5}, {'J8': 12}, 
2025.0, {'J8': np.float32(-61.5)}, {'J8': 6}, {'J8': 12}, 
2030.0, {'J8': np.float32(-60.0)}, {'J8': 7}, {'J8': 13}, 
2035.0, {'J8': np.float32(-136.5)}, {'J8': 8}, {'J8': 16}, 
2040.0, {'J8': np.float32(-102.5)}, {'J8': 7}, {'J8': 16}, 
2045.0, {'J8': np.float32(59.0)}, {'J8': 5}, {'J8': 13}, 
2050.0, {'J8': np.float32(-130.0)}, {'J8': 5}, {'J8': 13}, 
2055.0, {'J8': np.float32(4.5)}, {'J8': 5}, {'J8': 11}, 
2060.0, {'J8': np.float32(-48.5)}, {'J8': 5}, {'J8': 10}, 
2065.0, {'J8': np.float32(-40.0)}, {'J8': 5}, {'J8': 11}, 
2070.0, {'J8': np.float32(-118.0)}, {'J8': 5}, {'J8': 14}, 
2075.0, {'J8': np.float32(-50.5)}, {'J8': 5}, {'J8': 14}, 
2080.0, {'J8': np.float32(28.5)}, {'J8': 5}, {'J8': 10}, 
2085.0, {'J8': np.float32(-100.0)}, {'J8': 5}, {'J8': 10}, 
2090.0, {'J8': np.float32(-55.0)}, {'J8': 5}, {'J8': 9}, 
2095.0, {'J8': np.float32(-92.0)}, {'J8': 5}, {'J8': 10}, 
2100.0, {'J8': np.float32(25.5)}, {'J8': 5}, {'J8': 11}, 
2105.0, {'J8': np.float32(21.0)}, {'J8': 5}, {'J8': 12}, 
2110.0, {'J8': np.float32(-128.5)}, {'J8': 7}, {'J8': 16}, 
2115.0, {'J8': np.float32(-103.0)}, {'J8': 5}, {'J8': 14}, 
2120.0, {'J8': np.float32(-20.5)}, {'J8': 5}, {'J8': 11}, 
2125.0, {'J8': np.float32(-110.0)}, {'J8': 5}, {'J8': 11}, 
2130.0, {'J8': np.float32(-59.0)}, {'J8': 5}, {'J8': 10}, 
2135.0, {'J8': np.float32(-100.0)}, {'J8': 5}, {'J8': 10}, 
2140.0, {'J8': np.float32(-39.0)}, {'J8': 5}, {'J8': 9}, 
2145.0, {'J8': np.float32(-90.0)}, {'J8': 5}, {'J8': 9}, 
2150.0, {'J8': np.float32(-95.0)}, {'J8': 5}, {'J8': 11}, 
2155.0, {'J8': np.float32(-115.5)}, {'J8': 5}, {'J8': 13}, 
2160.0, {'J8': np.float32(47.5)}, {'J8': 6}, {'J8': 14}, 
2165.0, {'J8': np.float32(49.5)}, {'J8': 7}, {'J8': 14}, 
2170.0, {'J8': np.float32(-18.0)}, {'J8': 7}, {'J8': 13}, 
2175.0, {'J8': np.float32(49.0)}, {'J8': 7}, {'J8': 13}, 
2180.0, {'J8': np.float32(30.0)}, {'J8': 5}, {'J8': 12}, 
2185.0, {'J8': np.float32(-20.0)}, {'J8': 5}, {'J8': 11}, 
2190.0, {'J8': np.float32(-2.0)}, {'J8': 5}, {'J8': 8}, 
2195.0, {'J8': np.float32(-80.0)}, {'J8': 5}, {'J8': 8}, 
2200.0, {'J8': np.float32(-29.5)}, {'J8': 5}, {'J8': 9}, 
2205.0, {'J8': np.float32(-90.0)}, {'J8': 5}, {'J8': 9}, 
2210.0, {'J8': np.float32(-31.0)}, {'J8': 5}, {'J8': 9}, 
2215.0, {'J8': np.float32(31.0)}, {'J8': 5}, {'J8': 8}, 
2220.0, {'J8': np.float32(-80.0)}, {'J8': 5}, {'J8': 8}, 
2225.0, {'J8': np.float32(-86.5)}, {'J8': 6}, {'J8': 12}, 
2230.0, {'J8': np.float32(-125.0)}, {'J8': 7}, {'J8': 15}, 
2235.0, {'J8': np.float32(-133.5)}, {'J8': 6}, {'J8': 15}, 
2240.0, {'J8': np.float32(-153.5)}, {'J8': 7}, {'J8': 16}, 
2245.0, {'J8': np.float32(-43.0)}, {'J8': 6}, {'J8': 15}, 
2250.0, {'J8': np.float32(-150.0)}, {'J8': 6}, {'J8': 15}, 
2255.0, {'J8': np.float32(-68.0)}, {'J8': 5}, {'J8': 14}, 
2260.0, {'J8': np.float32(4.5)}, {'J8': 5}, {'J8': 12}, 
2265.0, {'J8': np.float32(-47.5)}, {'J8': 5}, {'J8': 11}, 
2270.0, {'J8': np.float32(-25.0)}, {'J8': 5}, {'J8': 14}, 
2275.0, {'J8': np.float32(119.0)}, {'J8': 5}, {'J8': 10}, 
2280.0, {'J8': np.float32(95.0)}, {'J8': 5}, {'J8': 8}, 
2285.0, {'J8': np.float32(-80.0)}, {'J8': 5}, {'J8': 8}, 
2290.0, {'J8': np.float32(-42.0)}, {'J8': 5}, {'J8': 9}, 
2295.0, {'J8': np.float32(-40.0)}, {'J8': 5}, {'J8': 9}, 
2300.0, {'J8': np.float32(-17.5)}, {'J8': 5}, {'J8': 7}, 
2305.0, {'J8': np.float32(-9.5)}, {'J8': 5}, {'J8': 6}, 
2310.0, {'J8': np.float32(-65.5)}, {'J8': 5}, {'J8': 8}, 
2315.0, {'J8': np.float32(-59.0)}, {'J8': 5}, {'J8': 8}, 
2320.0, {'J8': np.float32(-38.5)}, {'J8': 5}, {'J8': 8}, 
2325.0, {'J8': np.float32(-59.5)}, {'J8': 5}, {'J8': 8}, 
2330.0, {'J8': np.float32(-36.0)}, {'J8': 5}, {'J8': 6}, 
2335.0, {'J8': np.float32(-40.5)}, {'J8': 5}, {'J8': 6}, 
2340.0, {'J8': np.float32(-50.5)}, {'J8': 5}, {'J8': 6}, 
2345.0, {'J8': np.float32(-50.5)}, {'J8': 5}, {'J8': 6}, 
2350.0, {'J8': np.float32(-66.5)}, {'J8': 5}, {'J8': 9}, 
2355.0, {'J8': np.float32(-90.0)}, {'J8': 5}, {'J8': 9}, 
2360.0, {'J8': np.float32(-58.0)}, {'J8': 5}, {'J8': 8}, 
2365.0, {'J8': np.float32(-46.0)}, {'J8': 5}, {'J8': 7}, 
2370.0, {'J8': np.float32(-73.5)}, {'J8': 5}, {'J8': 9}, 
2375.0, {'J8': np.float32(9.5)}, {'J8': 5}, {'J8': 8}, 
2380.0, {'J8': np.float32(-82.0)}, {'J8': 5}, {'J8': 9}, 
2385.0, {'J8': np.float32(-58.5)}, {'J8': 5}, {'J8': 9}, 
2390.0, {'J8': np.float32(-92.0)}, {'J8': 5}, {'J8': 10}, 
2395.0, {'J8': np.float32(-100.0)}, {'J8': 5}, {'J8': 10}, 
2400.0, {'J8': np.float32(-78.0)}, {'J8': 5}, {'J8': 9}, 
2405.0, {'J8': np.float32(-92.0)}, {'J8': 5}, {'J8': 10}, 
2410.0, {'J8': np.float32(-23.5)}, {'J8': 5}, {'J8': 11}, 
2415.0, {'J8': np.float32(-24.0)}, {'J8': 5}, {'J8': 11}, 
2420.0, {'J8': np.float32(-116.0)}, {'J8': 6}, {'J8': 14}, 
2425.0, {'J8': np.float32(-59.0)}, {'J8': 7}, {'J8': 14}, 
2430.0, {'J8': np.float32(-49.0)}, {'J8': 7}, {'J8': 13}, 
2435.0, {'J8': np.float32(-102.5)}, {'J8': 8}, {'J8': 13}, 
2440.0, {'J8': np.float32(-59.5)}, {'J8': 7}, {'J8': 13}, 
2445.0, {'J8': np.float32(76.0)}, {'J8': 5}, {'J8': 12}, 
2450.0, {'J8': np.float32(-61.5)}, {'J8': 5}, {'J8': 12}, 
2455.0, {'J8': np.float32(-120.0)}, {'J8': 5}, {'J8': 12}, 
2460.0, {'J8': np.float32(33.0)}, {'J8': 5}, {'J8': 10}, 
2465.0, {'J8': np.float32(-100.0)}, {'J8': 5}, {'J8': 10}, 
2470.0, {'J8': np.float32(-106.5)}, {'J8': 5}, {'J8': 13}, 
2475.0, {'J8': np.float32(-32.5)}, {'J8': 5}, {'J8': 11}, 
2480.0, {'J8': np.float32(-110.0)}, {'J8': 5}, {'J8': 11}, 
2485.0, {'J8': np.float32(-112.5)}, {'J8': 5}, {'J8': 13}, 
2490.0, {'J8': np.float32(-134.0)}, {'J8': 5}, {'J8': 14}, 
2495.0, {'J8': np.float32(-93.0)}, {'J8': 6}, {'J8': 15}, 
2500.0, {'J8': np.float32(-89.5)}, {'J8': 5}, {'J8': 14}, 
2505.0, {'J8': np.float32(-98.0)}, {'J8': 5}, {'J8': 13}, 
2510.0, {'J8': np.float32(-2.0)}, {'J8': 5}, {'J8': 10}, 
2515.0, {'J8': np.float32(236.0)}, {'J8': 5}, {'J8': 8}, 
2520.0, {'J8': np.float32(214.0)}, {'J8': 5}, {'J8': 7}, 
2525.0, {'J8': np.float32(-80.5)}, {'J8': 5}, {'J8': 10}, 
2530.0, {'J8': np.float32(-108.0)}, {'J8': 5}, {'J8': 13}, 
2535.0, {'J8': np.float32(-94.0)}, {'J8': 5}, {'J8': 13}, 
2540.0, {'J8': np.float32(-87.5)}, {'J8': 5}, {'J8': 12}, 
2545.0, {'J8': np.float32(-120.0)}, {'J8': 5}, {'J8': 12}, 
2550.0, {'J8': np.float32(-128.5)}, {'J8': 5}, {'J8': 14}, 
2555.0, {'J8': np.float32(-143.0)}, {'J8': 7}, {'J8': 16}, 
2560.0, {'J8': np.float32(-160.0)}, {'J8': 7}, {'J8': 16}, 
2565.0, {'J8': np.float32(-162.5)}, {'J8': 8}, {'J8': 17}, 
2570.0, {'J8': np.float32(-74.5)}, {'J8': 7}, {'J8': 16}, 
2575.0, {'J8': np.float32(-57.0)}, {'J8': 6}, {'J8': 15}, 
2580.0, {'J8': np.float32(-47.0)}, {'J8': 5}, {'J8': 14}, 
2585.0, {'J8': np.float32(71.0)}, {'J8': 5}, {'J8': 11}, 
2590.0, {'J8': np.float32(-39.5)}, {'J8': 5}, {'J8': 10}, 
2595.0, {'J8': np.float32(-104.0)}, {'J8': 5}, {'J8': 12}, 
2600.0, {'J8': np.float32(-121.0)}, {'J8': 5}, {'J8': 13}, 
2605.0, {'J8': np.float32(-132.5)}, {'J8': 5}, {'J8': 14}, 
2610.0, {'J8': np.float32(28.5)}, {'J8': 6}, {'J8': 14}, 
2615.0, {'J8': np.float32(368.5)}, {'J8': 7}, {'J8': 12}, 
2620.0, {'J8': np.float32(-121.0)}, {'J8': 7}, {'J8': 13}, 
2625.0, {'J8': np.float32(-119.0)}, {'J8': 7}, {'J8': 12}, 
2630.0, {'J8': np.float32(-122.0)}, {'J8': 7}, {'J8': 13}, 
2635.0, {'J8': np.float32(88.5)}, {'J8': 5}, {'J8': 14}, 
2640.0, {'J8': np.float32(-140.0)}, {'J8': 5}, {'J8': 14}, 
2645.0, {'J8': np.float32(-144.0)}, {'J8': 6}, {'J8': 15}, 
2650.0, {'J8': np.float32(-39.0)}, {'J8': 5}, {'J8': 14}, 
2655.0, {'J8': np.float32(-64.0)}, {'J8': 5}, {'J8': 12}, 
2660.0, {'J8': np.float32(52.0)}, {'J8': 5}, {'J8': 11}, 
2665.0, {'J8': np.float32(10.5)}, {'J8': 5}, {'J8': 12}, 
2670.0, {'J8': np.float32(-128.5)}, {'J8': 5}, {'J8': 14}, 
2675.0, {'J8': np.float32(-140.0)}, {'J8': 5}, {'J8': 14}, 
2680.0, {'J8': np.float32(-89.0)}, {'J8': 5}, {'J8': 13}, 
2685.0, {'J8': np.float32(23.5)}, {'J8': 5}, {'J8': 12}, 
2690.0, {'J8': np.float32(-121.0)}, {'J8': 5}, {'J8': 13}, 
2695.0, {'J8': np.float32(-130.0)}, {'J8': 5}, {'J8': 13}, 
2700.0, {'J8': np.float32(59.5)}, {'J8': 5}, {'J8': 13}, 
2705.0, {'J8': np.float32(103.5)}, {'J8': 5}, {'J8': 12}, 
2710.0, {'J8': np.float32(207.5)}, {'J8': 5}, {'J8': 9}, 
2715.0, {'J8': np.float32(-93.5)}, {'J8': 5}, {'J8': 11}, 
2720.0, {'J8': np.float32(-85.5)}, {'J8': 5}, {'J8': 13}, 
2725.0, {'J8': np.float32(61.5)}, {'J8': 5}, {'J8': 11}, 
2730.0, {'J8': np.float32(-55.0)}, {'J8': 5}, {'J8': 10}, 
2735.0, {'J8': np.float32(-60.5)}, {'J8': 5}, {'J8': 10}, 
2740.0, {'J8': np.float32(-63.0)}, {'J8': 5}, {'J8': 11}, 
2745.0, {'J8': np.float32(-17.5)}, {'J8': 5}, {'J8': 10}, 
2750.0, {'J8': np.float32(-103.0)}, {'J8': 6}, {'J8': 12}, 
2755.0, {'J8': np.float32(-130.0)}, {'J8': 7}, {'J8': 16}, 
2760.0, {'J8': np.float32(-160.0)}, {'J8': 7}, {'J8': 16}, 
2765.0, {'J8': np.float32(-89.0)}, {'J8': 6}, {'J8': 15}, 
2770.0, {'J8': np.float32(-37.0)}, {'J8': 5}, {'J8': 13}, 
2775.0, {'J8': np.float32(-92.0)}, {'J8': 6}, {'J8': 13}, 
2780.0, {'J8': np.float32(-132.5)}, {'J8': 6}, {'J8': 15}, 
2785.0, {'J8': np.float32(-32.0)}, {'J8': 5}, {'J8': 14}, 
2790.0, {'J8': np.float32(-131.5)}, {'J8': 5}, {'J8': 14}, 
2795.0, {'J8': np.float32(-130.5)}, {'J8': 6}, {'J8': 15}, 
2800.0, {'J8': np.float32(-16.5)}, {'J8': 5}, {'J8': 13}, 
2805.0, {'J8': np.float32(192.5)}, {'J8': 5}, {'J8': 11}, 
2810.0, {'J8': np.float32(-114.5)}, {'J8': 5}, {'J8': 12}, 
2815.0, {'J8': np.float32(-127.0)}, {'J8': 6}, {'J8': 15}, 
2820.0, {'J8': np.float32(-154.0)}, {'J8': 7}, {'J8': 16}, 
2825.0, {'J8': np.float32(-160.5)}, {'J8': 8}, {'J8': 17}, 
2830.0, {'J8': np.float32(-146.0)}, {'J8': 7}, {'J8': 16}, 
2835.0, {'J8': np.float32(-161.5)}, {'J8': 8}, {'J8': 17}, 
2840.0, {'J8': np.float32(-13.0)}, {'J8': 6}, {'J8': 15}, 
2845.0, {'J8': np.float32(41.0)}, {'J8': 5}, {'J8': 14}, 
2850.0, {'J8': np.float32(-140.0)}, {'J8': 5}, {'J8': 14}, 
2855.0, {'J8': np.float32(298.5)}, {'J8': 5}, {'J8': 12}, 
2860.0, {'J8': np.float32(89.5)}, {'J8': 5}, {'J8': 11}, 
2865.0, {'J8': np.float32(-91.0)}, {'J8': 5}, {'J8': 11}, 
2870.0, {'J8': np.float32(-92.5)}, {'J8': 5}, {'J8': 11}, 
2875.0, {'J8': np.float32(32.5)}, {'J8': 5}, {'J8': 10}, 
2880.0, {'J8': np.float32(32.5)}, {'J8': 5}, {'J8': 9}, 
2885.0, {'J8': np.float32(171.0)}, {'J8': 5}, {'J8': 7}, 
2890.0, {'J8': np.float32(-19.5)}, {'J8': 5}, {'J8': 7}, 
2895.0, {'J8': np.float32(-20.0)}, {'J8': 5}, {'J8': 8}, 
2900.0, {'J8': np.float32(-81.0)}, {'J8': 5}, {'J8': 9}, 
2905.0, {'J8': np.float32(-45.0)}, {'J8': 5}, {'J8': 11}, 
2910.0, {'J8': np.float32(-82.5)}, {'J8': 5}, {'J8': 11}, 
2915.0, {'J8': np.float32(-55.0)}, {'J8': 5}, {'J8': 9}, 
2920.0, {'J8': np.float32(-24.5)}, {'J8': 5}, {'J8': 7}, 
2925.0, {'J8': np.float32(-74.5)}, {'J8': 5}, {'J8': 9}, 
2930.0, {'J8': np.float32(-82.5)}, {'J8': 5}, {'J8': 9}, 
2935.0, {'J8': np.float32(-91.5)}, {'J8': 5}, {'J8': 10}, 
2940.0, {'J8': np.float32(-88.5)}, {'J8': 5}, {'J8': 9}, 
2945.0, {'J8': np.float32(-90.0)}, {'J8': 5}, {'J8': 9}, 
2950.0, {'J8': np.float32(0.5)}, {'J8': 5}, {'J8': 8}, 
2955.0, {'J8': np.float32(14.0)}, {'J8': 5}, {'J8': 7}, 
2960.0, {'J8': np.float32(-71.5)}, {'J8': 5}, {'J8': 8}, 
2965.0, {'J8': np.float32(-87.0)}, {'J8': 5}, {'J8': 10}, 
2970.0, {'J8': np.float32(-88.0)}, {'J8': 5}, {'J8': 9}, 
2975.0, {'J8': np.float32(10.0)}, {'J8': 5}, {'J8': 9}, 
2980.0, {'J8': np.float32(27.0)}, {'J8': 5}, {'J8': 7}, 
2985.0, {'J8': np.float32(-20.0)}, {'J8': 5}, {'J8': 7}, 
2990.0, {'J8': np.float32(-17.5)}, {'J8': 5}, {'J8': 7}, 
2995.0, {'J8': np.float32(-80.5)}, {'J8': 5}, {'J8': 10}, 
3000.0, {'J8': np.float32(-72.5)}, {'J8': 5}, {'J8': 11}, 
3005.0, {'J8': np.float32(-56.0)}, {'J8': 5}, {'J8': 9}, 
3010.0, {'J8': np.float32(-48.0)}, {'J8': 5}, {'J8': 9}, 
3015.0, {'J8': np.float32(-45.5)}, {'J8': 5}, {'J8': 9}, 
3020.0, {'J8': np.float32(3.0)}, {'J8': 5}, {'J8': 8}, 
3025.0, {'J8': np.float32(-84.0)}, {'J8': 5}, {'J8': 10}, 
3030.0, {'J8': np.float32(-89.5)}, {'J8': 5}, {'J8': 9}, 
3035.0, {'J8': np.float32(-90.0)}, {'J8': 5}, {'J8': 9}, 
3040.0, {'J8': np.float32(-41.5)}, {'J8': 5}, {'J8': 9}, 
3045.0, {'J8': np.float32(-37.5)}, {'J8': 5}, {'J8': 8}, 
3050.0, {'J8': np.float32(-87.5)}, {'J8': 5}, {'J8': 11}, 
3055.0, {'J8': np.float32(-113.0)}, {'J8': 5}, {'J8': 13}, 
3060.0, {'J8': np.float32(-88.0)}, {'J8': 5}, {'J8': 12}, 
3065.0, {'J8': np.float32(-85.0)}, {'J8': 5}, {'J8': 11}, 
3070.0, {'J8': np.float32(-77.5)}, {'J8': 5}, {'J8': 10}, 
3075.0, {'J8': np.float32(-59.5)}, {'J8': 5}, {'J8': 9}, 
3080.0, {'J8': np.float32(-91.0)}, {'J8': 5}, {'J8': 10}, 
3085.0, {'J8': np.float32(29.0)}, {'J8': 5}, {'J8': 10}, 
3090.0, {'J8': np.float32(192.0)}, {'J8': 5}, {'J8': 8}, 
3095.0, {'J8': np.float32(-85.5)}, {'J8': 5}, {'J8': 10}, 
3100.0, {'J8': np.float32(-82.5)}, {'J8': 5}, {'J8': 12}, 
3105.0, {'J8': np.float32(-129.0)}, {'J8': 5}, {'J8': 14}, 
3110.0, {'J8': np.float32(-168.0)}, {'J8': 7}, {'J8': 16}, 
3115.0, {'J8': np.float32(-55.5)}, {'J8': 6}, {'J8': 15}, 
3120.0, {'J8': np.float32(19.0)}, {'J8': 5}, {'J8': 12}, 
3125.0, {'J8': np.float32(-75.0)}, {'J8': 5}, {'J8': 11}, 
3130.0, {'J8': np.float32(-66.0)}, {'J8': 5}, {'J8': 10}, 
3135.0, {'J8': np.float32(-60.5)}, {'J8': 5}, {'J8': 10}, 
3140.0, {'J8': np.float32(-89.0)}, {'J8': 5}, {'J8': 9}, 
3145.0, {'J8': np.float32(-91.0)}, {'J8': 5}, {'J8': 10}, 
3150.0, {'J8': np.float32(-89.0)}, {'J8': 5}, {'J8': 9}, 
3155.0, {'J8': np.float32(-91.5)}, {'J8': 5}, {'J8': 10}, 
3160.0, {'J8': np.float32(-88.5)}, {'J8': 5}, {'J8': 9}, 
3165.0, {'J8': np.float32(48.5)}, {'J8': 5}, {'J8': 9}, 
3170.0, {'J8': np.float32(47.5)}, {'J8': 5}, {'J8': 10}, 
3175.0, {'J8': np.float32(-105.5)}, {'J8': 5}, {'J8': 12}, 
3180.0, {'J8': np.float32(-93.0)}, {'J8': 5}, {'J8': 12}, 
3185.0, {'J8': np.float32(-31.0)}, {'J8': 5}, {'J8': 9}, 
3190.0, {'J8': np.float32(90.5)}, {'J8': 5}, {'J8': 9}, 
3195.0, {'J8': np.float32(168.5)}, {'J8': 5}, {'J8': 7}, 
3200.0, {'J8': np.float32(-76.0)}, {'J8': 5}, {'J8': 9}, 
3205.0, {'J8': np.float32(-100.0)}, {'J8': 5}, {'J8': 13}, 
3210.0, {'J8': np.float32(-112.5)}, {'J8': 6}, {'J8': 13}, 
3215.0, {'J8': np.float32(-111.0)}, {'J8': 7}, {'J8': 13}, 
3220.0, {'J8': np.float32(-24.0)}, {'J8': 6}, {'J8': 14}, 
3225.0, {'J8': np.float32(-145.0)}, {'J8': 6}, {'J8': 15}, 
3230.0, {'J8': np.float32(-85.0)}, {'J8': 5}, {'J8': 14}, 
3235.0, {'J8': np.float32(39.5)}, {'J8': 5}, {'J8': 11}, 
3240.0, {'J8': np.float32(15.0)}, {'J8': 5}, {'J8': 9}, 
3245.0, {'J8': np.float32(-39.0)}, {'J8': 5}, {'J8': 10}, 
3250.0, {'J8': np.float32(-104.5)}, {'J8': 5}, {'J8': 12}, 
3255.0, {'J8': np.float32(-52.5)}, {'J8': 5}, {'J8': 12}, 
3260.0, {'J8': np.float32(28.0)}, {'J8': 6}, {'J8': 12}, 
3265.0, {'J8': np.float32(2.0)}, {'J8': 5}, {'J8': 11}, 
3270.0, {'J8': np.float32(-75.5)}, {'J8': 5}, {'J8': 10}, 
3275.0, {'J8': np.float32(-49.5)}, {'J8': 5}, {'J8': 10}, 
3280.0, {'J8': np.float32(-75.0)}, {'J8': 5}, {'J8': 12}, 
3285.0, {'J8': np.float32(-110.5)}, {'J8': 5}, {'J8': 14}, 
3290.0, {'J8': np.float32(-77.0)}, {'J8': 5}, {'J8': 14}, 
3295.0, {'J8': np.float32(-63.5)}, {'J8': 5}, {'J8': 12}, 
3300.0, {'J8': np.float32(-48.0)}, {'J8': 5}, {'J8': 10}, 
3305.0, {'J8': np.float32(-68.5)}, {'J8': 5}, {'J8': 10}, 
3310.0, {'J8': np.float32(-100.0)}, {'J8': 5}, {'J8': 10}, 
3315.0, {'J8': np.float32(-2.5)}, {'J8': 5}, {'J8': 11}, 
3320.0, {'J8': np.float32(143.0)}, {'J8': 5}, {'J8': 8}, 
3325.0, {'J8': np.float32(-45.5)}, {'J8': 5}, {'J8': 9}, 
3330.0, {'J8': np.float32(-45.5)}, {'J8': 5}, {'J8': 7}, 
3335.0, {'J8': np.float32(-31.0)}, {'J8': 5}, {'J8': 7}, 
3340.0, {'J8': np.float32(-76.5)}, {'J8': 5}, {'J8': 10}, 
3345.0, {'J8': np.float32(-106.0)}, {'J8': 5}, {'J8': 12}, 
3350.0, {'J8': np.float32(-127.5)}, {'J8': 5}, {'J8': 14}, 
3355.0, {'J8': np.float32(-102.0)}, {'J8': 6}, {'J8': 14}, 
3360.0, {'J8': np.float32(-99.0)}, {'J8': 7}, {'J8': 14}, 
3365.0, {'J8': np.float32(-13.5)}, {'J8': 5}, {'J8': 14}, 
3370.0, {'J8': np.float32(-140.0)}, {'J8': 5}, {'J8': 14}, 
3375.0, {'J8': np.float32(-78.0)}, {'J8': 5}, {'J8': 13}, 
3380.0, {'J8': np.float32(-65.0)}, {'J8': 5}, {'J8': 12}, 
3385.0, {'J8': np.float32(-47.5)}, {'J8': 5}, {'J8': 11}, 
3390.0, {'J8': np.float32(27.0)}, {'J8': 5}, {'J8': 9}, 
3395.0, {'J8': np.float32(-90.5)}, {'J8': 5}, {'J8': 10}, 
3400.0, {'J8': np.float32(140.5)}, {'J8': 5}, {'J8': 9}, 
3405.0, {'J8': np.float32(-93.5)}, {'J8': 5}, {'J8': 11}, 
3410.0, {'J8': np.float32(3.0)}, {'J8': 5}, {'J8': 10}, 
3415.0, {'J8': np.float32(57.0)}, {'J8': 5}, {'J8': 9}, 
3420.0, {'J8': np.float32(-96.5)}, {'J8': 5}, {'J8': 12}, 
3425.0, {'J8': np.float32(-101.0)}, {'J8': 5}, {'J8': 12}, 
3430.0, {'J8': np.float32(-67.5)}, {'J8': 5}, {'J8': 11}, 
3435.0, {'J8': np.float32(-21.0)}, {'J8': 5}, {'J8': 8}, 
3440.0, {'J8': np.float32(-18.0)}, {'J8': 5}, {'J8': 7}, 
3445.0, {'J8': np.float32(-14.5)}, {'J8': 5}, {'J8': 9}, 
3450.0, {'J8': np.float32(-30.5)}, {'J8': 5}, {'J8': 9}, 
3455.0, {'J8': np.float32(-25.0)}, {'J8': 5}, {'J8': 7}, 
3460.0, {'J8': np.float32(-74.5)}, {'J8': 5}, {'J8': 8}, 
3465.0, {'J8': np.float32(-88.0)}, {'J8': 5}, {'J8': 11}, 
3470.0, {'J8': np.float32(-103.5)}, {'J8': 6}, {'J8': 11}, 
3475.0, {'J8': np.float32(-65.5)}, {'J8': 6}, {'J8': 12}, 
3480.0, {'J8': np.float32(-56.5)}, {'J8': 5}, {'J8': 10}, 
3485.0, {'J8': np.float32(-48.0)}, {'J8': 5}, {'J8': 10}, 
3490.0, {'J8': np.float32(45.5)}, {'J8': 5}, {'J8': 10}, 
3495.0, {'J8': np.float32(-56.0)}, {'J8': 5}, {'J8': 10}, 
3500.0, {'J8': np.float32(-46.5)}, {'J8': 5}, {'J8': 9}, 
3505.0, {'J8': np.float32(-32.0)}, {'J8': 5}, {'J8': 8}, 
3510.0, {'J8': np.float32(-87.5)}, {'J8': 5}, {'J8': 11}, 
3515.0, {'J8': np.float32(-73.5)}, {'J8': 5}, {'J8': 12}, 
3520.0, {'J8': np.float32(-56.0)}, {'J8': 5}, {'J8': 10}, 
3525.0, {'J8': np.float32(-77.5)}, {'J8': 5}, {'J8': 10}, 
3530.0, {'J8': np.float32(-51.5)}, {'J8': 5}, {'J8': 12}, 
3535.0, {'J8': np.float32(6.5)}, {'J8': 5}, {'J8': 9}, 
3540.0, {'J8': np.float32(-93.0)}, {'J8': 5}, {'J8': 10}, 
3545.0, {'J8': np.float32(-107.5)}, {'J8': 5}, {'J8': 13}, 
3550.0, {'J8': np.float32(-61.5)}, {'J8': 5}, {'J8': 13}, 
3555.0, {'J8': np.float32(-19.0)}, {'J8': 5}, {'J8': 10}, 
3560.0, {'J8': np.float32(-38.0)}, {'J8': 5}, {'J8': 9}, 
3565.0, {'J8': np.float32(-22.5)}, {'J8': 5}, {'J8': 10}, 
3570.0, {'J8': np.float32(-55.5)}, {'J8': 5}, {'J8': 12}, 
3575.0, {'J8': np.float32(-64.5)}, {'J8': 5}, {'J8': 12}, 
3580.0, {'J8': np.float32(-122.5)}, {'J8': 5}, {'J8': 13}, 
3585.0, {'J8': np.float32(-134.0)}, {'J8': 6}, {'J8': 15}, 
3590.0, {'J8': np.float32(-152.0)}, {'J8': 7}, {'J8': 16}, 
3595.0, {'J8': np.float32(-160.0)}, {'J8': 7}, {'J8': 16}, 
3600.0, {'J8': np.float32(9.5)}, {'J8': 6}, {'J8': 15}, 
