5.0, {'J01': np.float32(3.0)}, {'J01': 0}, {'J01': 0}, 
10.0, {'J01': np.float32(-0.0)}, {'J01': 0}, {'J01': 0}, 
15.0, {'J01': np.float32(-0.0017467249)}, {'J01': 1}, {'J01': 2}, 
20.0, {'J01': np.float32(-0.022233712)}, {'J01': 2}, {'J01': 5}, 
25.0, {'J01': np.float32(-0.036059387)}, {'J01': 4}, {'J01': 5}, 
30.0, {'J01': np.float32(-0.060256884)}, {'J01': 4}, {'J01': 5}, 
35.0, {'J01': np.float32(-0.07044701)}, {'J01': 4}, {'J01': 7}, 
40.0, {'J01': np.float32(0.114761196)}, {'J01': 3}, {'J01': 7}, 
45.0, {'J01': np.float32(-0.014963464)}, {'J01': 2}, {'J01': 7}, 
50.0, {'J01': np.float32(-0.07428763)}, {'J01': 3}, {'J01': 11}, 
55.0, {'J01': np.float32(-0.094135545)}, {'J01': 4}, {'J01': 10}, 
60.0, {'J01': np.float32(0.11071924)}, {'J01': 3}, {'J01': 11}, 
65.0, {'J01': np.float32(0.055491995)}, {'J01': 2}, {'J01': 11}, 
70.0, {'J01': np.float32(-0.04678355)}, {'J01': 3}, {'J01': 13}, 
75.0, {'J01': np.float32(-0.08524963)}, {'J01': 4}, {'J01': 17}, 
80.0, {'J01': np.float32(-0.106240466)}, {'J01': 4}, {'J01': 20}, 
85.0, {'J01': np.float32(-0.04556856)}, {'J01': 4}, {'J01': 20}, 
90.0, {'J01': np.float32(-0.13318905)}, {'J01': 5}, {'J01': 22}, 
95.0, {'J01': np.float32(-0.16688772)}, {'J01': 6}, {'J01': 28}, 
100.0, {'J01': np.float32(-0.26709563)}, {'J01': 7}, {'J01': 36}, 
105.0, {'J01': np.float32(-0.10232472)}, {'J01': 6}, {'J01': 29}, 
110.0, {'J01': np.float32(0.007878166)}, {'J01': 6}, {'J01': 26}, 
115.0, {'J01': np.float32(-0.06139942)}, {'J01': 5}, {'J01': 21}, 
120.0, {'J01': np.float32(-0.079037495)}, {'J01': 4}, {'J01': 20}, 
125.0, {'J01': np.float32(-0.122336335)}, {'J01': 4}, {'J01': 16}, 
130.0, {'J01': np.float32(-0.3110904)}, {'J01': 4}, {'J01': 17}, 
135.0, {'J01': np.float32(-0.331903)}, {'J01': 4}, {'J01': 18}, 
140.0, {'J01': np.float32(-0.35628965)}, {'J01': 4}, {'J01': 21}, 
145.0, {'J01': np.float32(1.67227)}, {'J01': 3}, {'J01': 22}, 
150.0, {'J01': np.float32(0.04784844)}, {'J01': 4}, {'J01': 24}, 
155.0, {'J01': np.float32(-0.19719622)}, {'J01': 4}, {'J01': 25}, 
160.0, {'J01': np.float32(-0.3291002)}, {'J01': 5}, {'J01': 33}, 
165.0, {'J01': np.float32(-0.2290624)}, {'J01': 6}, {'J01': 39}, 
170.0, {'J01': np.float32(-0.10863977)}, {'J01': 7}, {'J01': 34}, 
175.0, {'J01': np.float32(-0.16654845)}, {'J01': 5}, {'J01': 25}, 
180.0, {'J01': np.float32(-0.2200373)}, {'J01': 4}, {'J01': 20}, 
185.0, {'J01': np.float32(-0.14626753)}, {'J01': 4}, {'J01': 20}, 
190.0, {'J01': np.float32(-0.27206287)}, {'J01': 4}, {'J01': 23}, 
195.0, {'J01': np.float32(1.4572725)}, {'J01': 5}, {'J01': 28}, 
200.0, {'J01': np.float32(0.0075985733)}, {'J01': 7}, {'J01': 33}, 
205.0, {'J01': np.float32(-0.24038489)}, {'J01': 8}, {'J01': 40}, 
210.0, {'J01': np.float32(-0.2946704)}, {'J01': 8}, {'J01': 40}, 
215.0, {'J01': np.float32(-0.32794952)}, {'J01': 8}, {'J01': 41}, 
220.0, {'J01': np.float32(-0.3262158)}, {'J01': 8}, {'J01': 42}, 
225.0, {'J01': np.float32(-0.33958507)}, {'J01': 8}, {'J01': 43}, 
230.0, {'J01': np.float32(-0.354807)}, {'J01': 8}, {'J01': 43}, 
235.0, {'J01': np.float32(-0.35015997)}, {'J01': 8}, {'J01': 43}, 
240.0, {'J01': np.float32(-0.35969055)}, {'J01': 8}, {'J01': 44}, 
245.0, {'J01': np.float32(-0.36740792)}, {'J01': 8}, {'J01': 46}, 
250.0, {'J01': np.float32(-0.38600975)}, {'J01': 8}, {'J01': 49}, 
255.0, {'J01': np.float32(-0.39726976)}, {'J01': 8}, {'J01': 49}, 
260.0, {'J01': np.float32(-0.40970016)}, {'J01': 8}, {'J01': 51}, 
265.0, {'J01': np.float32(-0.4127045)}, {'J01': 8}, {'J01': 51}, 
270.0, {'J01': np.float32(-0.41326782)}, {'J01': 8}, {'J01': 52}, 
275.0, {'J01': np.float32(2.166297)}, {'J01': 8}, {'J01': 51}, 
280.0, {'J01': np.float32(-0.07340215)}, {'J01': 8}, {'J01': 50}, 
285.0, {'J01': np.float32(-0.23287098)}, {'J01': 8}, {'J01': 52}, 
290.0, {'J01': np.float32(-0.26624924)}, {'J01': 8}, {'J01': 55}, 
295.0, {'J01': np.float32(-0.324484)}, {'J01': 10}, {'J01': 58}, 
300.0, {'J01': np.float32(-0.36161247)}, {'J01': 10}, {'J01': 58}, 
305.0, {'J01': np.float32(-0.41149673)}, {'J01': 11}, {'J01': 61}, 
310.0, {'J01': np.float32(-0.44510767)}, {'J01': 11}, {'J01': 61}, 
315.0, {'J01': np.float32(0.19725391)}, {'J01': 11}, {'J01': 61}, 
320.0, {'J01': np.float32(-0.30479333)}, {'J01': 13}, {'J01': 65}, 
325.0, {'J01': np.float32(-0.43324697)}, {'J01': 13}, {'J01': 66}, 
330.0, {'J01': np.float32(-0.16772129)}, {'J01': 15}, {'J01': 68}, 
335.0, {'J01': np.float32(-0.19260713)}, {'J01': 16}, {'J01': 70}, 
340.0, {'J01': np.float32(-0.34643474)}, {'J01': 17}, {'J01': 72}, 
345.0, {'J01': np.float32(-0.13451004)}, {'J01': 17}, {'J01': 71}, 
350.0, {'J01': np.float32(-0.16985631)}, {'J01': 17}, {'J01': 70}, 
355.0, {'J01': np.float32(-0.2564743)}, {'J01': 17}, {'J01': 69}, 
360.0, {'J01': np.float32(-0.41633072)}, {'J01': 19}, {'J01': 71}, 
365.0, {'J01': np.float32(-0.43842503)}, {'J01': 19}, {'J01': 71}, 
370.0, {'J01': np.float32(0.08174824)}, {'J01': 19}, {'J01': 73}, 
375.0, {'J01': np.float32(-0.33901334)}, {'J01': 19}, {'J01': 73}, 
380.0, {'J01': np.float32(-0.4149288)}, {'J01': 19}, {'J01': 73}, 
385.0, {'J01': np.float32(-0.4305012)}, {'J01': 19}, {'J01': 73}, 
390.0, {'J01': np.float32(-0.44302547)}, {'J01': 20}, {'J01': 75}, 
395.0, {'J01': np.float32(-0.44797638)}, {'J01': 21}, {'J01': 76}, 
400.0, {'J01': np.float32(-0.3461487)}, {'J01': 21}, {'J01': 78}, 
405.0, {'J01': np.float32(-0.44472182)}, {'J01': 23}, {'J01': 80}, 
410.0, {'J01': np.float32(-0.5043639)}, {'J01': 24}, {'J01': 81}, 
415.0, {'J01': np.float32(-0.5484336)}, {'J01': 25}, {'J01': 83}, 
420.0, {'J01': np.float32(0.3877381)}, {'J01': 25}, {'J01': 83}, 
425.0, {'J01': np.float32(-0.51417184)}, {'J01': 25}, {'J01': 84}, 
430.0, {'J01': np.float32(-0.5698958)}, {'J01': 25}, {'J01': 84}, 
435.0, {'J01': np.float32(-0.3499356)}, {'J01': 25}, {'J01': 84}, 
440.0, {'J01': np.float32(-0.5508058)}, {'J01': 26}, {'J01': 85}, 
445.0, {'J01': np.float32(-0.44923472)}, {'J01': 27}, {'J01': 86}, 
450.0, {'J01': np.float32(-0.5977609)}, {'J01': 29}, {'J01': 88}, 
455.0, {'J01': np.float32(-0.6440588)}, {'J01': 29}, {'J01': 89}, 
460.0, {'J01': np.float32(-0.6760737)}, {'J01': 31}, {'J01': 91}, 
465.0, {'J01': np.float32(-0.69788635)}, {'J01': 31}, {'J01': 91}, 
470.0, {'J01': np.float32(-0.7134588)}, {'J01': 31}, {'J01': 91}, 
475.0, {'J01': np.float32(-0.7329242)}, {'J01': 31}, {'J01': 91}, 
480.0, {'J01': np.float32(-0.18010399)}, {'J01': 31}, {'J01': 91}, 
485.0, {'J01': np.float32(-0.6964092)}, {'J01': 32}, {'J01': 92}, 
490.0, {'J01': np.float32(-0.76845664)}, {'J01': 33}, {'J01': 93}, 
495.0, {'J01': np.float32(-0.7258454)}, {'J01': 35}, {'J01': 95}, 
500.0, {'J01': np.float32(-0.6724937)}, {'J01': 36}, {'J01': 96}, 
505.0, {'J01': np.float32(-0.80321926)}, {'J01': 37}, {'J01': 97}, 
510.0, {'J01': np.float32(-0.8284556)}, {'J01': 37}, {'J01': 98}, 
515.0, {'J01': np.float32(-0.8667545)}, {'J01': 37}, {'J01': 98}, 
520.0, {'J01': np.float32(-0.879936)}, {'J01': 38}, {'J01': 100}, 
525.0, {'J01': np.float32(-0.88331586)}, {'J01': 39}, {'J01': 102}, 
530.0, {'J01': np.float32(-0.88594466)}, {'J01': 39}, {'J01': 102}, 
535.0, {'J01': np.float32(3.0)}, {'J01': 39}, {'J01': 102}, 
540.0, {'J01': np.float32(-0.44018468)}, {'J01': 39}, {'J01': 102}, 
545.0, {'J01': np.float32(-0.43629158)}, {'J01': 39}, {'J01': 102}, 
550.0, {'J01': np.float32(-0.1267901)}, {'J01': 39}, {'J01': 102}, 
555.0, {'J01': np.float32(-0.6270535)}, {'J01': 39}, {'J01': 102}, 
560.0, {'J01': np.float32(-0.15988146)}, {'J01': 39}, {'J01': 102}, 
565.0, {'J01': np.float32(-0.4306397)}, {'J01': 39}, {'J01': 103}, 
570.0, {'J01': np.float32(-0.42649)}, {'J01': 39}, {'J01': 103}, 
575.0, {'J01': np.float32(-0.4616218)}, {'J01': 40}, {'J01': 104}, 
580.0, {'J01': np.float32(-0.4887108)}, {'J01': 40}, {'J01': 104}, 
585.0, {'J01': np.float32(0.607197)}, {'J01': 40}, {'J01': 104}, 
590.0, {'J01': np.float32(-0.0546301)}, {'J01': 40}, {'J01': 104}, 
595.0, {'J01': np.float32(-0.4614591)}, {'J01': 40}, {'J01': 104}, 
600.0, {'J01': np.float32(0.5877315)}, {'J01': 40}, {'J01': 104}, 
605.0, {'J01': np.float32(-0.63739973)}, {'J01': 40}, {'J01': 105}, 
610.0, {'J01': np.float32(-0.11879744)}, {'J01': 40}, {'J01': 105}, 
615.0, {'J01': np.float32(-0.3893679)}, {'J01': 40}, {'J01': 105}, 
620.0, {'J01': np.float32(-0.46371236)}, {'J01': 40}, {'J01': 106}, 
625.0, {'J01': np.float32(-0.48097473)}, {'J01': 40}, {'J01': 107}, 
630.0, {'J01': np.float32(-0.48655778)}, {'J01': 40}, {'J01': 107}, 
635.0, {'J01': np.float32(-0.48655778)}, {'J01': 40}, {'J01': 107}, 
640.0, {'J01': np.float32(-0.3016355)}, {'J01': 40}, {'J01': 107}, 
645.0, {'J01': np.float32(-0.5333689)}, {'J01': 40}, {'J01': 108}, 
650.0, {'J01': np.float32(-0.47480968)}, {'J01': 40}, {'J01': 108}, 
655.0, {'J01': np.float32(-0.4378252)}, {'J01': 40}, {'J01': 108}, 
660.0, {'J01': np.float32(-0.40084076)}, {'J01': 40}, {'J01': 108}, 
665.0, {'J01': np.float32(-0.49816826)}, {'J01': 40}, {'J01': 108}, 
670.0, {'J01': np.float32(-0.50595444)}, {'J01': 40}, {'J01': 108}, 
675.0, {'J01': np.float32(-0.5117941)}, {'J01': 40}, {'J01': 108}, 
680.0, {'J01': np.float32(-0.5070811)}, {'J01': 40}, {'J01': 110}, 
685.0, {'J01': np.float32(-0.51165646)}, {'J01': 40}, {'J01': 110}, 
690.0, {'J01': np.float32(-0.5174961)}, {'J01': 40}, {'J01': 110}, 
695.0, {'J01': np.float32(-0.5817323)}, {'J01': 40}, {'J01': 110}, 
700.0, {'J01': np.float32(-0.56421334)}, {'J01': 40}, {'J01': 110}, 
705.0, {'J01': np.float32(-0.42406172)}, {'J01': 40}, {'J01': 110}, 
710.0, {'J01': np.float32(-0.5817323)}, {'J01': 40}, {'J01': 110}, 
715.0, {'J01': np.float32(-0.5992512)}, {'J01': 40}, {'J01': 110}, 
720.0, {'J01': np.float32(-0.64596844)}, {'J01': 40}, {'J01': 110}, 
725.0, {'J01': np.float32(-0.647915)}, {'J01': 40}, {'J01': 110}, 
730.0, {'J01': np.float32(3.0)}, {'J01': 40}, {'J01': 110}, 
735.0, {'J01': np.float32(-0.46883237)}, {'J01': 40}, {'J01': 110}, 
740.0, {'J01': np.float32(-0.5077634)}, {'J01': 40}, {'J01': 110}, 
745.0, {'J01': np.float32(-0.5447478)}, {'J01': 40}, {'J01': 110}, 
750.0, {'J01': np.float32(-0.3500928)}, {'J01': 40}, {'J01': 110}, 
755.0, {'J01': np.float32(-0.5077634)}, {'J01': 40}, {'J01': 110}, 
760.0, {'J01': np.float32(-0.5447478)}, {'J01': 40}, {'J01': 110}, 
765.0, {'J01': np.float32(-0.5505875)}, {'J01': 40}, {'J01': 110}, 
770.0, {'J01': np.float32(-0.3679873)}, {'J01': 40}, {'J01': 111}, 
775.0, {'J01': np.float32(-0.46562153)}, {'J01': 40}, {'J01': 112}, 
780.0, {'J01': np.float32(-0.51930505)}, {'J01': 40}, {'J01': 112}, 
785.0, {'J01': np.float32(-0.5154119)}, {'J01': 40}, {'J01': 112}, 
790.0, {'J01': np.float32(-0.55823606)}, {'J01': 40}, {'J01': 112}, 
795.0, {'J01': np.float32(-0.575755)}, {'J01': 40}, {'J01': 112}, 
800.0, {'J01': np.float32(-0.4706413)}, {'J01': 40}, {'J01': 112}, 
805.0, {'J01': np.float32(-0.5543429)}, {'J01': 40}, {'J01': 112}, 
810.0, {'J01': np.float32(-0.5154119)}, {'J01': 40}, {'J01': 112}, 
815.0, {'J01': np.float32(-0.5329309)}, {'J01': 40}, {'J01': 112}, 
820.0, {'J01': np.float32(-0.5348774)}, {'J01': 40}, {'J01': 112}, 
825.0, {'J01': np.float32(-0.5543429)}, {'J01': 40}, {'J01': 112}, 
830.0, {'J01': np.float32(-0.5640757)}, {'J01': 40}, {'J01': 112}, 
835.0, {'J01': np.float32(-0.575755)}, {'J01': 40}, {'J01': 112}, 
840.0, {'J01': np.float32(-0.57186186)}, {'J01': 40}, {'J01': 112}, 
845.0, {'J01': np.float32(-0.57380843)}, {'J01': 40}, {'J01': 112}, 
850.0, {'J01': np.float32(-0.37915343)}, {'J01': 40}, {'J01': 112}, 
855.0, {'J01': np.float32(-0.535253)}, {'J01': 40}, {'J01': 113}, 
860.0, {'J01': np.float32(-0.57596785)}, {'J01': 40}, {'J01': 114}, 
865.0, {'J01': np.float32(-0.5347398)}, {'J01': 40}, {'J01': 114}, 
870.0, {'J01': np.float32(-0.56004494)}, {'J01': 40}, {'J01': 114}, 
875.0, {'J01': np.float32(-0.55615187)}, {'J01': 40}, {'J01': 114}, 
880.0, {'J01': np.float32(-0.5580984)}, {'J01': 40}, {'J01': 114}, 
885.0, {'J01': np.float32(-0.563938)}, {'J01': 40}, {'J01': 114}, 
890.0, {'J01': np.float32(-0.5950829)}, {'J01': 40}, {'J01': 114}, 
895.0, {'J01': np.float32(0.5533818)}, {'J01': 40}, {'J01': 114}, 
900.0, {'J01': np.float32(0.58258003)}, {'J01': 40}, {'J01': 114}, 
905.0, {'J01': np.float32(0.75387645)}, {'J01': 40}, {'J01': 114}, 
910.0, {'J01': np.float32(-0.5819264)}, {'J01': 40}, {'J01': 115}, 
915.0, {'J01': np.float32(-0.5755485)}, {'J01': 40}, {'J01': 115}, 
920.0, {'J01': np.float32(-0.5794416)}, {'J01': 40}, {'J01': 115}, 
925.0, {'J01': np.float32(-0.59789944)}, {'J01': 40}, {'J01': 116}, 
930.0, {'J01': np.float32(-0.60078484)}, {'J01': 40}, {'J01': 116}, 
935.0, {'J01': np.float32(-0.60078484)}, {'J01': 40}, {'J01': 116}, 
940.0, {'J01': np.float32(-0.60078484)}, {'J01': 40}, {'J01': 116}, 
945.0, {'J01': np.float32(-0.6144107)}, {'J01': 40}, {'J01': 116}, 
950.0, {'J01': np.float32(0.5574125)}, {'J01': 40}, {'J01': 116}, 
955.0, {'J01': np.float32(-0.60078484)}, {'J01': 40}, {'J01': 116}, 
960.0, {'J01': np.float32(-0.6066245)}, {'J01': 40}, {'J01': 116}, 
965.0, {'J01': np.float32(2.2489645)}, {'J01': 40}, {'J01': 116}, 
970.0, {'J01': np.float32(-0.46452636)}, {'J01': 40}, {'J01': 116}, 
975.0, {'J01': np.float32(-0.5443349)}, {'J01': 40}, {'J01': 116}, 
980.0, {'J01': np.float32(-0.5880979)}, {'J01': 40}, {'J01': 117}, 
985.0, {'J01': np.float32(-0.60266256)}, {'J01': 40}, {'J01': 117}, 
990.0, {'J01': np.float32(-0.60294425)}, {'J01': 40}, {'J01': 118}, 
995.0, {'J01': np.float32(-0.62595236)}, {'J01': 40}, {'J01': 118}, 
1000.0, {'J01': np.float32(-0.6220593)}, {'J01': 40}, {'J01': 118}, 
1005.0, {'J01': np.float32(-0.62466305)}, {'J01': 40}, {'J01': 119}, 
1010.0, {'J01': np.float32(-0.6258836)}, {'J01': 40}, {'J01': 119}, 
1015.0, {'J01': np.float32(-0.6258836)}, {'J01': 40}, {'J01': 119}, 
1020.0, {'J01': np.float32(-0.6258836)}, {'J01': 40}, {'J01': 119}, 
1025.0, {'J01': np.float32(1.5892906)}, {'J01': 40}, {'J01': 119}, 
1030.0, {'J01': np.float32(-0.53634226)}, {'J01': 40}, {'J01': 119}, 
1035.0, {'J01': np.float32(-0.5577543)}, {'J01': 40}, {'J01': 119}, 
1040.0, {'J01': np.float32(1.9124179)}, {'J01': 40}, {'J01': 119}, 
1045.0, {'J01': np.float32(-0.46042678)}, {'J01': 40}, {'J01': 119}, 
1050.0, {'J01': np.float32(-0.49408147)}, {'J01': 40}, {'J01': 120}, 
1055.0, {'J01': np.float32(-0.51486135)}, {'J01': 40}, {'J01': 120}, 
1060.0, {'J01': np.float32(-0.53118485)}, {'J01': 40}, {'J01': 121}, 
1065.0, {'J01': np.float32(-0.47975466)}, {'J01': 40}, {'J01': 121}, 
1070.0, {'J01': np.float32(-0.53036493)}, {'J01': 40}, {'J01': 121}, 
1075.0, {'J01': np.float32(-0.5323115)}, {'J01': 40}, {'J01': 121}, 
1080.0, {'J01': np.float32(0.6492445)}, {'J01': 40}, {'J01': 121}, 
1085.0, {'J01': np.float32(1.9437004)}, {'J01': 40}, {'J01': 121}, 
1090.0, {'J01': np.float32(-0.22475657)}, {'J01': 40}, {'J01': 121}, 
1095.0, {'J01': np.float32(-0.41357192)}, {'J01': 40}, {'J01': 121}, 
1100.0, {'J01': np.float32(-0.4544495)}, {'J01': 40}, {'J01': 121}, 
1105.0, {'J01': np.float32(-0.47196844)}, {'J01': 40}, {'J01': 121}, 
1110.0, {'J01': np.float32(-0.47391498)}, {'J01': 40}, {'J01': 121}, 
1115.0, {'J01': np.float32(0.50909287)}, {'J01': 40}, {'J01': 121}, 
1120.0, {'J01': np.float32(-0.4817012)}, {'J01': 40}, {'J01': 121}, 
1125.0, {'J01': np.float32(-0.40383917)}, {'J01': 40}, {'J01': 121}, 
1130.0, {'J01': np.float32(-0.46418223)}, {'J01': 40}, {'J01': 121}, 
1135.0, {'J01': np.float32(-0.4817012)}, {'J01': 40}, {'J01': 121}, 
1140.0, {'J01': np.float32(-0.4933805)}, {'J01': 40}, {'J01': 121}, 
1145.0, {'J01': np.float32(-0.5050598)}, {'J01': 40}, {'J01': 121}, 
1150.0, {'J01': np.float32(-0.47391498)}, {'J01': 40}, {'J01': 121}, 
1155.0, {'J01': np.float32(-0.40773228)}, {'J01': 40}, {'J01': 121}, 
1160.0, {'J01': np.float32(1.9261814)}, {'J01': 40}, {'J01': 121}, 
1165.0, {'J01': np.float32(-0.5206322)}, {'J01': 40}, {'J01': 121}, 
1170.0, {'J01': np.float32(-0.3688013)}, {'J01': 40}, {'J01': 121}, 
1175.0, {'J01': np.float32(-0.40773228)}, {'J01': 40}, {'J01': 121}, 
1180.0, {'J01': np.float32(0.030241514)}, {'J01': 40}, {'J01': 121}, 
1185.0, {'J01': np.float32(-0.37269437)}, {'J01': 40}, {'J01': 121}, 
1190.0, {'J01': np.float32(-0.43887708)}, {'J01': 40}, {'J01': 121}, 
1195.0, {'J01': np.float32(-0.3513762)}, {'J01': 40}, {'J01': 122}, 
1200.0, {'J01': np.float32(-0.41739622)}, {'J01': 40}, {'J01': 122}, 
1205.0, {'J01': np.float32(-0.42323586)}, {'J01': 40}, {'J01': 122}, 
1210.0, {'J01': np.float32(-0.4251824)}, {'J01': 40}, {'J01': 122}, 
1215.0, {'J01': np.float32(-0.42323586)}, {'J01': 40}, {'J01': 122}, 
1220.0, {'J01': np.float32(-0.45827377)}, {'J01': 40}, {'J01': 122}, 
1225.0, {'J01': np.float32(-0.36094627)}, {'J01': 40}, {'J01': 122}, 
1230.0, {'J01': np.float32(-0.44075483)}, {'J01': 40}, {'J01': 122}, 
1235.0, {'J01': np.float32(-0.408039)}, {'J01': 40}, {'J01': 123}, 
1240.0, {'J01': np.float32(-0.44263256)}, {'J01': 40}, {'J01': 123}, 
1245.0, {'J01': np.float32(-0.43484634)}, {'J01': 40}, {'J01': 123}, 
1250.0, {'J01': np.float32(-0.43949053)}, {'J01': 40}, {'J01': 124}, 
1255.0, {'J01': np.float32(-0.44061717)}, {'J01': 40}, {'J01': 124}, 
1260.0, {'J01': np.float32(-0.45813614)}, {'J01': 40}, {'J01': 124}, 
1265.0, {'J01': np.float32(-0.4504438)}, {'J01': 40}, {'J01': 125}, 
1270.0, {'J01': np.float32(-0.4619604)}, {'J01': 40}, {'J01': 125}, 
1275.0, {'J01': np.float32(-0.4619604)}, {'J01': 40}, {'J01': 125}, 
1280.0, {'J01': np.float32(-0.4619604)}, {'J01': 40}, {'J01': 125}, 
1285.0, {'J01': np.float32(-0.4619604)}, {'J01': 40}, {'J01': 125}, 
1290.0, {'J01': np.float32(-0.4736397)}, {'J01': 40}, {'J01': 125}, 
1295.0, {'J01': np.float32(-0.4814259)}, {'J01': 40}, {'J01': 125}, 
1300.0, {'J01': np.float32(-0.5008914)}, {'J01': 40}, {'J01': 125}, 
1305.0, {'J01': np.float32(-0.5086776)}, {'J01': 40}, {'J01': 125}, 
1310.0, {'J01': np.float32(-0.5203569)}, {'J01': 40}, {'J01': 125}, 
1315.0, {'J01': np.float32(-0.52619654)}, {'J01': 40}, {'J01': 125}, 
1320.0, {'J01': np.float32(-0.5184104)}, {'J01': 40}, {'J01': 125}, 
1325.0, {'J01': np.float32(0.92398334)}, {'J01': 40}, {'J01': 125}, 
1330.0, {'J01': np.float32(-0.5203569)}, {'J01': 40}, {'J01': 125}, 
1335.0, {'J01': np.float32(-0.53203624)}, {'J01': 40}, {'J01': 125}, 
1340.0, {'J01': np.float32(0.26215628)}, {'J01': 40}, {'J01': 125}, 
1345.0, {'J01': np.float32(-0.4580673)}, {'J01': 40}, {'J01': 125}, 
1350.0, {'J01': np.float32(-0.53203624)}, {'J01': 40}, {'J01': 125}, 
1355.0, {'J01': np.float32(-0.40940356)}, {'J01': 40}, {'J01': 125}, 
1360.0, {'J01': np.float32(-0.46001387)}, {'J01': 40}, {'J01': 125}, 
1365.0, {'J01': np.float32(-0.4587245)}, {'J01': 40}, {'J01': 126}, 
1370.0, {'J01': np.float32(-0.5027691)}, {'J01': 40}, {'J01': 126}, 
1375.0, {'J01': np.float32(-0.516395)}, {'J01': 40}, {'J01': 126}, 
1380.0, {'J01': np.float32(-0.5222346)}, {'J01': 40}, {'J01': 126}, 
1385.0, {'J01': np.float32(-0.52612776)}, {'J01': 40}, {'J01': 126}, 
1390.0, {'J01': np.float32(-0.52807426)}, {'J01': 40}, {'J01': 126}, 
1395.0, {'J01': np.float32(0.3439802)}, {'J01': 40}, {'J01': 126}, 
1400.0, {'J01': np.float32(-0.5747915)}, {'J01': 40}, {'J01': 126}, 
1405.0, {'J01': np.float32(-0.37235028)}, {'J01': 40}, {'J01': 126}, 
1410.0, {'J01': np.float32(-0.5222346)}, {'J01': 40}, {'J01': 126}, 
1415.0, {'J01': np.float32(-0.4268537)}, {'J01': 40}, {'J01': 126}, 
1420.0, {'J01': np.float32(-0.47357088)}, {'J01': 40}, {'J01': 126}, 
1425.0, {'J01': np.float32(-0.5047157)}, {'J01': 40}, {'J01': 126}, 
1430.0, {'J01': np.float32(-0.49887604)}, {'J01': 40}, {'J01': 126}, 
1435.0, {'J01': np.float32(-0.5105553)}, {'J01': 40}, {'J01': 126}, 
1440.0, {'J01': np.float32(-0.53391397)}, {'J01': 40}, {'J01': 126}, 
1445.0, {'J01': np.float32(-0.5475398)}, {'J01': 40}, {'J01': 126}, 
1450.0, {'J01': np.float32(-0.57368994)}, {'J01': 40}, {'J01': 127}, 
1455.0, {'J01': np.float32(-0.5961347)}, {'J01': 40}, {'J01': 127}, 
1460.0, {'J01': np.float32(-0.60197437)}, {'J01': 40}, {'J01': 127}, 
1465.0, {'J01': np.float32(-0.6272795)}, {'J01': 40}, {'J01': 127}, 
1470.0, {'J01': np.float32(-0.64479846)}, {'J01': 40}, {'J01': 127}, 
1475.0, {'J01': np.float32(-0.6703853)}, {'J01': 40}, {'J01': 128}, 
1480.0, {'J01': np.float32(-0.60969174)}, {'J01': 40}, {'J01': 128}, 
1485.0, {'J01': np.float32(-0.6427831)}, {'J01': 40}, {'J01': 128}, 
1490.0, {'J01': np.float32(1.8643736)}, {'J01': 40}, {'J01': 128}, 
1495.0, {'J01': np.float32(-0.5921728)}, {'J01': 40}, {'J01': 128}, 
1500.0, {'J01': np.float32(0.9685849)}, {'J01': 40}, {'J01': 129}, 
1505.0, {'J01': np.float32(-0.48504373)}, {'J01': 40}, {'J01': 129}, 
1510.0, {'J01': np.float32(-0.62130225)}, {'J01': 40}, {'J01': 129}, 
1515.0, {'J01': np.float32(-0.4947765)}, {'J01': 40}, {'J01': 129}, 
1520.0, {'J01': np.float32(-0.50061613)}, {'J01': 40}, {'J01': 129}, 
1525.0, {'J01': np.float32(-0.44102415)}, {'J01': 40}, {'J01': 130}, 
1530.0, {'J01': np.float32(-0.5297456)}, {'J01': 40}, {'J01': 130}, 
1535.0, {'J01': np.float32(0.6401311)}, {'J01': 40}, {'J01': 130}, 
1540.0, {'J01': np.float32(-0.52585244)}, {'J01': 40}, {'J01': 130}, 
1545.0, {'J01': np.float32(-0.5316921)}, {'J01': 40}, {'J01': 130}, 
1550.0, {'J01': np.float32(-0.5401355)}, {'J01': 40}, {'J01': 131}, 
1555.0, {'J01': np.float32(-0.56471467)}, {'J01': 40}, {'J01': 131}, 
1560.0, {'J01': np.float32(-0.5705543)}, {'J01': 40}, {'J01': 131}, 
1565.0, {'J01': np.float32(-0.5705543)}, {'J01': 40}, {'J01': 131}, 
1570.0, {'J01': np.float32(-0.5725008)}, {'J01': 40}, {'J01': 131}, 
1575.0, {'J01': np.float32(0.036769375)}, {'J01': 40}, {'J01': 131}, 
1580.0, {'J01': np.float32(-0.48295954)}, {'J01': 40}, {'J01': 131}, 
1585.0, {'J01': np.float32(-0.51410437)}, {'J01': 40}, {'J01': 131}, 
1590.0, {'J01': np.float32(-0.5666612)}, {'J01': 40}, {'J01': 131}, 
1595.0, {'J01': np.float32(-0.43234923)}, {'J01': 40}, {'J01': 131}, 
1600.0, {'J01': np.float32(-0.5433026)}, {'J01': 40}, {'J01': 131}, 
1605.0, {'J01': np.float32(-0.61143184)}, {'J01': 40}, {'J01': 131}, 
1610.0, {'J01': np.float32(-0.442082)}, {'J01': 40}, {'J01': 131}, 
1615.0, {'J01': np.float32(-0.49853194)}, {'J01': 40}, {'J01': 131}, 
1620.0, {'J01': np.float32(-0.47128025)}, {'J01': 40}, {'J01': 131}, 
1625.0, {'J01': np.float32(-0.55730397)}, {'J01': 40}, {'J01': 132}, 
1630.0, {'J01': np.float32(-0.48483726)}, {'J01': 40}, {'J01': 132}, 
1635.0, {'J01': np.float32(-0.533501)}, {'J01': 40}, {'J01': 132}, 
1640.0, {'J01': np.float32(-0.533501)}, {'J01': 40}, {'J01': 132}, 
1645.0, {'J01': np.float32(-0.55139554)}, {'J01': 40}, {'J01': 133}, 
1650.0, {'J01': np.float32(3.0)}, {'J01': 40}, {'J01': 134}, 
1655.0, {'J01': np.float32(-0.46718067)}, {'J01': 40}, {'J01': 134}, 
1660.0, {'J01': np.float32(-0.4846996)}, {'J01': 40}, {'J01': 134}, 
1665.0, {'J01': np.float32(0.897351)}, {'J01': 40}, {'J01': 134}, 
1670.0, {'J01': np.float32(-0.46134102)}, {'J01': 40}, {'J01': 134}, 
1675.0, {'J01': np.float32(-0.44382206)}, {'J01': 40}, {'J01': 134}, 
1680.0, {'J01': np.float32(-0.49832547)}, {'J01': 40}, {'J01': 134}, 
1685.0, {'J01': np.float32(-0.5401419)}, {'J01': 40}, {'J01': 135}, 
1690.0, {'J01': np.float32(-0.47879115)}, {'J01': 40}, {'J01': 135}, 
1695.0, {'J01': np.float32(-0.5079894)}, {'J01': 40}, {'J01': 135}, 
1700.0, {'J01': np.float32(-0.5196687)}, {'J01': 40}, {'J01': 135}, 
1705.0, {'J01': np.float32(-0.5274549)}, {'J01': 40}, {'J01': 135}, 
1710.0, {'J01': np.float32(-0.5410808)}, {'J01': 40}, {'J01': 135}, 
1715.0, {'J01': np.float32(-0.23547237)}, {'J01': 40}, {'J01': 135}, 
1720.0, {'J01': np.float32(-0.53024644)}, {'J01': 40}, {'J01': 136}, 
1725.0, {'J01': np.float32(-0.58967566)}, {'J01': 40}, {'J01': 136}, 
1730.0, {'J01': np.float32(-0.5741033)}, {'J01': 40}, {'J01': 136}, 
1735.0, {'J01': np.float32(-0.56047744)}, {'J01': 40}, {'J01': 136}, 
1740.0, {'J01': np.float32(-0.6286067)}, {'J01': 40}, {'J01': 136}, 
1745.0, {'J01': np.float32(-0.65780497)}, {'J01': 40}, {'J01': 136}, 
1750.0, {'J01': np.float32(-0.6597515)}, {'J01': 40}, {'J01': 136}, 
1755.0, {'J01': np.float32(-0.6597515)}, {'J01': 40}, {'J01': 136}, 
1760.0, {'J01': np.float32(-0.562424)}, {'J01': 40}, {'J01': 136}, 
1765.0, {'J01': np.float32(-0.7531859)}, {'J01': 40}, {'J01': 136}, 
1770.0, {'J01': np.float32(-0.7999031)}, {'J01': 40}, {'J01': 136}, 
1775.0, {'J01': np.float32(-0.71704644)}, {'J01': 40}, {'J01': 137}, 
1780.0, {'J01': np.float32(-0.75895673)}, {'J01': 40}, {'J01': 137}, 
1785.0, {'J01': np.float32(-0.7959412)}, {'J01': 40}, {'J01': 137}, 
1790.0, {'J01': np.float32(-0.7959412)}, {'J01': 40}, {'J01': 137}, 
1795.0, {'J01': np.float32(-0.8017808)}, {'J01': 40}, {'J01': 137}, 
1800.0, {'J01': np.float32(-0.83681875)}, {'J01': 40}, {'J01': 137}, 
1805.0, {'J01': np.float32(2.0868998)}, {'J01': 40}, {'J01': 137}, 
1810.0, {'J01': np.float32(3.0)}, {'J01': 40}, {'J01': 138}, 
1815.0, {'J01': np.float32(0.46549216)}, {'J01': 40}, {'J01': 138}, 
1820.0, {'J01': np.float32(0.5453007)}, {'J01': 40}, {'J01': 138}, 
1825.0, {'J01': np.float32(-0.4669054)}, {'J01': 40}, {'J01': 138}, 
1830.0, {'J01': np.float32(-0.48831743)}, {'J01': 40}, {'J01': 138}, 
1835.0, {'J01': np.float32(-0.5486605)}, {'J01': 40}, {'J01': 138}, 
1840.0, {'J01': np.float32(-0.28392968)}, {'J01': 40}, {'J01': 138}, 
1845.0, {'J01': np.float32(-0.45911917)}, {'J01': 40}, {'J01': 138}, 
1850.0, {'J01': np.float32(-0.50778294)}, {'J01': 40}, {'J01': 138}, 
1855.0, {'J01': np.float32(-0.49805018)}, {'J01': 40}, {'J01': 138}, 
1860.0, {'J01': np.float32(-0.39293647)}, {'J01': 40}, {'J01': 138}, 
1865.0, {'J01': np.float32(-0.49221054)}, {'J01': 40}, {'J01': 138}, 
1870.0, {'J01': np.float32(-0.5311415)}, {'J01': 40}, {'J01': 138}, 
1875.0, {'J01': np.float32(-0.56617945)}, {'J01': 40}, {'J01': 138}, 
1880.0, {'J01': np.float32(-0.60511047)}, {'J01': 40}, {'J01': 138}, 
1885.0, {'J01': np.float32(-0.60520434)}, {'J01': 40}, {'J01': 139}, 
1890.0, {'J01': np.float32(-0.6498123)}, {'J01': 40}, {'J01': 139}, 
1895.0, {'J01': np.float32(-0.6050416)}, {'J01': 40}, {'J01': 139}, 
1900.0, {'J01': np.float32(-0.6614916)}, {'J01': 40}, {'J01': 139}, 
1905.0, {'J01': np.float32(-0.67122436)}, {'J01': 40}, {'J01': 139}, 
1910.0, {'J01': np.float32(-0.6965295)}, {'J01': 40}, {'J01': 139}, 
1915.0, {'J01': np.float32(-0.70236915)}, {'J01': 40}, {'J01': 139}, 
1920.0, {'J01': np.float32(0.11128885)}, {'J01': 40}, {'J01': 139}, 
1925.0, {'J01': np.float32(-0.5953089)}, {'J01': 40}, {'J01': 139}, 
1930.0, {'J01': np.float32(-0.6556519)}, {'J01': 40}, {'J01': 139}, 
1935.0, {'J01': np.float32(-0.4376383)}, {'J01': 40}, {'J01': 139}, 
1940.0, {'J01': np.float32(-0.5797365)}, {'J01': 40}, {'J01': 139}, 
1945.0, {'J01': np.float32(-0.6284002)}, {'J01': 40}, {'J01': 139}, 
1950.0, {'J01': np.float32(-0.66343814)}, {'J01': 40}, {'J01': 139}, 
1955.0, {'J01': np.float32(-0.69458294)}, {'J01': 40}, {'J01': 139}, 
1960.0, {'J01': np.float32(-0.7356483)}, {'J01': 40}, {'J01': 140}, 
1965.0, {'J01': np.float32(-0.6789417)}, {'J01': 40}, {'J01': 140}, 
1970.0, {'J01': np.float32(-0.690621)}, {'J01': 40}, {'J01': 140}, 
1975.0, {'J01': np.float32(-0.12028181)}, {'J01': 40}, {'J01': 140}, 
1980.0, {'J01': np.float32(-0.612759)}, {'J01': 40}, {'J01': 140}, 
1985.0, {'J01': np.float32(-0.66726243)}, {'J01': 40}, {'J01': 140}, 
1990.0, {'J01': np.float32(-0.7606968)}, {'J01': 40}, {'J01': 140}, 
1995.0, {'J01': np.float32(-0.78794855)}, {'J01': 40}, {'J01': 140}, 
2000.0, {'J01': np.float32(-0.22734207)}, {'J01': 40}, {'J01': 140}, 
2005.0, {'J01': np.float32(-0.64974344)}, {'J01': 40}, {'J01': 140}, 
2010.0, {'J01': np.float32(-0.6030263)}, {'J01': 40}, {'J01': 140}, 
2015.0, {'J01': np.float32(2.1357698)}, {'J01': 40}, {'J01': 140}, 
2020.0, {'J01': np.float32(-0.7529106)}, {'J01': 40}, {'J01': 140}, 
2025.0, {'J01': np.float32(-0.47650048)}, {'J01': 40}, {'J01': 140}, 
2030.0, {'J01': np.float32(-0.5504694)}, {'J01': 40}, {'J01': 140}, 
2035.0, {'J01': np.float32(-0.6808883)}, {'J01': 40}, {'J01': 140}, 
2040.0, {'J01': np.float32(2.0715337)}, {'J01': 40}, {'J01': 140}, 
2045.0, {'J01': np.float32(-0.6400107)}, {'J01': 40}, {'J01': 140}, 
2050.0, {'J01': np.float32(-0.6847814)}, {'J01': 40}, {'J01': 140}, 
2055.0, {'J01': np.float32(-0.690621)}, {'J01': 40}, {'J01': 140}, 
2060.0, {'J01': np.float32(-0.69646066)}, {'J01': 40}, {'J01': 140}, 
2065.0, {'J01': np.float32(0.4383781)}, {'J01': 40}, {'J01': 140}, 
2070.0, {'J01': np.float32(0.958107)}, {'J01': 40}, {'J01': 140}, 
2075.0, {'J01': np.float32(-0.66531587)}, {'J01': 40}, {'J01': 140}, 
2080.0, {'J01': np.float32(-0.73928475)}, {'J01': 40}, {'J01': 140}, 
2085.0, {'J01': np.float32(-0.7412313)}, {'J01': 40}, {'J01': 140}, 
2090.0, {'J01': np.float32(-0.7626434)}, {'J01': 40}, {'J01': 140}, 
2095.0, {'J01': np.float32(-0.7645899)}, {'J01': 40}, {'J01': 140}, 
2100.0, {'J01': np.float32(-0.7626434)}, {'J01': 40}, {'J01': 140}, 
2105.0, {'J01': np.float32(-0.22150242)}, {'J01': 40}, {'J01': 140}, 
2110.0, {'J01': np.float32(-0.7139796)}, {'J01': 40}, {'J01': 140}, 
2115.0, {'J01': np.float32(-0.032687046)}, {'J01': 40}, {'J01': 140}, 
2120.0, {'J01': np.float32(0.3721954)}, {'J01': 40}, {'J01': 140}, 
2125.0, {'J01': np.float32(-0.67699516)}, {'J01': 40}, {'J01': 140}, 
2130.0, {'J01': np.float32(-0.80741405)}, {'J01': 40}, {'J01': 140}, 
2135.0, {'J01': np.float32(3.0)}, {'J01': 40}, {'J01': 140}, 
2140.0, {'J01': np.float32(-0.47844705)}, {'J01': 40}, {'J01': 140}, 
2145.0, {'J01': np.float32(-0.5971866)}, {'J01': 40}, {'J01': 140}, 
2150.0, {'J01': np.float32(-0.61859864)}, {'J01': 40}, {'J01': 140}, 
2155.0, {'J01': np.float32(-0.6925676)}, {'J01': 40}, {'J01': 140}, 
2160.0, {'J01': np.float32(-0.7957347)}, {'J01': 40}, {'J01': 140}, 
2165.0, {'J01': np.float32(-0.82687956)}, {'J01': 40}, {'J01': 140}, 
2170.0, {'J01': np.float32(-0.78016233)}, {'J01': 40}, {'J01': 140}, 
2175.0, {'J01': np.float32(-0.85802436)}, {'J01': 40}, {'J01': 140}, 
2180.0, {'J01': np.float32(-0.48623323)}, {'J01': 40}, {'J01': 140}, 
2185.0, {'J01': np.float32(-0.79962784)}, {'J01': 40}, {'J01': 140}, 
2190.0, {'J01': np.float32(-0.8366123)}, {'J01': 40}, {'J01': 140}, 
2195.0, {'J01': np.float32(-0.8833295)}, {'J01': 40}, {'J01': 140}, 
2200.0, {'J01': np.float32(2.174701)}, {'J01': 40}, {'J01': 140}, 
2205.0, {'J01': np.float32(0.21647139)}, {'J01': 40}, {'J01': 140}, 
2210.0, {'J01': np.float32(-0.5387901)}, {'J01': 40}, {'J01': 140}, 
2215.0, {'J01': np.float32(-0.74707097)}, {'J01': 40}, {'J01': 140}, 
2220.0, {'J01': np.float32(-0.55630904)}, {'J01': 40}, {'J01': 140}, 
2225.0, {'J01': np.float32(-0.68672794)}, {'J01': 40}, {'J01': 140}, 
2230.0, {'J01': np.float32(-0.7314986)}, {'J01': 40}, {'J01': 140}, 
2235.0, {'J01': np.float32(-0.6322245)}, {'J01': 40}, {'J01': 140}, 
2240.0, {'J01': np.float32(-0.5504694)}, {'J01': 40}, {'J01': 140}, 
2245.0, {'J01': np.float32(-0.7529106)}, {'J01': 40}, {'J01': 140}, 
2250.0, {'J01': np.float32(-0.7821089)}, {'J01': 40}, {'J01': 140}, 
2255.0, {'J01': np.float32(-0.7334451)}, {'J01': 40}, {'J01': 140}, 
2260.0, {'J01': np.float32(-0.8015744)}, {'J01': 40}, {'J01': 140}, 
2265.0, {'J01': np.float32(-0.8035209)}, {'J01': 40}, {'J01': 140}, 
2270.0, {'J01': np.float32(-0.81909335)}, {'J01': 40}, {'J01': 140}, 
2275.0, {'J01': np.float32(-0.85802436)}, {'J01': 40}, {'J01': 140}, 
2280.0, {'J01': np.float32(-0.591347)}, {'J01': 40}, {'J01': 140}, 
2285.0, {'J01': np.float32(-0.824933)}, {'J01': 40}, {'J01': 140}, 
2290.0, {'J01': np.float32(-0.8560778)}, {'J01': 40}, {'J01': 140}, 
2295.0, {'J01': np.float32(-0.9047415)}, {'J01': 40}, {'J01': 140}, 
2300.0, {'J01': np.float32(-0.92420703)}, {'J01': 40}, {'J01': 140}, 
2305.0, {'J01': np.float32(-0.9261536)}, {'J01': 40}, {'J01': 140}, 
2310.0, {'J01': np.float32(-0.97092426)}, {'J01': 40}, {'J01': 140}, 
2315.0, {'J01': np.float32(-1.0156949)}, {'J01': 40}, {'J01': 140}, 
2320.0, {'J01': np.float32(-1.0156949)}, {'J01': 40}, {'J01': 140}, 
2325.0, {'J01': np.float32(-0.7626434)}, {'J01': 40}, {'J01': 140}, 
2330.0, {'J01': np.float32(-0.9787105)}, {'J01': 40}, {'J01': 140}, 
2335.0, {'J01': np.float32(3.0)}, {'J01': 40}, {'J01': 140}, 
2340.0, {'J01': np.float32(0.58631593)}, {'J01': 40}, {'J01': 140}, 
2345.0, {'J01': np.float32(0.64665896)}, {'J01': 40}, {'J01': 140}, 
2350.0, {'J01': np.float32(-0.5310039)}, {'J01': 40}, {'J01': 140}, 
2355.0, {'J01': np.float32(-0.58745384)}, {'J01': 40}, {'J01': 140}, 
2360.0, {'J01': np.float32(-0.6224918)}, {'J01': 40}, {'J01': 140}, 
2365.0, {'J01': np.float32(-0.6731021)}, {'J01': 40}, {'J01': 140}, 
2370.0, {'J01': np.float32(0.6018883)}, {'J01': 40}, {'J01': 140}, 
2375.0, {'J01': np.float32(-0.5894004)}, {'J01': 40}, {'J01': 140}, 
2380.0, {'J01': np.float32(-0.690621)}, {'J01': 40}, {'J01': 140}, 
2385.0, {'J01': np.float32(-0.7139796)}, {'J01': 40}, {'J01': 140}, 
2390.0, {'J01': np.float32(-0.72955203)}, {'J01': 40}, {'J01': 140}, 
2395.0, {'J01': np.float32(-0.7509641)}, {'J01': 40}, {'J01': 140}, 
2400.0, {'J01': np.float32(-0.7217658)}, {'J01': 40}, {'J01': 140}, 
2405.0, {'J01': np.float32(-0.75680375)}, {'J01': 40}, {'J01': 140}, 
2410.0, {'J01': np.float32(-0.77042955)}, {'J01': 40}, {'J01': 140}, 
2415.0, {'J01': np.float32(-0.72955203)}, {'J01': 40}, {'J01': 140}, 
2420.0, {'J01': np.float32(1.364936)}, {'J01': 40}, {'J01': 140}, 
2425.0, {'J01': np.float32(-0.58550733)}, {'J01': 40}, {'J01': 140}, 
2430.0, {'J01': np.float32(-0.7237124)}, {'J01': 40}, {'J01': 140}, 
2435.0, {'J01': np.float32(-0.70813996)}, {'J01': 40}, {'J01': 140}, 
2440.0, {'J01': np.float32(-0.76848304)}, {'J01': 40}, {'J01': 140}, 
2445.0, {'J01': np.float32(-0.7976813)}, {'J01': 40}, {'J01': 140}, 
2450.0, {'J01': np.float32(-0.74707097)}, {'J01': 40}, {'J01': 140}, 
2455.0, {'J01': np.float32(-0.7821089)}, {'J01': 40}, {'J01': 140}, 
2460.0, {'J01': np.float32(-0.79962784)}, {'J01': 40}, {'J01': 140}, 
2465.0, {'J01': np.float32(-0.8054675)}, {'J01': 40}, {'J01': 140}, 
2470.0, {'J01': np.float32(-0.82103986)}, {'J01': 40}, {'J01': 140}, 
2475.0, {'J01': np.float32(-0.80936056)}, {'J01': 40}, {'J01': 140}, 
2480.0, {'J01': np.float32(-0.85997087)}, {'J01': 40}, {'J01': 140}, 
2485.0, {'J01': np.float32(-0.41031778)}, {'J01': 40}, {'J01': 140}, 
2490.0, {'J01': np.float32(-0.77821577)}, {'J01': 40}, {'J01': 140}, 
2495.0, {'J01': np.float32(-0.8794364)}, {'J01': 40}, {'J01': 140}, 
2500.0, {'J01': np.float32(-0.91252774)}, {'J01': 40}, {'J01': 140}, 
2505.0, {'J01': np.float32(-0.9183674)}, {'J01': 40}, {'J01': 140}, 
2510.0, {'J01': np.float32(-0.89111567)}, {'J01': 40}, {'J01': 140}, 
2515.0, {'J01': np.float32(-0.9495122)}, {'J01': 40}, {'J01': 140}, 
2520.0, {'J01': np.float32(-0.9572984)}, {'J01': 40}, {'J01': 140}, 
2525.0, {'J01': np.float32(-0.9670311)}, {'J01': 40}, {'J01': 140}, 
2530.0, {'J01': np.float32(0.20479208)}, {'J01': 40}, {'J01': 140}, 
2535.0, {'J01': np.float32(-0.95924497)}, {'J01': 40}, {'J01': 140}, 
2540.0, {'J01': np.float32(-0.4492488)}, {'J01': 40}, {'J01': 140}, 
2545.0, {'J01': np.float32(0.28460065)}, {'J01': 40}, {'J01': 140}, 
2550.0, {'J01': np.float32(0.22425759)}, {'J01': 40}, {'J01': 140}, 
2555.0, {'J01': np.float32(-0.9787105)}, {'J01': 40}, {'J01': 140}, 
2560.0, {'J01': np.float32(-0.8716502)}, {'J01': 40}, {'J01': 140}, 
2565.0, {'J01': np.float32(-0.85997087)}, {'J01': 40}, {'J01': 140}, 
2570.0, {'J01': np.float32(-0.92810017)}, {'J01': 40}, {'J01': 140}, 
2575.0, {'J01': np.float32(0.22425759)}, {'J01': 40}, {'J01': 140}, 
2580.0, {'J01': np.float32(-0.89111567)}, {'J01': 40}, {'J01': 140}, 
2585.0, {'J01': np.float32(-0.9358863)}, {'J01': 40}, {'J01': 140}, 
2590.0, {'J01': np.float32(-0.93977946)}, {'J01': 40}, {'J01': 140}, 
2595.0, {'J01': np.float32(3.0)}, {'J01': 40}, {'J01': 140}, 
2600.0, {'J01': np.float32(-0.5310039)}, {'J01': 40}, {'J01': 140}, 
2605.0, {'J01': np.float32(0.54349184)}, {'J01': 40}, {'J01': 140}, 
2610.0, {'J01': np.float32(1.6705444)}, {'J01': 40}, {'J01': 140}, 
2615.0, {'J01': np.float32(-0.6536366)}, {'J01': 40}, {'J01': 140}, 
2620.0, {'J01': np.float32(-0.65558314)}, {'J01': 40}, {'J01': 140}, 
2625.0, {'J01': np.float32(-0.68867445)}, {'J01': 40}, {'J01': 140}, 
2630.0, {'J01': np.float32(-0.36944023)}, {'J01': 40}, {'J01': 140}, 
2635.0, {'J01': np.float32(-0.6536366)}, {'J01': 40}, {'J01': 140}, 
2640.0, {'J01': np.float32(-0.72760546)}, {'J01': 40}, {'J01': 140}, 
2645.0, {'J01': np.float32(0.80043644)}, {'J01': 40}, {'J01': 140}, 
2650.0, {'J01': np.float32(-0.51737803)}, {'J01': 40}, {'J01': 140}, 
2655.0, {'J01': np.float32(-0.6283314)}, {'J01': 40}, {'J01': 140}, 
2660.0, {'J01': np.float32(-0.68672794)}, {'J01': 40}, {'J01': 140}, 
2665.0, {'J01': np.float32(-0.7256589)}, {'J01': 40}, {'J01': 140}, 
2670.0, {'J01': np.float32(0.08799907)}, {'J01': 40}, {'J01': 140}, 
2675.0, {'J01': np.float32(0.6194073)}, {'J01': 40}, {'J01': 140}, 
2680.0, {'J01': np.float32(-0.6244383)}, {'J01': 40}, {'J01': 140}, 
2685.0, {'J01': np.float32(0.4578436)}, {'J01': 40}, {'J01': 140}, 
2690.0, {'J01': np.float32(-0.7412313)}, {'J01': 40}, {'J01': 140}, 
2695.0, {'J01': np.float32(-0.7314986)}, {'J01': 40}, {'J01': 140}, 
2700.0, {'J01': np.float32(-0.76848304)}, {'J01': 40}, {'J01': 140}, 
2705.0, {'J01': np.float32(-0.7159262)}, {'J01': 40}, {'J01': 140}, 
2710.0, {'J01': np.float32(-0.8229864)}, {'J01': 40}, {'J01': 140}, 
2715.0, {'J01': np.float32(-0.82103986)}, {'J01': 40}, {'J01': 140}, 
2720.0, {'J01': np.float32(-0.71981925)}, {'J01': 40}, {'J01': 140}, 
2725.0, {'J01': np.float32(-0.8327192)}, {'J01': 40}, {'J01': 140}, 
2730.0, {'J01': np.float32(-0.8054675)}, {'J01': 40}, {'J01': 140}, 
2735.0, {'J01': np.float32(1.3902411)}, {'J01': 40}, {'J01': 140}, 
2740.0, {'J01': np.float32(-0.6224918)}, {'J01': 40}, {'J01': 140}, 
2745.0, {'J01': np.float32(-0.7120331)}, {'J01': 40}, {'J01': 140}, 
2750.0, {'J01': np.float32(-0.6925676)}, {'J01': 40}, {'J01': 140}, 
2755.0, {'J01': np.float32(-0.35970747)}, {'J01': 40}, {'J01': 140}, 
2760.0, {'J01': np.float32(-0.6108125)}, {'J01': 40}, {'J01': 140}, 
2765.0, {'J01': np.float32(-0.6400107)}, {'J01': 40}, {'J01': 140}, 
2770.0, {'J01': np.float32(-0.7529106)}, {'J01': 40}, {'J01': 140}, 
2775.0, {'J01': np.float32(-0.7334451)}, {'J01': 40}, {'J01': 140}, 
2780.0, {'J01': np.float32(-0.69840723)}, {'J01': 40}, {'J01': 140}, 
2785.0, {'J01': np.float32(-0.73733824)}, {'J01': 40}, {'J01': 140}, 
2790.0, {'J01': np.float32(0.09383872)}, {'J01': 40}, {'J01': 140}, 
2795.0, {'J01': np.float32(-0.58356076)}, {'J01': 40}, {'J01': 140}, 
2800.0, {'J01': np.float32(-0.5971866)}, {'J01': 40}, {'J01': 140}, 
2805.0, {'J01': np.float32(-0.64585036)}, {'J01': 40}, {'J01': 140}, 
2810.0, {'J01': np.float32(-0.6847814)}, {'J01': 40}, {'J01': 140}, 
2815.0, {'J01': np.float32(0.9250157)}, {'J01': 40}, {'J01': 140}, 
2820.0, {'J01': np.float32(-0.6205452)}, {'J01': 40}, {'J01': 140}, 
2825.0, {'J01': np.float32(-0.6808883)}, {'J01': 40}, {'J01': 140}, 
2830.0, {'J01': np.float32(-0.68672794)}, {'J01': 40}, {'J01': 140}, 
2835.0, {'J01': np.float32(-0.6808883)}, {'J01': 40}, {'J01': 140}, 
2840.0, {'J01': np.float32(-0.65558314)}, {'J01': 40}, {'J01': 140}, 
2845.0, {'J01': np.float32(0.4928815)}, {'J01': 40}, {'J01': 140}, 
2850.0, {'J01': np.float32(-0.70035374)}, {'J01': 40}, {'J01': 140}, 
2855.0, {'J01': np.float32(-0.74901754)}, {'J01': 40}, {'J01': 140}, 
2860.0, {'J01': np.float32(-0.26237997)}, {'J01': 40}, {'J01': 140}, 
2865.0, {'J01': np.float32(-0.6633693)}, {'J01': 40}, {'J01': 140}, 
2870.0, {'J01': np.float32(-0.7509641)}, {'J01': 40}, {'J01': 140}, 
2875.0, {'J01': np.float32(-0.7606968)}, {'J01': 40}, {'J01': 140}, 
2880.0, {'J01': np.float32(-0.78794855)}, {'J01': 40}, {'J01': 140}, 
2885.0, {'J01': np.float32(-0.85997087)}, {'J01': 40}, {'J01': 140}, 
2890.0, {'J01': np.float32(-0.9378329)}, {'J01': 40}, {'J01': 140}, 
2895.0, {'J01': np.float32(1.6004686)}, {'J01': 40}, {'J01': 140}, 
2900.0, {'J01': np.float32(-0.59524006)}, {'J01': 40}, {'J01': 140}, 
2905.0, {'J01': np.float32(-0.61859864)}, {'J01': 40}, {'J01': 140}, 
2910.0, {'J01': np.float32(-0.6224918)}, {'J01': 40}, {'J01': 140}, 
2915.0, {'J01': np.float32(-0.7256589)}, {'J01': 40}, {'J01': 140}, 
2920.0, {'J01': np.float32(-0.7509641)}, {'J01': 40}, {'J01': 140}, 
2925.0, {'J01': np.float32(-0.7548572)}, {'J01': 40}, {'J01': 140}, 
2930.0, {'J01': np.float32(1.9021839)}, {'J01': 40}, {'J01': 140}, 
2935.0, {'J01': np.float32(-0.6828348)}, {'J01': 40}, {'J01': 140}, 
2940.0, {'J01': np.float32(-0.5932935)}, {'J01': 40}, {'J01': 140}, 
2945.0, {'J01': np.float32(-0.7159262)}, {'J01': 40}, {'J01': 140}, 
2950.0, {'J01': np.float32(-0.7626434)}, {'J01': 40}, {'J01': 140}, 
2955.0, {'J01': np.float32(-0.7723761)}, {'J01': 40}, {'J01': 140}, 
2960.0, {'J01': np.float32(-0.7821089)}, {'J01': 40}, {'J01': 140}, 
2965.0, {'J01': np.float32(1.1858534)}, {'J01': 40}, {'J01': 140}, 
2970.0, {'J01': np.float32(1.7678719)}, {'J01': 40}, {'J01': 140}, 
2975.0, {'J01': np.float32(0.5181867)}, {'J01': 40}, {'J01': 140}, 
2980.0, {'J01': np.float32(0.5181867)}, {'J01': 40}, {'J01': 140}, 
2985.0, {'J01': np.float32(0.4967746)}, {'J01': 40}, {'J01': 140}, 
2990.0, {'J01': np.float32(-0.70619345)}, {'J01': 40}, {'J01': 140}, 
2995.0, {'J01': np.float32(0.060747366)}, {'J01': 40}, {'J01': 140}, 
3000.0, {'J01': np.float32(0.74982613)}, {'J01': 40}, {'J01': 140}, 
3005.0, {'J01': np.float32(-0.66726243)}, {'J01': 40}, {'J01': 140}, 
3010.0, {'J01': np.float32(-0.6594762)}, {'J01': 40}, {'J01': 140}, 
3015.0, {'J01': np.float32(-0.6789417)}, {'J01': 40}, {'J01': 140}, 
3020.0, {'J01': np.float32(-0.7159262)}, {'J01': 40}, {'J01': 140}, 
3025.0, {'J01': np.float32(-0.8035209)}, {'J01': 40}, {'J01': 140}, 
3030.0, {'J01': np.float32(-0.7937882)}, {'J01': 40}, {'J01': 140}, 
3035.0, {'J01': np.float32(-0.7451244)}, {'J01': 40}, {'J01': 140}, 
3040.0, {'J01': np.float32(-0.78016233)}, {'J01': 40}, {'J01': 140}, 
3045.0, {'J01': np.float32(-0.82103986)}, {'J01': 40}, {'J01': 140}, 
3050.0, {'J01': np.float32(-0.863864)}, {'J01': 40}, {'J01': 140}, 
3055.0, {'J01': np.float32(-0.885276)}, {'J01': 40}, {'J01': 140}, 
3060.0, {'J01': np.float32(-0.8969554)}, {'J01': 40}, {'J01': 140}, 
3065.0, {'J01': np.float32(-0.8521847)}, {'J01': 40}, {'J01': 140}, 
3070.0, {'J01': np.float32(-0.90863466)}, {'J01': 40}, {'J01': 140}, 
3075.0, {'J01': np.float32(-0.6419573)}, {'J01': 40}, {'J01': 140}, 
3080.0, {'J01': np.float32(3.0)}, {'J01': 40}, {'J01': 140}, 
3085.0, {'J01': np.float32(-0.4803936)}, {'J01': 40}, {'J01': 140}, 
3090.0, {'J01': np.float32(-0.6322245)}, {'J01': 40}, {'J01': 140}, 
3095.0, {'J01': np.float32(-0.41615742)}, {'J01': 40}, {'J01': 140}, 
3100.0, {'J01': np.float32(-0.4842867)}, {'J01': 40}, {'J01': 140}, 
3105.0, {'J01': np.float32(-0.5932935)}, {'J01': 40}, {'J01': 140}, 
3110.0, {'J01': np.float32(-0.6711555)}, {'J01': 40}, {'J01': 140}, 
3115.0, {'J01': np.float32(3.0)}, {'J01': 40}, {'J01': 140}, 
3120.0, {'J01': np.float32(-0.6925676)}, {'J01': 40}, {'J01': 140}, 
3125.0, {'J01': np.float32(-0.47650048)}, {'J01': 40}, {'J01': 140}, 
3130.0, {'J01': np.float32(-0.41226435)}, {'J01': 40}, {'J01': 140}, 
3135.0, {'J01': np.float32(0.3644092)}, {'J01': 40}, {'J01': 140}, 
3140.0, {'J01': np.float32(-0.39085227)}, {'J01': 40}, {'J01': 140}, 
3145.0, {'J01': np.float32(-0.4336764)}, {'J01': 40}, {'J01': 140}, 
3150.0, {'J01': np.float32(-0.4492488)}, {'J01': 40}, {'J01': 140}, 
3155.0, {'J01': np.float32(-0.45119533)}, {'J01': 40}, {'J01': 140}, 
3160.0, {'J01': np.float32(-0.457035)}, {'J01': 40}, {'J01': 140}, 
3165.0, {'J01': np.float32(-0.4842867)}, {'J01': 40}, {'J01': 140}, 
3170.0, {'J01': np.float32(-0.495966)}, {'J01': 40}, {'J01': 140}, 
3175.0, {'J01': np.float32(-0.5387901)}, {'J01': 40}, {'J01': 140}, 
3180.0, {'J01': np.float32(-0.5426832)}, {'J01': 40}, {'J01': 140}, 
3185.0, {'J01': np.float32(-0.59524006)}, {'J01': 40}, {'J01': 140}, 
3190.0, {'J01': np.float32(-0.6477969)}, {'J01': 40}, {'J01': 140}, 
3195.0, {'J01': np.float32(-0.3519213)}, {'J01': 40}, {'J01': 140}, 
3200.0, {'J01': np.float32(-0.591347)}, {'J01': 40}, {'J01': 140}, 
3205.0, {'J01': np.float32(-0.14948006)}, {'J01': 40}, {'J01': 140}, 
3210.0, {'J01': np.float32(-0.534897)}, {'J01': 40}, {'J01': 140}, 
3215.0, {'J01': np.float32(-0.58745384)}, {'J01': 40}, {'J01': 140}, 
3220.0, {'J01': np.float32(-0.62638485)}, {'J01': 40}, {'J01': 140}, 
3225.0, {'J01': np.float32(-0.63417107)}, {'J01': 40}, {'J01': 140}, 
3230.0, {'J01': np.float32(-0.27211273)}, {'J01': 40}, {'J01': 140}, 
3235.0, {'J01': np.float32(-0.5660418)}, {'J01': 40}, {'J01': 140}, 
3240.0, {'J01': np.float32(-0.6049728)}, {'J01': 40}, {'J01': 140}, 
3245.0, {'J01': np.float32(-0.62638485)}, {'J01': 40}, {'J01': 140}, 
3250.0, {'J01': np.float32(-0.4025316)}, {'J01': 40}, {'J01': 140}, 
3255.0, {'J01': np.float32(-0.5465763)}, {'J01': 40}, {'J01': 140}, 
3260.0, {'J01': np.float32(-0.59524006)}, {'J01': 40}, {'J01': 140}, 
3265.0, {'J01': np.float32(0.58436936)}, {'J01': 40}, {'J01': 140}, 
3270.0, {'J01': np.float32(-0.5894004)}, {'J01': 40}, {'J01': 140}, 
3275.0, {'J01': np.float32(-0.63611764)}, {'J01': 40}, {'J01': 140}, 
3280.0, {'J01': np.float32(-0.6711555)}, {'J01': 40}, {'J01': 140}, 
3285.0, {'J01': np.float32(-0.65169)}, {'J01': 40}, {'J01': 140}, 
3290.0, {'J01': np.float32(-0.59913313)}, {'J01': 40}, {'J01': 140}, 
3295.0, {'J01': np.float32(-0.66531587)}, {'J01': 40}, {'J01': 140}, 
3300.0, {'J01': np.float32(-0.0112749925)}, {'J01': 40}, {'J01': 140}, 
3305.0, {'J01': np.float32(-0.57577455)}, {'J01': 40}, {'J01': 140}, 
3310.0, {'J01': np.float32(-0.56409526)}, {'J01': 40}, {'J01': 140}, 
3315.0, {'J01': np.float32(-0.56409526)}, {'J01': 40}, {'J01': 140}, 
3320.0, {'J01': np.float32(-0.6439038)}, {'J01': 40}, {'J01': 140}, 
3325.0, {'J01': np.float32(-0.6594762)}, {'J01': 40}, {'J01': 140}, 
3330.0, {'J01': np.float32(-0.4064247)}, {'J01': 40}, {'J01': 140}, 
3335.0, {'J01': np.float32(-0.61470556)}, {'J01': 40}, {'J01': 140}, 
3340.0, {'J01': np.float32(-0.6439038)}, {'J01': 40}, {'J01': 140}, 
3345.0, {'J01': np.float32(-0.6731021)}, {'J01': 40}, {'J01': 140}, 
3350.0, {'J01': np.float32(-0.71981925)}, {'J01': 40}, {'J01': 140}, 
3355.0, {'J01': np.float32(-0.28184548)}, {'J01': 40}, {'J01': 140}, 
3360.0, {'J01': np.float32(-0.61859864)}, {'J01': 40}, {'J01': 140}, 
3365.0, {'J01': np.float32(-0.6633693)}, {'J01': 40}, {'J01': 140}, 
3370.0, {'J01': np.float32(-0.6594762)}, {'J01': 40}, {'J01': 140}, 
3375.0, {'J01': np.float32(-0.6847814)}, {'J01': 40}, {'J01': 140}, 
3380.0, {'J01': np.float32(-0.6847814)}, {'J01': 40}, {'J01': 140}, 
3385.0, {'J01': np.float32(-0.6925676)}, {'J01': 40}, {'J01': 140}, 
3390.0, {'J01': np.float32(-0.7237124)}, {'J01': 40}, {'J01': 140}, 
3395.0, {'J01': np.float32(-0.7237124)}, {'J01': 40}, {'J01': 140}, 
3400.0, {'J01': np.float32(-0.009328443)}, {'J01': 40}, {'J01': 140}, 
3405.0, {'J01': np.float32(-0.60691935)}, {'J01': 40}, {'J01': 140}, 
3410.0, {'J01': np.float32(-0.6439038)}, {'J01': 40}, {'J01': 140}, 
3415.0, {'J01': np.float32(-0.66531587)}, {'J01': 40}, {'J01': 140}, 
3420.0, {'J01': np.float32(-0.6789417)}, {'J01': 40}, {'J01': 140}, 
3425.0, {'J01': np.float32(-0.70035374)}, {'J01': 40}, {'J01': 140}, 
3430.0, {'J01': np.float32(-0.61665213)}, {'J01': 40}, {'J01': 140}, 
3435.0, {'J01': np.float32(0.841314)}, {'J01': 40}, {'J01': 140}, 
3440.0, {'J01': np.float32(0.47536257)}, {'J01': 40}, {'J01': 140}, 
3445.0, {'J01': np.float32(0.55322456)}, {'J01': 40}, {'J01': 140}, 
3450.0, {'J01': np.float32(-0.6847814)}, {'J01': 40}, {'J01': 140}, 
3455.0, {'J01': np.float32(-0.6847814)}, {'J01': 40}, {'J01': 140}, 
3460.0, {'J01': np.float32(-0.70619345)}, {'J01': 40}, {'J01': 140}, 
3465.0, {'J01': np.float32(-0.7023003)}, {'J01': 40}, {'J01': 140}, 
3470.0, {'J01': np.float32(-0.612759)}, {'J01': 40}, {'J01': 140}, 
3475.0, {'J01': np.float32(-0.7042469)}, {'J01': 40}, {'J01': 140}, 
3480.0, {'J01': np.float32(0.5084539)}, {'J01': 40}, {'J01': 140}, 
3485.0, {'J01': np.float32(0.46562982)}, {'J01': 40}, {'J01': 140}, 
3490.0, {'J01': np.float32(1.057381)}, {'J01': 40}, {'J01': 140}, 
3495.0, {'J01': np.float32(0.48314875)}, {'J01': 40}, {'J01': 140}, 
3500.0, {'J01': np.float32(-0.6828348)}, {'J01': 40}, {'J01': 140}, 
3505.0, {'J01': np.float32(-0.7431779)}, {'J01': 40}, {'J01': 140}, 
3510.0, {'J01': np.float32(-0.7529106)}, {'J01': 40}, {'J01': 140}, 
3515.0, {'J01': np.float32(0.6096745)}, {'J01': 40}, {'J01': 140}, 
3520.0, {'J01': np.float32(-0.78794855)}, {'J01': 40}, {'J01': 140}, 
3525.0, {'J01': np.float32(-0.6400107)}, {'J01': 40}, {'J01': 140}, 
3530.0, {'J01': np.float32(-0.7509641)}, {'J01': 40}, {'J01': 140}, 
3535.0, {'J01': np.float32(2.3576765)}, {'J01': 40}, {'J01': 140}, 
3540.0, {'J01': np.float32(-0.51737803)}, {'J01': 40}, {'J01': 140}, 
3545.0, {'J01': np.float32(-0.6477969)}, {'J01': 40}, {'J01': 140}, 
3550.0, {'J01': np.float32(-0.36165404)}, {'J01': 40}, {'J01': 140}, 
3555.0, {'J01': np.float32(-0.5095919)}, {'J01': 40}, {'J01': 140}, 
3560.0, {'J01': np.float32(-0.573828)}, {'J01': 40}, {'J01': 140}, 
3565.0, {'J01': np.float32(0.76929164)}, {'J01': 40}, {'J01': 140}, 
3570.0, {'J01': np.float32(-0.5037522)}, {'J01': 40}, {'J01': 140}, 
3575.0, {'J01': np.float32(-0.6088659)}, {'J01': 40}, {'J01': 140}, 
3580.0, {'J01': np.float32(-0.20009036)}, {'J01': 40}, {'J01': 140}, 
3585.0, {'J01': np.float32(-0.53684354)}, {'J01': 40}, {'J01': 140}, 
3590.0, {'J01': np.float32(1.1741741)}, {'J01': 40}, {'J01': 140}, 
3595.0, {'J01': np.float32(-0.4336764)}, {'J01': 40}, {'J01': 140}, 
3600.0, {'J01': np.float32(-0.51737803)}, {'J01': 40}, {'J01': 140}, 
