episode,agent,decision,signal_id,reward
1,MAXWAVE,50,J01,-5028.0
1,MAXWAVE,100,J01,-7959.0
1,MAXWAVE,150,J01,-12347.5
1,MAXWAVE,200,J01,-18587.0
1,MAXWAVE,250,J01,-23917.0
1,MAXWAVE,300,J01,-18381.0
1,MAXWAVE,350,J01,-23585.0
1,MAXWAVE,400,J01,-16273.0
1,MAXWAVE,450,J01,-22195.5
1,MAXWAVE,500,J01,-27114.5
1,MAXWAVE,550,J01,-31463.0
1,MAXWAVE,600,J01,-36097.0
1,MAXWAVE,650,J01,-21962.5
1,MAXWAVE,700,J01,-14655.5
1,MAXWAVE,750,J01,-5703.0
1,MAXWAVE,800,J01,-14072.5
1,MAXWAVE,850,J01,-12770.5
1,MAXWAVE,900,J01,-16877.5
1,MAXWAVE,950,J01,-21033.0
1,MAXWAVE,1000,J01,-24392.0
1,MAXWAVE,1050,J01,-28428.5
2,MAXWAVE,50,J01,-3962.5
2,MAXWAVE,100,J01,-9648.5
2,MAXWAVE,150,J01,-13736.0
2,MAXWAVE,200,J01,-19284.0
2,MAXWAVE,250,J01,-26322.5
2,MAXWAVE,300,J01,-35577.5
2,MAXWAVE,350,J01,-37161.0
2,MAXWAVE,400,J01,-43093.5
2,MAXWAVE,450,J01,-34314.0
2,MAXWAVE,500,J01,-36999.0
2,MAXWAVE,550,J01,-42732.5
2,MAXWAVE,600,J01,-46196.0
2,MAXWAVE,650,J01,-56953.5
2,MAXWAVE,700,J01,-79237.0
2,MAXWAVE,750,J01,-105988.0
2,MAXWAVE,800,J01,-58450.0
2,MAXWAVE,850,J01,-3854.5
2,MAXWAVE,900,J01,-8502.5
2,MAXWAVE,950,J01,-13876.5
2,MAXWAVE,1000,J01,-15663.5
2,MAXWAVE,1050,J01,-17276.5
3,MAXWAVE,50,J01,-5213.0
3,MAXWAVE,100,J01,-6960.0
3,MAXWAVE,150,J01,-8038.5
3,MAXWAVE,200,J01,-12633.0
3,MAXWAVE,250,J01,-19702.0
3,MAXWAVE,300,J01,-25513.5
3,MAXWAVE,350,J01,-12636.0
3,MAXWAVE,400,J01,-16920.0
3,MAXWAVE,450,J01,-22725.0
3,MAXWAVE,500,J01,-11529.0
3,MAXWAVE,550,J01,-28495.5
3,MAXWAVE,600,J01,-56123.0
3,MAXWAVE,650,J01,-100368.0
3,MAXWAVE,700,J01,-131489.5
3,MAXWAVE,750,J01,-168336.0
3,MAXWAVE,800,J01,-203369.5
3,MAXWAVE,850,J01,-235797.5
3,MAXWAVE,900,J01,-262649.0
3,MAXWAVE,950,J01,-159595.5
3,MAXWAVE,1000,J01,-102272.0
3,MAXWAVE,1050,J01,-60948.5
4,MAXWAVE,50,J01,-4499.0
4,MAXWAVE,100,J01,-7714.5
4,MAXWAVE,150,J01,-10664.0
4,MAXWAVE,200,J01,-13676.0
4,MAXWAVE,250,J01,-19434.0
4,MAXWAVE,300,J01,-25633.5
4,MAXWAVE,350,J01,-31629.5
4,MAXWAVE,400,J01,-35915.5
4,MAXWAVE,450,J01,-10363.0
4,MAXWAVE,500,J01,-23150.5
4,MAXWAVE,550,J01,-40624.0
4,MAXWAVE,600,J01,-70854.5
4,MAXWAVE,650,J01,-108437.0
4,MAXWAVE,700,J01,-153515.0
4,MAXWAVE,750,J01,-183330.5
4,MAXWAVE,800,J01,-212488.0
4,MAXWAVE,850,J01,-231550.5
4,MAXWAVE,900,J01,-268924.5
4,MAXWAVE,950,J01,-302091.0
4,MAXWAVE,1000,J01,-337591.0
4,MAXWAVE,1050,J01,-222734.5
5,MAXWAVE,50,J01,-4355.0
5,MAXWAVE,100,J01,-7722.0
5,MAXWAVE,150,J01,-8734.0
5,MAXWAVE,200,J01,-9623.5
5,MAXWAVE,250,J01,-14952.5
5,MAXWAVE,300,J01,-14052.0
5,MAXWAVE,350,J01,-19912.5
5,MAXWAVE,400,J01,-26155.0
5,MAXWAVE,450,J01,-20929.5
5,MAXWAVE,500,J01,-12772.5
5,MAXWAVE,550,J01,-19862.0
5,MAXWAVE,600,J01,-24974.5
5,MAXWAVE,650,J01,-35080.5
5,MAXWAVE,700,J01,-58226.5
5,MAXWAVE,750,J01,-75009.5
5,MAXWAVE,800,J01,-36056.5
5,MAXWAVE,850,J01,-5335.5
5,MAXWAVE,900,J01,-7840.0
5,MAXWAVE,950,J01,-10020.0
5,MAXWAVE,1000,J01,-15189.5
5,MAXWAVE,1050,J01,-19183.0
6,MAXWAVE,50,J01,-4250.0
6,MAXWAVE,100,J01,-11240.0
6,MAXWAVE,150,J01,-36998.0
6,MAXWAVE,200,J01,-65732.5
6,MAXWAVE,250,J01,-91884.5
6,MAXWAVE,300,J01,-120373.5
6,MAXWAVE,350,J01,-148772.0
6,MAXWAVE,400,J01,-192160.5
6,MAXWAVE,450,J01,-230772.5
6,MAXWAVE,500,J01,-266555.5
6,MAXWAVE,550,J01,-303099.0
6,MAXWAVE,600,J01,-335421.5
6,MAXWAVE,650,J01,-368677.0
6,MAXWAVE,700,J01,-403176.5
6,MAXWAVE,750,J01,-440611.5
6,MAXWAVE,800,J01,-499217.0
6,MAXWAVE,850,J01,-524857.0
6,MAXWAVE,900,J01,-553589.5
6,MAXWAVE,950,J01,-570903.5
6,MAXWAVE,1000,J01,-606145.5
6,MAXWAVE,1050,J01,-645097.5
7,MAXWAVE,50,J01,-4275.5
7,MAXWAVE,100,J01,-7939.5
7,MAXWAVE,150,J01,-13243.0
7,MAXWAVE,200,J01,-14212.0
7,MAXWAVE,250,J01,-19842.0
7,MAXWAVE,300,J01,-29533.0
7,MAXWAVE,350,J01,-37116.0
7,MAXWAVE,400,J01,-35362.5
7,MAXWAVE,450,J01,-42124.5
7,MAXWAVE,500,J01,-8537.5
7,MAXWAVE,550,J01,-13978.5
7,MAXWAVE,600,J01,-25717.5
7,MAXWAVE,650,J01,-58688.0
7,MAXWAVE,700,J01,-100947.5
7,MAXWAVE,750,J01,-142116.5
7,MAXWAVE,800,J01,-171886.0
7,MAXWAVE,850,J01,-168887.0
7,MAXWAVE,900,J01,-86487.0
7,MAXWAVE,950,J01,-50000.0
7,MAXWAVE,1000,J01,-2449.5
7,MAXWAVE,1050,J01,-8198.0
8,MAXWAVE,50,J01,-4353.0
8,MAXWAVE,100,J01,-16335.5
8,MAXWAVE,150,J01,-37468.0
8,MAXWAVE,200,J01,-63541.0
8,MAXWAVE,250,J01,-94582.0
8,MAXWAVE,300,J01,-131665.5
8,MAXWAVE,350,J01,-164250.5
8,MAXWAVE,400,J01,-197881.0
8,MAXWAVE,450,J01,-235112.0
8,MAXWAVE,500,J01,-261956.0
8,MAXWAVE,550,J01,-306409.5
8,MAXWAVE,600,J01,-335475.5
8,MAXWAVE,650,J01,-374450.5
8,MAXWAVE,700,J01,-423076.0
8,MAXWAVE,750,J01,-451215.5
8,MAXWAVE,800,J01,-485677.0
8,MAXWAVE,850,J01,-511623.5
8,MAXWAVE,900,J01,-536775.0
8,MAXWAVE,950,J01,-563070.0
8,MAXWAVE,1000,J01,-610497.0
8,MAXWAVE,1050,J01,-645505.0
9,MAXWAVE,50,J01,-5926.5
9,MAXWAVE,100,J01,-10061.0
9,MAXWAVE,150,J01,-12887.0
9,MAXWAVE,200,J01,-13624.5
9,MAXWAVE,250,J01,-18847.0
9,MAXWAVE,300,J01,-15033.5
9,MAXWAVE,350,J01,-22920.0
9,MAXWAVE,400,J01,-25397.5
9,MAXWAVE,450,J01,-14849.0
9,MAXWAVE,500,J01,-11963.5
9,MAXWAVE,550,J01,-14373.5
9,MAXWAVE,600,J01,-17682.0
9,MAXWAVE,650,J01,-29272.0
9,MAXWAVE,700,J01,-53928.5
9,MAXWAVE,750,J01,-72243.5
9,MAXWAVE,800,J01,-39292.0
9,MAXWAVE,850,J01,-4215.5
9,MAXWAVE,900,J01,-12484.5
9,MAXWAVE,950,J01,-21525.5
9,MAXWAVE,1000,J01,-25178.5
9,MAXWAVE,1050,J01,-20354.5
10,MAXWAVE,50,J01,-4177.0
10,MAXWAVE,100,J01,-8787.0
10,MAXWAVE,150,J01,-13095.0
10,MAXWAVE,200,J01,-14370.0
10,MAXWAVE,250,J01,-21256.0
10,MAXWAVE,300,J01,-19610.5
10,MAXWAVE,350,J01,-15504.0
10,MAXWAVE,400,J01,-9142.5
10,MAXWAVE,450,J01,-16360.5
10,MAXWAVE,500,J01,-20437.5
10,MAXWAVE,550,J01,-17779.5
10,MAXWAVE,600,J01,-19844.0
10,MAXWAVE,650,J01,-30971.5
10,MAXWAVE,700,J01,-55644.0
10,MAXWAVE,750,J01,-84470.0
10,MAXWAVE,800,J01,-50680.0
10,MAXWAVE,850,J01,-2982.0
10,MAXWAVE,900,J01,-7349.5
10,MAXWAVE,950,J01,-11731.5
10,MAXWAVE,1000,J01,-14604.5
10,MAXWAVE,1050,J01,-18903.0
11,MAXWAVE,50,J01,-5061.0
11,MAXWAVE,100,J01,-14111.0
11,MAXWAVE,150,J01,-40209.0
11,MAXWAVE,200,J01,-72622.0
11,MAXWAVE,250,J01,-91913.0
11,MAXWAVE,300,J01,-123959.0
11,MAXWAVE,350,J01,-154387.0
11,MAXWAVE,400,J01,-191091.0
11,MAXWAVE,450,J01,-226310.5
11,MAXWAVE,500,J01,-277228.0
11,MAXWAVE,550,J01,-293613.0
11,MAXWAVE,600,J01,-328574.5
11,MAXWAVE,650,J01,-355372.0
11,MAXWAVE,700,J01,-407284.0
11,MAXWAVE,750,J01,-442371.5
11,MAXWAVE,800,J01,-486957.0
11,MAXWAVE,850,J01,-513284.0
11,MAXWAVE,900,J01,-546494.0
11,MAXWAVE,950,J01,-572615.5
11,MAXWAVE,1000,J01,-613687.5
11,MAXWAVE,1050,J01,-658771.0
12,MAXWAVE,50,J01,-4796.0
12,MAXWAVE,100,J01,-8572.5
12,MAXWAVE,150,J01,-7938.0
12,MAXWAVE,200,J01,-14616.5
12,MAXWAVE,250,J01,-19588.0
12,MAXWAVE,300,J01,-28222.5
12,MAXWAVE,350,J01,-23323.0
12,MAXWAVE,400,J01,-23234.5
12,MAXWAVE,450,J01,-30186.0
12,MAXWAVE,500,J01,-19638.5
12,MAXWAVE,550,J01,-15354.5
12,MAXWAVE,600,J01,-23017.0
12,MAXWAVE,650,J01,-27868.5
12,MAXWAVE,700,J01,-50622.0
12,MAXWAVE,750,J01,-78025.5
12,MAXWAVE,800,J01,-57281.5
12,MAXWAVE,850,J01,-6619.5
12,MAXWAVE,900,J01,-7032.0
12,MAXWAVE,950,J01,-12750.0
12,MAXWAVE,1000,J01,-15988.5
12,MAXWAVE,1050,J01,-19784.5
13,MAXWAVE,50,J01,-4868.0
13,MAXWAVE,100,J01,-8291.5
13,MAXWAVE,150,J01,-14283.0
13,MAXWAVE,200,J01,-8045.5
13,MAXWAVE,250,J01,-13350.0
13,MAXWAVE,300,J01,-22018.0
13,MAXWAVE,350,J01,-17287.5
13,MAXWAVE,400,J01,-21471.5
13,MAXWAVE,450,J01,-29155.0
13,MAXWAVE,500,J01,-16894.5
13,MAXWAVE,550,J01,-36805.0
13,MAXWAVE,600,J01,-59589.0
13,MAXWAVE,650,J01,-93975.5
13,MAXWAVE,700,J01,-137382.0
13,MAXWAVE,750,J01,-180201.0
13,MAXWAVE,800,J01,-234638.0
13,MAXWAVE,850,J01,-251088.5
13,MAXWAVE,900,J01,-289672.0
13,MAXWAVE,950,J01,-319965.5
13,MAXWAVE,1000,J01,-173037.0
13,MAXWAVE,1050,J01,-78107.0
14,MAXWAVE,50,J01,-4472.5
14,MAXWAVE,100,J01,-8775.5
14,MAXWAVE,150,J01,-14303.5
14,MAXWAVE,200,J01,-12637.0
14,MAXWAVE,250,J01,-18198.5
14,MAXWAVE,300,J01,-15074.5
14,MAXWAVE,350,J01,-21948.5
14,MAXWAVE,400,J01,-14051.5
14,MAXWAVE,450,J01,-18852.5
14,MAXWAVE,500,J01,-10294.5
14,MAXWAVE,550,J01,-9629.0
14,MAXWAVE,600,J01,-13698.5
14,MAXWAVE,650,J01,-17415.5
14,MAXWAVE,700,J01,-30666.0
14,MAXWAVE,750,J01,-44500.0
14,MAXWAVE,800,J01,-33276.0
14,MAXWAVE,850,J01,-5905.0
14,MAXWAVE,900,J01,-14548.0
14,MAXWAVE,950,J01,-19183.0
14,MAXWAVE,1000,J01,-24595.0
14,MAXWAVE,1050,J01,-20943.0
15,MAXWAVE,50,J01,-4207.0
15,MAXWAVE,100,J01,-8170.5
15,MAXWAVE,150,J01,-12411.5
15,MAXWAVE,200,J01,-18462.5
15,MAXWAVE,250,J01,-23236.5
15,MAXWAVE,300,J01,-28572.5
15,MAXWAVE,350,J01,-34378.5
15,MAXWAVE,400,J01,-38032.5
15,MAXWAVE,450,J01,-30384.0
15,MAXWAVE,500,J01,-32846.0
15,MAXWAVE,550,J01,-24460.5
15,MAXWAVE,600,J01,-14484.5
15,MAXWAVE,650,J01,-9894.5
15,MAXWAVE,700,J01,-9404.5
15,MAXWAVE,750,J01,-11016.5
15,MAXWAVE,800,J01,-12109.5
15,MAXWAVE,850,J01,-18406.0
15,MAXWAVE,900,J01,-20735.5
15,MAXWAVE,950,J01,-21880.0
15,MAXWAVE,1000,J01,-25534.5
15,MAXWAVE,1050,J01,-29336.0
16,MAXWAVE,50,J01,-3507.5
16,MAXWAVE,100,J01,-7553.0
16,MAXWAVE,150,J01,-11928.0
16,MAXWAVE,200,J01,-8341.5
16,MAXWAVE,250,J01,-12375.5
16,MAXWAVE,300,J01,-18793.5
16,MAXWAVE,350,J01,-24912.5
16,MAXWAVE,400,J01,-28440.0
16,MAXWAVE,450,J01,-13152.0
16,MAXWAVE,500,J01,-11133.0
16,MAXWAVE,550,J01,-14594.0
16,MAXWAVE,600,J01,-19004.0
16,MAXWAVE,650,J01,-29833.0
16,MAXWAVE,700,J01,-52834.0
16,MAXWAVE,750,J01,-43216.0
16,MAXWAVE,800,J01,-32130.0
16,MAXWAVE,850,J01,-4054.5
16,MAXWAVE,900,J01,-8268.5
16,MAXWAVE,950,J01,-14288.5
16,MAXWAVE,1000,J01,-16125.5
16,MAXWAVE,1050,J01,-17475.5
17,MAXWAVE,50,J01,-4243.5
17,MAXWAVE,100,J01,-9282.0
17,MAXWAVE,150,J01,-14082.5
17,MAXWAVE,200,J01,-20460.0
17,MAXWAVE,250,J01,-24971.5
17,MAXWAVE,300,J01,-18565.5
17,MAXWAVE,350,J01,-26550.5
17,MAXWAVE,400,J01,-31267.5
17,MAXWAVE,450,J01,-24573.5
17,MAXWAVE,500,J01,-14517.0
17,MAXWAVE,550,J01,-17087.5
17,MAXWAVE,600,J01,-22170.5
17,MAXWAVE,650,J01,-32629.5
17,MAXWAVE,700,J01,-21860.5
17,MAXWAVE,750,J01,-55654.5
17,MAXWAVE,800,J01,-38710.5
17,MAXWAVE,850,J01,-1548.0
17,MAXWAVE,900,J01,-6014.0
17,MAXWAVE,950,J01,-12235.5
17,MAXWAVE,1000,J01,-13457.5
17,MAXWAVE,1050,J01,-22258.0
18,MAXWAVE,50,J01,-3070.5
18,MAXWAVE,100,J01,-7457.0
18,MAXWAVE,150,J01,-12348.5
18,MAXWAVE,200,J01,-12328.0
18,MAXWAVE,250,J01,-19632.5
18,MAXWAVE,300,J01,-17155.5
18,MAXWAVE,350,J01,-23365.5
18,MAXWAVE,400,J01,-15747.0
18,MAXWAVE,450,J01,-21527.0
18,MAXWAVE,500,J01,-10922.5
18,MAXWAVE,550,J01,-13734.5
18,MAXWAVE,600,J01,-17068.5
18,MAXWAVE,650,J01,-24379.5
18,MAXWAVE,700,J01,-17236.5
18,MAXWAVE,750,J01,-23560.0
18,MAXWAVE,800,J01,-20569.0
18,MAXWAVE,850,J01,-20016.5
18,MAXWAVE,900,J01,-29088.5
18,MAXWAVE,950,J01,-28534.0
18,MAXWAVE,1000,J01,-25971.0
18,MAXWAVE,1050,J01,-28054.0
19,MAXWAVE,50,J01,-3612.0
19,MAXWAVE,100,J01,-9519.0
19,MAXWAVE,150,J01,-14055.0
19,MAXWAVE,200,J01,-21557.0
19,MAXWAVE,250,J01,-24893.5
19,MAXWAVE,300,J01,-32267.0
19,MAXWAVE,350,J01,-38278.5
19,MAXWAVE,400,J01,-28013.5
19,MAXWAVE,450,J01,-35339.0
19,MAXWAVE,500,J01,-12798.5
19,MAXWAVE,550,J01,-9209.0
19,MAXWAVE,600,J01,-12054.5
19,MAXWAVE,650,J01,-22618.5
19,MAXWAVE,700,J01,-28906.5
19,MAXWAVE,750,J01,-48779.0
19,MAXWAVE,800,J01,-38411.0
19,MAXWAVE,850,J01,-4065.5
19,MAXWAVE,900,J01,-6881.0
19,MAXWAVE,950,J01,-10627.0
19,MAXWAVE,1000,J01,-16120.0
19,MAXWAVE,1050,J01,-15742.0
20,MAXWAVE,50,J01,-4571.0
20,MAXWAVE,100,J01,-8325.5
20,MAXWAVE,150,J01,-13547.0
20,MAXWAVE,200,J01,-19159.0
20,MAXWAVE,250,J01,-26072.0
20,MAXWAVE,300,J01,-12443.5
20,MAXWAVE,350,J01,-18091.0
20,MAXWAVE,400,J01,-11797.5
20,MAXWAVE,450,J01,-17806.0
20,MAXWAVE,500,J01,-21084.5
20,MAXWAVE,550,J01,-26212.0
20,MAXWAVE,600,J01,-31073.0
20,MAXWAVE,650,J01,-42175.5
20,MAXWAVE,700,J01,-64596.5
20,MAXWAVE,750,J01,-59717.0
20,MAXWAVE,800,J01,-39318.0
20,MAXWAVE,850,J01,-6443.0
20,MAXWAVE,900,J01,-8954.5
20,MAXWAVE,950,J01,-12718.0
20,MAXWAVE,1000,J01,-15901.0
20,MAXWAVE,1050,J01,-20711.5
21,MAXWAVE,50,J01,-4114.5
21,MAXWAVE,100,J01,-9335.0
21,MAXWAVE,150,J01,-9323.5
21,MAXWAVE,200,J01,-16997.0
21,MAXWAVE,250,J01,-19547.0
21,MAXWAVE,300,J01,-16330.0
21,MAXWAVE,350,J01,-22396.0
21,MAXWAVE,400,J01,-17686.5
21,MAXWAVE,450,J01,-15810.5
21,MAXWAVE,500,J01,-21101.0
21,MAXWAVE,550,J01,-16676.5
21,MAXWAVE,600,J01,-12702.5
21,MAXWAVE,650,J01,-21662.5
21,MAXWAVE,700,J01,-43955.0
21,MAXWAVE,750,J01,-70338.5
21,MAXWAVE,800,J01,-34646.5
21,MAXWAVE,850,J01,-1777.0
21,MAXWAVE,900,J01,-8571.5
21,MAXWAVE,950,J01,-11373.0
21,MAXWAVE,1000,J01,-20985.5
21,MAXWAVE,1050,J01,-17772.0
22,MAXWAVE,50,J01,-3461.0
22,MAXWAVE,100,J01,-20500.5
22,MAXWAVE,150,J01,-45039.0
22,MAXWAVE,200,J01,-77407.5
22,MAXWAVE,250,J01,-114850.5
22,MAXWAVE,300,J01,-139854.0
22,MAXWAVE,350,J01,-183554.5
22,MAXWAVE,400,J01,-229077.5
22,MAXWAVE,450,J01,-267376.5
22,MAXWAVE,500,J01,-309486.5
22,MAXWAVE,550,J01,-341180.0
22,MAXWAVE,600,J01,-375379.0
22,MAXWAVE,650,J01,-403901.0
22,MAXWAVE,700,J01,-440936.0
22,MAXWAVE,750,J01,-476663.5
22,MAXWAVE,800,J01,-501882.0
22,MAXWAVE,850,J01,-538479.0
22,MAXWAVE,900,J01,-565761.0
22,MAXWAVE,950,J01,-593715.0
22,MAXWAVE,1000,J01,-639416.5
22,MAXWAVE,1050,J01,-675689.0
23,MAXWAVE,50,J01,-4739.0
23,MAXWAVE,100,J01,-9826.0
23,MAXWAVE,150,J01,-10021.5
23,MAXWAVE,200,J01,-15763.0
23,MAXWAVE,250,J01,-22109.0
23,MAXWAVE,300,J01,-19911.5
23,MAXWAVE,350,J01,-12649.5
23,MAXWAVE,400,J01,-8678.5
23,MAXWAVE,450,J01,-14585.5
23,MAXWAVE,500,J01,-19010.5
23,MAXWAVE,550,J01,-26142.5
23,MAXWAVE,600,J01,-29081.5
23,MAXWAVE,650,J01,-39407.5
23,MAXWAVE,700,J01,-63173.5
23,MAXWAVE,750,J01,-89474.5
23,MAXWAVE,800,J01,-40318.0
23,MAXWAVE,850,J01,-4338.5
23,MAXWAVE,900,J01,-9665.0
23,MAXWAVE,950,J01,-12086.0
23,MAXWAVE,1000,J01,-16414.5
23,MAXWAVE,1050,J01,-20715.5
24,MAXWAVE,50,J01,-4983.5
24,MAXWAVE,100,J01,-8196.0
24,MAXWAVE,150,J01,-21496.5
24,MAXWAVE,200,J01,-46646.0
24,MAXWAVE,250,J01,-70366.5
24,MAXWAVE,300,J01,-101687.0
24,MAXWAVE,350,J01,-137354.0
24,MAXWAVE,400,J01,-170212.0
24,MAXWAVE,450,J01,-222174.0
24,MAXWAVE,500,J01,-261632.0
24,MAXWAVE,550,J01,-309323.0
24,MAXWAVE,600,J01,-351447.5
24,MAXWAVE,650,J01,-375393.0
24,MAXWAVE,700,J01,-403147.5
24,MAXWAVE,750,J01,-454641.5
24,MAXWAVE,800,J01,-500426.0
24,MAXWAVE,850,J01,-538250.5
24,MAXWAVE,900,J01,-556470.5
24,MAXWAVE,950,J01,-594529.5
24,MAXWAVE,1000,J01,-634993.5
24,MAXWAVE,1050,J01,-677083.0
25,MAXWAVE,50,J01,-4498.5
25,MAXWAVE,100,J01,-8861.0
25,MAXWAVE,150,J01,-8934.0
25,MAXWAVE,200,J01,-10356.0
25,MAXWAVE,250,J01,-15794.0
25,MAXWAVE,300,J01,-21472.0
25,MAXWAVE,350,J01,-19703.0
25,MAXWAVE,400,J01,-23789.5
25,MAXWAVE,450,J01,-18762.5
25,MAXWAVE,500,J01,-24979.0
25,MAXWAVE,550,J01,-28281.5
25,MAXWAVE,600,J01,-35743.0
25,MAXWAVE,650,J01,-43890.0
25,MAXWAVE,700,J01,-71188.0
25,MAXWAVE,750,J01,-99989.0
25,MAXWAVE,800,J01,-84023.0
25,MAXWAVE,850,J01,-40701.0
25,MAXWAVE,900,J01,-6245.0
25,MAXWAVE,950,J01,-10605.0
25,MAXWAVE,1000,J01,-13760.5
25,MAXWAVE,1050,J01,-23333.5
26,MAXWAVE,50,J01,-4437.0
26,MAXWAVE,100,J01,-10282.5
26,MAXWAVE,150,J01,-17151.5
26,MAXWAVE,200,J01,-42510.5
26,MAXWAVE,250,J01,-74081.0
26,MAXWAVE,300,J01,-107622.0
26,MAXWAVE,350,J01,-145044.0
26,MAXWAVE,400,J01,-180811.5
26,MAXWAVE,450,J01,-213964.0
26,MAXWAVE,500,J01,-248620.0
26,MAXWAVE,550,J01,-298772.5
26,MAXWAVE,600,J01,-329445.5
26,MAXWAVE,650,J01,-374136.5
26,MAXWAVE,700,J01,-407780.5
26,MAXWAVE,750,J01,-441590.5
26,MAXWAVE,800,J01,-497864.5
26,MAXWAVE,850,J01,-534085.5
26,MAXWAVE,900,J01,-584886.5
26,MAXWAVE,950,J01,-597149.0
26,MAXWAVE,1000,J01,-622388.0
26,MAXWAVE,1050,J01,-669860.0
27,MAXWAVE,50,J01,-5155.5
27,MAXWAVE,100,J01,-8900.5
27,MAXWAVE,150,J01,-5874.5
27,MAXWAVE,200,J01,-19742.0
27,MAXWAVE,250,J01,-31480.5
27,MAXWAVE,300,J01,-49529.0
27,MAXWAVE,350,J01,-74667.5
27,MAXWAVE,400,J01,-115877.5
27,MAXWAVE,450,J01,-151897.5
27,MAXWAVE,500,J01,-196942.5
27,MAXWAVE,550,J01,-235075.0
27,MAXWAVE,600,J01,-285313.0
27,MAXWAVE,650,J01,-323464.0
27,MAXWAVE,700,J01,-352305.0
27,MAXWAVE,750,J01,-381438.5
27,MAXWAVE,800,J01,-418451.0
27,MAXWAVE,850,J01,-453784.5
27,MAXWAVE,900,J01,-488404.0
27,MAXWAVE,950,J01,-523562.0
27,MAXWAVE,1000,J01,-559409.5
27,MAXWAVE,1050,J01,-598159.0
28,MAXWAVE,50,J01,-3885.5
28,MAXWAVE,100,J01,-6332.0
28,MAXWAVE,150,J01,-11921.0
28,MAXWAVE,200,J01,-20986.5
28,MAXWAVE,250,J01,-22657.5
28,MAXWAVE,300,J01,-21082.5
28,MAXWAVE,350,J01,-17617.0
28,MAXWAVE,400,J01,-18958.5
28,MAXWAVE,450,J01,-25867.5
28,MAXWAVE,500,J01,-17395.0
28,MAXWAVE,550,J01,-23811.5
28,MAXWAVE,600,J01,-28176.5
28,MAXWAVE,650,J01,-38713.0
28,MAXWAVE,700,J01,-61869.5
28,MAXWAVE,750,J01,-91000.0
28,MAXWAVE,800,J01,-56146.0
28,MAXWAVE,850,J01,-1823.0
28,MAXWAVE,900,J01,-8716.0
28,MAXWAVE,950,J01,-14822.0
28,MAXWAVE,1000,J01,-16971.5
28,MAXWAVE,1050,J01,-19949.5
29,MAXWAVE,50,J01,-3781.0
29,MAXWAVE,100,J01,-7456.5
29,MAXWAVE,150,J01,-11373.0
29,MAXWAVE,200,J01,-12742.0
29,MAXWAVE,250,J01,-20379.0
29,MAXWAVE,300,J01,-23364.0
29,MAXWAVE,350,J01,-17629.5
29,MAXWAVE,400,J01,-17384.0
29,MAXWAVE,450,J01,-46469.5
29,MAXWAVE,500,J01,-71357.5
29,MAXWAVE,550,J01,-97460.0
29,MAXWAVE,600,J01,-129663.0
29,MAXWAVE,650,J01,-167730.0
29,MAXWAVE,700,J01,-226726.5
29,MAXWAVE,750,J01,-262410.5
29,MAXWAVE,800,J01,-282354.5
29,MAXWAVE,850,J01,-314972.0
29,MAXWAVE,900,J01,-344156.0
29,MAXWAVE,950,J01,-383121.5
29,MAXWAVE,1000,J01,-430651.0
29,MAXWAVE,1050,J01,-473387.5
30,MAXWAVE,50,J01,-5008.0
30,MAXWAVE,100,J01,-8511.5
30,MAXWAVE,150,J01,-15047.5
30,MAXWAVE,200,J01,-19057.0
30,MAXWAVE,250,J01,-23246.0
30,MAXWAVE,300,J01,-19716.5
30,MAXWAVE,350,J01,-25306.5
30,MAXWAVE,400,J01,-29109.5
30,MAXWAVE,450,J01,-36697.5
30,MAXWAVE,500,J01,-39929.0
30,MAXWAVE,550,J01,-46216.5
30,MAXWAVE,600,J01,-51811.5
30,MAXWAVE,650,J01,-62791.5
30,MAXWAVE,700,J01,-88028.5
30,MAXWAVE,750,J01,-68498.0
30,MAXWAVE,800,J01,-50422.0
30,MAXWAVE,850,J01,-3566.0
30,MAXWAVE,900,J01,-8695.0
30,MAXWAVE,950,J01,-12753.5
30,MAXWAVE,1000,J01,-18784.5
30,MAXWAVE,1050,J01,-19077.0
31,MAXWAVE,50,J01,-4352.5
31,MAXWAVE,100,J01,-9889.5
31,MAXWAVE,150,J01,-13819.0
31,MAXWAVE,200,J01,-13798.0
31,MAXWAVE,250,J01,-19096.0
31,MAXWAVE,300,J01,-20461.5
31,MAXWAVE,350,J01,-18642.0
31,MAXWAVE,400,J01,-14360.0
31,MAXWAVE,450,J01,-21909.0
31,MAXWAVE,500,J01,-14946.5
31,MAXWAVE,550,J01,-38602.5
31,MAXWAVE,600,J01,-71581.0
31,MAXWAVE,650,J01,-102520.0
31,MAXWAVE,700,J01,-146295.5
31,MAXWAVE,750,J01,-190054.5
31,MAXWAVE,800,J01,-218993.0
31,MAXWAVE,850,J01,-241415.5
31,MAXWAVE,900,J01,-286755.0
31,MAXWAVE,950,J01,-315249.5
31,MAXWAVE,1000,J01,-184558.0
31,MAXWAVE,1050,J01,-104026.5
32,MAXWAVE,50,J01,-4929.0
32,MAXWAVE,100,J01,-10978.0
32,MAXWAVE,150,J01,-28726.0
32,MAXWAVE,200,J01,-60992.5
32,MAXWAVE,250,J01,-95294.5
32,MAXWAVE,300,J01,-131315.0
32,MAXWAVE,350,J01,-155362.5
32,MAXWAVE,400,J01,-193208.5
32,MAXWAVE,450,J01,-233114.5
32,MAXWAVE,500,J01,-275302.0
32,MAXWAVE,550,J01,-311083.5
32,MAXWAVE,600,J01,-343442.0
32,MAXWAVE,650,J01,-378317.5
32,MAXWAVE,700,J01,-394648.5
32,MAXWAVE,750,J01,-426400.5
32,MAXWAVE,800,J01,-473522.0
32,MAXWAVE,850,J01,-512878.0
32,MAXWAVE,900,J01,-541656.5
32,MAXWAVE,950,J01,-569744.5
32,MAXWAVE,1000,J01,-615963.5
32,MAXWAVE,1050,J01,-644709.5
33,MAXWAVE,50,J01,-2243.0
33,MAXWAVE,100,J01,-6911.0
33,MAXWAVE,150,J01,-12048.0
33,MAXWAVE,200,J01,-18014.5
33,MAXWAVE,250,J01,-22717.5
33,MAXWAVE,300,J01,-28602.0
33,MAXWAVE,350,J01,-32792.5
33,MAXWAVE,400,J01,-38101.5
33,MAXWAVE,450,J01,-45685.5
33,MAXWAVE,500,J01,-49260.0
33,MAXWAVE,550,J01,-20339.5
33,MAXWAVE,600,J01,-22518.0
33,MAXWAVE,650,J01,-32855.5
33,MAXWAVE,700,J01,-55464.5
33,MAXWAVE,750,J01,-72427.0
33,MAXWAVE,800,J01,-34401.0
33,MAXWAVE,850,J01,-6612.0
33,MAXWAVE,900,J01,-15569.0
33,MAXWAVE,950,J01,-12696.5
33,MAXWAVE,1000,J01,-17723.0
33,MAXWAVE,1050,J01,-22028.0
34,MAXWAVE,50,J01,-5100.5
34,MAXWAVE,100,J01,-9186.0
34,MAXWAVE,150,J01,-15125.5
34,MAXWAVE,200,J01,-14413.0
34,MAXWAVE,250,J01,-18243.0
34,MAXWAVE,300,J01,-15483.5
34,MAXWAVE,350,J01,-16828.0
34,MAXWAVE,400,J01,-17040.5
34,MAXWAVE,450,J01,-24051.0
34,MAXWAVE,500,J01,-15271.0
34,MAXWAVE,550,J01,-21179.5
34,MAXWAVE,600,J01,-26260.5
34,MAXWAVE,650,J01,-36101.5
34,MAXWAVE,700,J01,-59242.5
34,MAXWAVE,750,J01,-72976.5
34,MAXWAVE,800,J01,-38667.5
34,MAXWAVE,850,J01,-4480.5
34,MAXWAVE,900,J01,-9357.0
34,MAXWAVE,950,J01,-13689.0
34,MAXWAVE,1000,J01,-17102.5
34,MAXWAVE,1050,J01,-19150.5
35,MAXWAVE,50,J01,-5365.0
35,MAXWAVE,100,J01,-7898.5
35,MAXWAVE,150,J01,-12025.5
35,MAXWAVE,200,J01,-18080.0
35,MAXWAVE,250,J01,-23132.0
35,MAXWAVE,300,J01,-18793.5
35,MAXWAVE,350,J01,-24306.0
35,MAXWAVE,400,J01,-16470.0
35,MAXWAVE,450,J01,-12491.0
35,MAXWAVE,500,J01,-11593.0
35,MAXWAVE,550,J01,-23934.5
35,MAXWAVE,600,J01,-47098.5
35,MAXWAVE,650,J01,-74498.0
35,MAXWAVE,700,J01,-113506.0
35,MAXWAVE,750,J01,-160261.5
35,MAXWAVE,800,J01,-185256.5
35,MAXWAVE,850,J01,-220856.0
35,MAXWAVE,900,J01,-222702.5
35,MAXWAVE,950,J01,-94543.5
35,MAXWAVE,1000,J01,-58313.5
35,MAXWAVE,1050,J01,-4177.0
36,MAXWAVE,50,J01,-3396.5
36,MAXWAVE,100,J01,-8300.5
36,MAXWAVE,150,J01,-12953.5
36,MAXWAVE,200,J01,-15208.0
36,MAXWAVE,250,J01,-22478.5
36,MAXWAVE,300,J01,-25134.0
36,MAXWAVE,350,J01,-19453.5
36,MAXWAVE,400,J01,-25501.0
36,MAXWAVE,450,J01,-20844.0
36,MAXWAVE,500,J01,-8590.5
36,MAXWAVE,550,J01,-8262.5
36,MAXWAVE,600,J01,-12352.5
36,MAXWAVE,650,J01,-21063.5
36,MAXWAVE,700,J01,-42273.5
36,MAXWAVE,750,J01,-72280.5
36,MAXWAVE,800,J01,-41788.5
36,MAXWAVE,850,J01,-4229.5
36,MAXWAVE,900,J01,-11556.5
36,MAXWAVE,950,J01,-11960.0
36,MAXWAVE,1000,J01,-15564.5
36,MAXWAVE,1050,J01,-19311.0
37,MAXWAVE,50,J01,-5911.5
37,MAXWAVE,100,J01,-5949.0
37,MAXWAVE,150,J01,-10971.0
37,MAXWAVE,200,J01,-16731.5
37,MAXWAVE,250,J01,-15539.5
37,MAXWAVE,300,J01,-11523.0
37,MAXWAVE,350,J01,-9484.0
37,MAXWAVE,400,J01,-14497.5
37,MAXWAVE,450,J01,-18404.5
37,MAXWAVE,500,J01,-14852.0
37,MAXWAVE,550,J01,-22578.0
37,MAXWAVE,600,J01,-16902.0
37,MAXWAVE,650,J01,-28884.0
37,MAXWAVE,700,J01,-51864.0
37,MAXWAVE,750,J01,-81830.5
37,MAXWAVE,800,J01,-54699.5
37,MAXWAVE,850,J01,-41202.5
37,MAXWAVE,900,J01,-2638.0
37,MAXWAVE,950,J01,-9588.5
37,MAXWAVE,1000,J01,-18293.5
37,MAXWAVE,1050,J01,-21839.5
38,MAXWAVE,50,J01,-4116.5
38,MAXWAVE,100,J01,-9442.0
38,MAXWAVE,150,J01,-9007.5
38,MAXWAVE,200,J01,-16299.5
38,MAXWAVE,250,J01,-22008.0
38,MAXWAVE,300,J01,-12761.5
38,MAXWAVE,350,J01,-14754.0
38,MAXWAVE,400,J01,-19277.0
38,MAXWAVE,450,J01,-15491.0
38,MAXWAVE,500,J01,-20229.0
38,MAXWAVE,550,J01,-26382.5
38,MAXWAVE,600,J01,-30469.5
38,MAXWAVE,650,J01,-40473.0
38,MAXWAVE,700,J01,-63370.5
38,MAXWAVE,750,J01,-94637.0
38,MAXWAVE,800,J01,-36573.5
38,MAXWAVE,850,J01,-736.0
38,MAXWAVE,900,J01,-7195.5
38,MAXWAVE,950,J01,-12858.5
38,MAXWAVE,1000,J01,-14035.5
38,MAXWAVE,1050,J01,-18213.5
39,MAXWAVE,50,J01,-5043.5
39,MAXWAVE,100,J01,-6772.5
39,MAXWAVE,150,J01,-8082.5
39,MAXWAVE,200,J01,-13087.5
39,MAXWAVE,250,J01,-30839.5
39,MAXWAVE,300,J01,-45235.5
39,MAXWAVE,350,J01,-75913.5
39,MAXWAVE,400,J01,-113903.5
39,MAXWAVE,450,J01,-147083.5
39,MAXWAVE,500,J01,-185753.5
39,MAXWAVE,550,J01,-217463.0
39,MAXWAVE,600,J01,-261534.5
39,MAXWAVE,650,J01,-319670.5
39,MAXWAVE,700,J01,-360335.5
39,MAXWAVE,750,J01,-383435.0
39,MAXWAVE,800,J01,-424337.5
39,MAXWAVE,850,J01,-476716.0
39,MAXWAVE,900,J01,-505135.0
39,MAXWAVE,950,J01,-540018.5
39,MAXWAVE,1000,J01,-584845.0
39,MAXWAVE,1050,J01,-627747.0
40,MAXWAVE,50,J01,-3848.0
40,MAXWAVE,100,J01,-6005.0
40,MAXWAVE,150,J01,-21140.5
40,MAXWAVE,200,J01,-51807.0
40,MAXWAVE,250,J01,-80308.5
40,MAXWAVE,300,J01,-105999.5
40,MAXWAVE,350,J01,-139618.0
40,MAXWAVE,400,J01,-177029.0
40,MAXWAVE,450,J01,-213831.0
40,MAXWAVE,500,J01,-251033.5
40,MAXWAVE,550,J01,-296203.5
40,MAXWAVE,600,J01,-317804.5
40,MAXWAVE,650,J01,-348615.0
40,MAXWAVE,700,J01,-378330.5
40,MAXWAVE,750,J01,-406352.0
40,MAXWAVE,800,J01,-448603.5
40,MAXWAVE,850,J01,-481499.5
40,MAXWAVE,900,J01,-513698.0
40,MAXWAVE,950,J01,-549632.5
40,MAXWAVE,1000,J01,-587216.0
40,MAXWAVE,1050,J01,-629460.5
41,MAXWAVE,50,J01,-4571.0
41,MAXWAVE,100,J01,-7554.0
41,MAXWAVE,150,J01,-13734.5
41,MAXWAVE,200,J01,-17892.0
41,MAXWAVE,250,J01,-22702.5
41,MAXWAVE,300,J01,-29582.0
41,MAXWAVE,350,J01,-34677.0
41,MAXWAVE,400,J01,-25849.5
41,MAXWAVE,450,J01,-34150.0
41,MAXWAVE,500,J01,-40409.0
41,MAXWAVE,550,J01,-44324.0
41,MAXWAVE,600,J01,-47086.0
41,MAXWAVE,650,J01,-60419.0
41,MAXWAVE,700,J01,-85740.5
41,MAXWAVE,750,J01,-118890.0
41,MAXWAVE,800,J01,-58552.5
41,MAXWAVE,850,J01,-2170.0
41,MAXWAVE,900,J01,-7417.5
41,MAXWAVE,950,J01,-16123.5
41,MAXWAVE,1000,J01,-17718.5
41,MAXWAVE,1050,J01,-21869.0
42,MAXWAVE,50,J01,-5440.5
42,MAXWAVE,100,J01,-10659.5
42,MAXWAVE,150,J01,-10005.5
42,MAXWAVE,200,J01,-20290.5
42,MAXWAVE,250,J01,-41337.0
42,MAXWAVE,300,J01,-60907.5
42,MAXWAVE,350,J01,-88347.0
42,MAXWAVE,400,J01,-114559.5
42,MAXWAVE,450,J01,-146536.0
42,MAXWAVE,500,J01,-184704.5
42,MAXWAVE,550,J01,-215696.0
42,MAXWAVE,600,J01,-273627.0
42,MAXWAVE,650,J01,-295918.0
42,MAXWAVE,700,J01,-330590.5
42,MAXWAVE,750,J01,-363787.0
42,MAXWAVE,800,J01,-411260.5
42,MAXWAVE,850,J01,-430830.5
42,MAXWAVE,900,J01,-477784.0
42,MAXWAVE,950,J01,-514754.0
42,MAXWAVE,1000,J01,-544225.5
42,MAXWAVE,1050,J01,-588022.0
43,MAXWAVE,50,J01,-1781.5
43,MAXWAVE,100,J01,-6579.0
43,MAXWAVE,150,J01,-11346.5
43,MAXWAVE,200,J01,-19145.0
43,MAXWAVE,250,J01,-16441.5
43,MAXWAVE,300,J01,-9701.0
43,MAXWAVE,350,J01,-14726.0
43,MAXWAVE,400,J01,-19388.0
43,MAXWAVE,450,J01,-18291.0
43,MAXWAVE,500,J01,-19674.5
43,MAXWAVE,550,J01,-26478.0
43,MAXWAVE,600,J01,-28670.5
43,MAXWAVE,650,J01,-39167.0
43,MAXWAVE,700,J01,-61334.5
43,MAXWAVE,750,J01,-74570.5
43,MAXWAVE,800,J01,-40969.0
43,MAXWAVE,850,J01,-2402.5
43,MAXWAVE,900,J01,-7866.0
43,MAXWAVE,950,J01,-10236.0
43,MAXWAVE,1000,J01,-13845.5
43,MAXWAVE,1050,J01,-17770.0
44,MAXWAVE,50,J01,-4603.0
44,MAXWAVE,100,J01,-7552.5
44,MAXWAVE,150,J01,-11959.0
44,MAXWAVE,200,J01,-12640.5
44,MAXWAVE,250,J01,-18089.0
44,MAXWAVE,300,J01,-15196.5
44,MAXWAVE,350,J01,-13594.5
44,MAXWAVE,400,J01,-9888.0
44,MAXWAVE,450,J01,-12832.5
44,MAXWAVE,500,J01,-5848.0
44,MAXWAVE,550,J01,-13086.0
44,MAXWAVE,600,J01,-12905.0
44,MAXWAVE,650,J01,-16682.0
44,MAXWAVE,700,J01,-13004.5
44,MAXWAVE,750,J01,-19627.5
44,MAXWAVE,800,J01,-19361.5
44,MAXWAVE,850,J01,-28722.0
44,MAXWAVE,900,J01,-21481.0
44,MAXWAVE,950,J01,-23257.0
44,MAXWAVE,1000,J01,-28629.0
44,MAXWAVE,1050,J01,-29959.5
45,MAXWAVE,50,J01,-5333.5
45,MAXWAVE,100,J01,-10481.5
45,MAXWAVE,150,J01,-17056.0
45,MAXWAVE,200,J01,-45306.5
45,MAXWAVE,250,J01,-72638.0
45,MAXWAVE,300,J01,-93746.0
45,MAXWAVE,350,J01,-127766.5
45,MAXWAVE,400,J01,-159754.0
45,MAXWAVE,450,J01,-207874.0
45,MAXWAVE,500,J01,-248476.5
45,MAXWAVE,550,J01,-287489.0
45,MAXWAVE,600,J01,-322546.0
45,MAXWAVE,650,J01,-357693.0
45,MAXWAVE,700,J01,-402168.0
45,MAXWAVE,750,J01,-425602.5
45,MAXWAVE,800,J01,-471345.0
45,MAXWAVE,850,J01,-503768.0
45,MAXWAVE,900,J01,-548917.5
45,MAXWAVE,950,J01,-582616.5
45,MAXWAVE,1000,J01,-606359.5
45,MAXWAVE,1050,J01,-645482.0
46,MAXWAVE,50,J01,-4382.5
46,MAXWAVE,100,J01,-8826.5
46,MAXWAVE,150,J01,-18703.0
46,MAXWAVE,200,J01,-44016.0
46,MAXWAVE,250,J01,-69249.0
46,MAXWAVE,300,J01,-97015.5
46,MAXWAVE,350,J01,-134189.5
46,MAXWAVE,400,J01,-177807.5
46,MAXWAVE,450,J01,-212175.0
46,MAXWAVE,500,J01,-258706.5
46,MAXWAVE,550,J01,-300589.0
46,MAXWAVE,600,J01,-333047.0
46,MAXWAVE,650,J01,-368591.5
46,MAXWAVE,700,J01,-412864.0
46,MAXWAVE,750,J01,-448123.5
46,MAXWAVE,800,J01,-475713.0
46,MAXWAVE,850,J01,-513811.0
46,MAXWAVE,900,J01,-541471.5
46,MAXWAVE,950,J01,-576741.0
46,MAXWAVE,1000,J01,-621338.5
46,MAXWAVE,1050,J01,-675651.0
47,MAXWAVE,50,J01,-2287.0
47,MAXWAVE,100,J01,-7509.5
47,MAXWAVE,150,J01,-12788.5
47,MAXWAVE,200,J01,-17206.5
47,MAXWAVE,250,J01,-15367.0
47,MAXWAVE,300,J01,-17553.5
47,MAXWAVE,350,J01,-11479.0
47,MAXWAVE,400,J01,-8208.5
47,MAXWAVE,450,J01,-5226.0
47,MAXWAVE,500,J01,-16187.5
47,MAXWAVE,550,J01,-41271.0
47,MAXWAVE,600,J01,-70651.0
47,MAXWAVE,650,J01,-106974.5
47,MAXWAVE,700,J01,-155888.0
47,MAXWAVE,750,J01,-203435.5
47,MAXWAVE,800,J01,-224031.5
47,MAXWAVE,850,J01,-262268.0
47,MAXWAVE,900,J01,-284326.5
47,MAXWAVE,950,J01,-319368.5
47,MAXWAVE,1000,J01,-341549.5
47,MAXWAVE,1050,J01,-312775.5
48,MAXWAVE,50,J01,-4142.0
48,MAXWAVE,100,J01,-9133.5
48,MAXWAVE,150,J01,-9381.5
48,MAXWAVE,200,J01,-13378.5
48,MAXWAVE,250,J01,-20205.0
48,MAXWAVE,300,J01,-26293.0
48,MAXWAVE,350,J01,-29595.5
48,MAXWAVE,400,J01,-34252.0
48,MAXWAVE,450,J01,-11699.0
48,MAXWAVE,500,J01,-9429.5
48,MAXWAVE,550,J01,-9187.0
48,MAXWAVE,600,J01,-9101.5
48,MAXWAVE,650,J01,-18547.0
48,MAXWAVE,700,J01,-41841.5
48,MAXWAVE,750,J01,-47539.5
48,MAXWAVE,800,J01,-35525.5
48,MAXWAVE,850,J01,-4920.0
48,MAXWAVE,900,J01,-11101.0
48,MAXWAVE,950,J01,-20521.0
48,MAXWAVE,1000,J01,-15234.5
48,MAXWAVE,1050,J01,-18911.5
49,MAXWAVE,50,J01,-3702.5
49,MAXWAVE,100,J01,-8115.0
49,MAXWAVE,150,J01,-12427.0
49,MAXWAVE,200,J01,-19403.5
49,MAXWAVE,250,J01,-23820.0
49,MAXWAVE,300,J01,-18779.0
49,MAXWAVE,350,J01,-24116.0
49,MAXWAVE,400,J01,-28984.5
49,MAXWAVE,450,J01,-21302.5
49,MAXWAVE,500,J01,-26831.0
49,MAXWAVE,550,J01,-31743.5
49,MAXWAVE,600,J01,-36890.5
49,MAXWAVE,650,J01,-47152.5
49,MAXWAVE,700,J01,-70240.0
49,MAXWAVE,750,J01,-96783.5
49,MAXWAVE,800,J01,-36509.0
49,MAXWAVE,850,J01,-2123.0
49,MAXWAVE,900,J01,-8290.5
49,MAXWAVE,950,J01,-13576.0
49,MAXWAVE,1000,J01,-12365.5
49,MAXWAVE,1050,J01,-16795.5
50,MAXWAVE,50,J01,-6094.0
50,MAXWAVE,100,J01,-29396.5
50,MAXWAVE,150,J01,-56316.5
50,MAXWAVE,200,J01,-86310.5
50,MAXWAVE,250,J01,-127662.5
50,MAXWAVE,300,J01,-160836.0
50,MAXWAVE,350,J01,-197660.5
50,MAXWAVE,400,J01,-227435.5
50,MAXWAVE,450,J01,-244581.5
50,MAXWAVE,500,J01,-286339.0
50,MAXWAVE,550,J01,-336874.5
50,MAXWAVE,600,J01,-381451.5
50,MAXWAVE,650,J01,-413361.0
50,MAXWAVE,700,J01,-448449.5
50,MAXWAVE,750,J01,-490293.0
50,MAXWAVE,800,J01,-501728.5
50,MAXWAVE,850,J01,-532378.5
50,MAXWAVE,900,J01,-567429.5
50,MAXWAVE,950,J01,-610345.5
50,MAXWAVE,1000,J01,-643354.5
50,MAXWAVE,1050,J01,-680634.0
51,MAXWAVE,50,J01,-2132.5
51,MAXWAVE,100,J01,-7281.5
51,MAXWAVE,150,J01,-12915.0
51,MAXWAVE,200,J01,-16691.0
51,MAXWAVE,250,J01,-21797.0
51,MAXWAVE,300,J01,-29131.5
51,MAXWAVE,350,J01,-33430.5
51,MAXWAVE,400,J01,-38636.0
51,MAXWAVE,450,J01,-44952.5
51,MAXWAVE,500,J01,-15057.0
51,MAXWAVE,550,J01,-35728.0
51,MAXWAVE,600,J01,-59207.5
51,MAXWAVE,650,J01,-96417.0
51,MAXWAVE,700,J01,-133286.0
51,MAXWAVE,750,J01,-181702.0
51,MAXWAVE,800,J01,-213387.0
51,MAXWAVE,850,J01,-248824.0
51,MAXWAVE,900,J01,-281612.5
51,MAXWAVE,950,J01,-307885.5
51,MAXWAVE,1000,J01,-232068.0
51,MAXWAVE,1050,J01,-113126.5
52,MAXWAVE,50,J01,-5363.0
52,MAXWAVE,100,J01,-8141.5
52,MAXWAVE,150,J01,-12572.0
52,MAXWAVE,200,J01,-22837.0
52,MAXWAVE,250,J01,-46488.5
52,MAXWAVE,300,J01,-79937.5
52,MAXWAVE,350,J01,-117612.5
52,MAXWAVE,400,J01,-154411.5
52,MAXWAVE,450,J01,-203379.5
52,MAXWAVE,500,J01,-237490.5
52,MAXWAVE,550,J01,-272433.0
52,MAXWAVE,600,J01,-305198.0
52,MAXWAVE,650,J01,-354743.5
52,MAXWAVE,700,J01,-388007.5
52,MAXWAVE,750,J01,-421820.5
52,MAXWAVE,800,J01,-444276.5
52,MAXWAVE,850,J01,-469502.0
52,MAXWAVE,900,J01,-513338.0
52,MAXWAVE,950,J01,-538152.5
52,MAXWAVE,1000,J01,-572594.0
52,MAXWAVE,1050,J01,-618298.5
53,MAXWAVE,50,J01,-4411.5
53,MAXWAVE,100,J01,-9468.0
53,MAXWAVE,150,J01,-9767.0
53,MAXWAVE,200,J01,-16505.0
53,MAXWAVE,250,J01,-22654.0
53,MAXWAVE,300,J01,-22447.5
53,MAXWAVE,350,J01,-20602.0
53,MAXWAVE,400,J01,-7502.5
53,MAXWAVE,450,J01,-9656.0
53,MAXWAVE,500,J01,-25480.5
53,MAXWAVE,550,J01,-61246.5
53,MAXWAVE,600,J01,-87106.0
53,MAXWAVE,650,J01,-133556.0
53,MAXWAVE,700,J01,-175067.5
53,MAXWAVE,750,J01,-211278.5
53,MAXWAVE,800,J01,-238669.5
53,MAXWAVE,850,J01,-272362.0
53,MAXWAVE,900,J01,-311048.5
53,MAXWAVE,950,J01,-345571.5
53,MAXWAVE,1000,J01,-299548.5
53,MAXWAVE,1050,J01,-233003.0
54,MAXWAVE,50,J01,-3378.0
54,MAXWAVE,100,J01,-8017.0
54,MAXWAVE,150,J01,-12722.0
54,MAXWAVE,200,J01,-18926.0
54,MAXWAVE,250,J01,-23723.0
54,MAXWAVE,300,J01,-18458.5
54,MAXWAVE,350,J01,-26374.5
54,MAXWAVE,400,J01,-14742.0
54,MAXWAVE,450,J01,-42717.5
54,MAXWAVE,500,J01,-65727.5
54,MAXWAVE,550,J01,-94149.0
54,MAXWAVE,600,J01,-136821.5
54,MAXWAVE,650,J01,-190485.5
54,MAXWAVE,700,J01,-218194.5
54,MAXWAVE,750,J01,-249864.0
54,MAXWAVE,800,J01,-283263.0
54,MAXWAVE,850,J01,-331178.0
54,MAXWAVE,900,J01,-345374.0
54,MAXWAVE,950,J01,-389926.0
54,MAXWAVE,1000,J01,-433487.0
54,MAXWAVE,1050,J01,-479955.5
55,MAXWAVE,50,J01,-4029.0
55,MAXWAVE,100,J01,-7892.0
55,MAXWAVE,150,J01,-14340.5
55,MAXWAVE,200,J01,-25520.0
55,MAXWAVE,250,J01,-18254.0
55,MAXWAVE,300,J01,-24847.0
55,MAXWAVE,350,J01,-19556.5
55,MAXWAVE,400,J01,-22941.5
55,MAXWAVE,450,J01,-21871.5
55,MAXWAVE,500,J01,-22994.5
55,MAXWAVE,550,J01,-46939.5
55,MAXWAVE,600,J01,-72333.0
55,MAXWAVE,650,J01,-111653.0
55,MAXWAVE,700,J01,-153687.5
55,MAXWAVE,750,J01,-194833.5
55,MAXWAVE,800,J01,-234492.0
55,MAXWAVE,850,J01,-265362.0
55,MAXWAVE,900,J01,-304138.0
55,MAXWAVE,950,J01,-332235.0
55,MAXWAVE,1000,J01,-356807.0
55,MAXWAVE,1050,J01,-209978.5
56,MAXWAVE,50,J01,-4550.0
56,MAXWAVE,100,J01,-10276.5
56,MAXWAVE,150,J01,-19840.0
56,MAXWAVE,200,J01,-45185.5
56,MAXWAVE,250,J01,-71934.0
56,MAXWAVE,300,J01,-108042.0
56,MAXWAVE,350,J01,-136747.5
56,MAXWAVE,400,J01,-173180.5
56,MAXWAVE,450,J01,-221984.0
56,MAXWAVE,500,J01,-266274.0
56,MAXWAVE,550,J01,-309570.5
56,MAXWAVE,600,J01,-332462.0
56,MAXWAVE,650,J01,-387772.5
56,MAXWAVE,700,J01,-429479.0
56,MAXWAVE,750,J01,-463560.5
56,MAXWAVE,800,J01,-501182.0
56,MAXWAVE,850,J01,-535227.0
56,MAXWAVE,900,J01,-575257.0
56,MAXWAVE,950,J01,-593269.0
56,MAXWAVE,1000,J01,-623208.5
56,MAXWAVE,1050,J01,-663146.5
57,MAXWAVE,50,J01,-4275.5
57,MAXWAVE,100,J01,-8120.0
57,MAXWAVE,150,J01,-12562.0
57,MAXWAVE,200,J01,-12193.5
57,MAXWAVE,250,J01,-17474.0
57,MAXWAVE,300,J01,-16842.0
57,MAXWAVE,350,J01,-22547.0
57,MAXWAVE,400,J01,-10718.5
57,MAXWAVE,450,J01,-20174.0
57,MAXWAVE,500,J01,-38978.0
57,MAXWAVE,550,J01,-71616.5
57,MAXWAVE,600,J01,-108740.5
57,MAXWAVE,650,J01,-153742.0
57,MAXWAVE,700,J01,-184655.0
57,MAXWAVE,750,J01,-214936.5
57,MAXWAVE,800,J01,-250267.5
57,MAXWAVE,850,J01,-290343.5
57,MAXWAVE,900,J01,-325503.5
57,MAXWAVE,950,J01,-357526.5
57,MAXWAVE,1000,J01,-396728.0
57,MAXWAVE,1050,J01,-436795.0
58,MAXWAVE,50,J01,-4243.0
58,MAXWAVE,100,J01,-7695.5
58,MAXWAVE,150,J01,-12493.0
58,MAXWAVE,200,J01,-19833.0
58,MAXWAVE,250,J01,-24716.5
58,MAXWAVE,300,J01,-29545.0
58,MAXWAVE,350,J01,-9769.5
58,MAXWAVE,400,J01,-14414.5
58,MAXWAVE,450,J01,-22513.0
58,MAXWAVE,500,J01,-26079.5
58,MAXWAVE,550,J01,-31118.5
58,MAXWAVE,600,J01,-37168.0
58,MAXWAVE,650,J01,-47109.0
58,MAXWAVE,700,J01,-72315.0
58,MAXWAVE,750,J01,-84897.5
58,MAXWAVE,800,J01,-38962.5
58,MAXWAVE,850,J01,-2520.5
58,MAXWAVE,900,J01,-8049.0
58,MAXWAVE,950,J01,-8824.5
58,MAXWAVE,1000,J01,-13564.0
58,MAXWAVE,1050,J01,-18933.5
59,MAXWAVE,50,J01,-3692.5
59,MAXWAVE,100,J01,-10198.5
59,MAXWAVE,150,J01,-14418.0
59,MAXWAVE,200,J01,-8836.5
59,MAXWAVE,250,J01,-9403.0
59,MAXWAVE,300,J01,-16512.0
59,MAXWAVE,350,J01,-21009.0
59,MAXWAVE,400,J01,-26580.0
59,MAXWAVE,450,J01,-19906.0
59,MAXWAVE,500,J01,-13977.5
59,MAXWAVE,550,J01,-18016.5
59,MAXWAVE,600,J01,-23532.0
59,MAXWAVE,650,J01,-27883.5
59,MAXWAVE,700,J01,-34241.0
59,MAXWAVE,750,J01,-41143.0
59,MAXWAVE,800,J01,-49843.0
59,MAXWAVE,850,J01,-38810.0
59,MAXWAVE,900,J01,-20837.5
59,MAXWAVE,950,J01,-23751.0
59,MAXWAVE,1000,J01,-27414.5
59,MAXWAVE,1050,J01,-30885.0
60,MAXWAVE,50,J01,-3325.5
60,MAXWAVE,100,J01,-8833.5
60,MAXWAVE,150,J01,-16746.5
60,MAXWAVE,200,J01,-42597.0
60,MAXWAVE,250,J01,-73902.0
60,MAXWAVE,300,J01,-99547.5
60,MAXWAVE,350,J01,-140638.0
60,MAXWAVE,400,J01,-172398.5
60,MAXWAVE,450,J01,-210503.5
60,MAXWAVE,500,J01,-257557.0
60,MAXWAVE,550,J01,-292437.5
60,MAXWAVE,600,J01,-325531.5
60,MAXWAVE,650,J01,-383229.5
60,MAXWAVE,700,J01,-417946.5
60,MAXWAVE,750,J01,-437999.5
60,MAXWAVE,800,J01,-472472.5
60,MAXWAVE,850,J01,-513164.5
60,MAXWAVE,900,J01,-542682.0
60,MAXWAVE,950,J01,-563718.0
60,MAXWAVE,1000,J01,-611459.5
60,MAXWAVE,1050,J01,-647836.5
61,MAXWAVE,50,J01,-3697.0
61,MAXWAVE,100,J01,-8355.5
61,MAXWAVE,150,J01,-18757.0
61,MAXWAVE,200,J01,-45357.0
61,MAXWAVE,250,J01,-74546.0
61,MAXWAVE,300,J01,-95341.0
61,MAXWAVE,350,J01,-143815.0
61,MAXWAVE,400,J01,-197162.5
61,MAXWAVE,450,J01,-225783.0
61,MAXWAVE,500,J01,-252464.5
61,MAXWAVE,550,J01,-284871.0
61,MAXWAVE,600,J01,-328286.0
61,MAXWAVE,650,J01,-376439.5
61,MAXWAVE,700,J01,-416965.0
61,MAXWAVE,750,J01,-446368.5
61,MAXWAVE,800,J01,-485644.0
61,MAXWAVE,850,J01,-503541.5
61,MAXWAVE,900,J01,-535715.0
61,MAXWAVE,950,J01,-566833.0
61,MAXWAVE,1000,J01,-614636.0
61,MAXWAVE,1050,J01,-666467.5
62,MAXWAVE,50,J01,-1878.5
62,MAXWAVE,100,J01,-7475.0
62,MAXWAVE,150,J01,-12027.5
62,MAXWAVE,200,J01,-13108.0
62,MAXWAVE,250,J01,-18797.0
62,MAXWAVE,300,J01,-17544.0
62,MAXWAVE,350,J01,-24173.0
62,MAXWAVE,400,J01,-27770.0
62,MAXWAVE,450,J01,-22757.5
62,MAXWAVE,500,J01,-5903.0
62,MAXWAVE,550,J01,-7799.5
62,MAXWAVE,600,J01,-11305.5
62,MAXWAVE,650,J01,-23010.5
62,MAXWAVE,700,J01,-47071.5
62,MAXWAVE,750,J01,-77314.0
62,MAXWAVE,800,J01,-55590.0
62,MAXWAVE,850,J01,-42642.5
62,MAXWAVE,900,J01,-5797.5
62,MAXWAVE,950,J01,-8369.5
62,MAXWAVE,1000,J01,-14526.0
62,MAXWAVE,1050,J01,-14678.5
63,MAXWAVE,50,J01,-4894.5
63,MAXWAVE,100,J01,-7774.0
63,MAXWAVE,150,J01,-12619.5
63,MAXWAVE,200,J01,-15760.0
63,MAXWAVE,250,J01,-19096.0
63,MAXWAVE,300,J01,-15613.5
63,MAXWAVE,350,J01,-11736.5
63,MAXWAVE,400,J01,-11146.5
63,MAXWAVE,450,J01,-14687.0
63,MAXWAVE,500,J01,-34447.5
63,MAXWAVE,550,J01,-58663.5
63,MAXWAVE,600,J01,-85894.5
63,MAXWAVE,650,J01,-119858.5
63,MAXWAVE,700,J01,-164409.5
63,MAXWAVE,750,J01,-201105.0
63,MAXWAVE,800,J01,-235363.0
63,MAXWAVE,850,J01,-265815.0
63,MAXWAVE,900,J01,-317733.0
63,MAXWAVE,950,J01,-348955.0
63,MAXWAVE,1000,J01,-385359.5
63,MAXWAVE,1050,J01,-288795.0
64,MAXWAVE,50,J01,-4843.0
64,MAXWAVE,100,J01,-7927.5
64,MAXWAVE,150,J01,-12861.0
64,MAXWAVE,200,J01,-20453.0
64,MAXWAVE,250,J01,-24017.0
64,MAXWAVE,300,J01,-29686.0
64,MAXWAVE,350,J01,-33578.5
64,MAXWAVE,400,J01,-38765.0
64,MAXWAVE,450,J01,-43944.0
64,MAXWAVE,500,J01,-34218.5
64,MAXWAVE,550,J01,-36666.5
64,MAXWAVE,600,J01,-41463.5
64,MAXWAVE,650,J01,-53192.5
64,MAXWAVE,700,J01,-80415.5
64,MAXWAVE,750,J01,-109040.0
64,MAXWAVE,800,J01,-60227.0
64,MAXWAVE,850,J01,-31573.5
64,MAXWAVE,900,J01,-4884.5
64,MAXWAVE,950,J01,-13838.0
64,MAXWAVE,1000,J01,-14419.0
64,MAXWAVE,1050,J01,-16711.5
65,MAXWAVE,50,J01,-4301.5
65,MAXWAVE,100,J01,-7685.5
65,MAXWAVE,150,J01,-12802.0
65,MAXWAVE,200,J01,-6648.5
65,MAXWAVE,250,J01,-13098.0
65,MAXWAVE,300,J01,-9626.5
65,MAXWAVE,350,J01,-16974.0
65,MAXWAVE,400,J01,-37051.5
65,MAXWAVE,450,J01,-66494.5
65,MAXWAVE,500,J01,-96184.5
65,MAXWAVE,550,J01,-127758.5
65,MAXWAVE,600,J01,-163584.0
65,MAXWAVE,650,J01,-202584.0
65,MAXWAVE,700,J01,-253708.5
65,MAXWAVE,750,J01,-281485.0
65,MAXWAVE,800,J01,-320633.5
65,MAXWAVE,850,J01,-348903.0
65,MAXWAVE,900,J01,-369179.5
65,MAXWAVE,950,J01,-402049.5
65,MAXWAVE,1000,J01,-455855.5
65,MAXWAVE,1050,J01,-501107.0
66,MAXWAVE,50,J01,-4036.5
66,MAXWAVE,100,J01,-7661.5
66,MAXWAVE,150,J01,-12735.5
66,MAXWAVE,200,J01,-16103.5
66,MAXWAVE,250,J01,-18956.5
66,MAXWAVE,300,J01,-22156.0
66,MAXWAVE,350,J01,-28531.0
66,MAXWAVE,400,J01,-33328.0
66,MAXWAVE,450,J01,-40941.0
66,MAXWAVE,500,J01,-42439.5
66,MAXWAVE,550,J01,-49367.5
66,MAXWAVE,600,J01,-53410.5
66,MAXWAVE,650,J01,-64019.0
66,MAXWAVE,700,J01,-87935.5
66,MAXWAVE,750,J01,-115968.5
66,MAXWAVE,800,J01,-56369.0
66,MAXWAVE,850,J01,-3756.0
66,MAXWAVE,900,J01,-7429.5
66,MAXWAVE,950,J01,-10503.5
66,MAXWAVE,1000,J01,-14878.5
66,MAXWAVE,1050,J01,-15669.0
67,MAXWAVE,50,J01,-3806.0
67,MAXWAVE,100,J01,-7733.5
67,MAXWAVE,150,J01,-12299.0
67,MAXWAVE,200,J01,-19450.5
67,MAXWAVE,250,J01,-22819.5
67,MAXWAVE,300,J01,-18903.0
67,MAXWAVE,350,J01,-24537.0
67,MAXWAVE,400,J01,-20304.0
67,MAXWAVE,450,J01,-15508.5
67,MAXWAVE,500,J01,-16427.5
67,MAXWAVE,550,J01,-43438.5
67,MAXWAVE,600,J01,-78238.0
67,MAXWAVE,650,J01,-113852.0
67,MAXWAVE,700,J01,-151203.5
67,MAXWAVE,750,J01,-193170.5
67,MAXWAVE,800,J01,-236776.5
67,MAXWAVE,850,J01,-253219.5
67,MAXWAVE,900,J01,-276142.0
67,MAXWAVE,950,J01,-317217.0
67,MAXWAVE,1000,J01,-342156.5
67,MAXWAVE,1050,J01,-251484.5
68,MAXWAVE,50,J01,-4821.0
68,MAXWAVE,100,J01,-10443.5
68,MAXWAVE,150,J01,-27309.0
68,MAXWAVE,200,J01,-53458.0
68,MAXWAVE,250,J01,-80552.0
68,MAXWAVE,300,J01,-116479.5
68,MAXWAVE,350,J01,-156153.0
68,MAXWAVE,400,J01,-188095.0
68,MAXWAVE,450,J01,-221326.0
68,MAXWAVE,500,J01,-251329.0
68,MAXWAVE,550,J01,-295321.5
68,MAXWAVE,600,J01,-323732.0
68,MAXWAVE,650,J01,-366527.5
68,MAXWAVE,700,J01,-403136.0
68,MAXWAVE,750,J01,-435894.5
68,MAXWAVE,800,J01,-473432.0
68,MAXWAVE,850,J01,-493740.5
68,MAXWAVE,900,J01,-499248.5
68,MAXWAVE,950,J01,-536856.5
68,MAXWAVE,1000,J01,-572572.5
68,MAXWAVE,1050,J01,-609596.5
69,MAXWAVE,50,J01,-4863.5
69,MAXWAVE,100,J01,-10079.0
69,MAXWAVE,150,J01,-9339.5
69,MAXWAVE,200,J01,-17551.5
69,MAXWAVE,250,J01,-14890.0
69,MAXWAVE,300,J01,-8178.0
69,MAXWAVE,350,J01,-12112.5
69,MAXWAVE,400,J01,-8305.5
69,MAXWAVE,450,J01,-17392.5
69,MAXWAVE,500,J01,-34465.0
69,MAXWAVE,550,J01,-56764.0
69,MAXWAVE,600,J01,-83956.5
69,MAXWAVE,650,J01,-112818.0
69,MAXWAVE,700,J01,-151601.5
69,MAXWAVE,750,J01,-186529.5
69,MAXWAVE,800,J01,-234426.5
69,MAXWAVE,850,J01,-276936.5
69,MAXWAVE,900,J01,-301327.0
69,MAXWAVE,950,J01,-325142.0
69,MAXWAVE,1000,J01,-347365.0
69,MAXWAVE,1050,J01,-319075.0
70,MAXWAVE,50,J01,-6256.5
70,MAXWAVE,100,J01,-9682.5
70,MAXWAVE,150,J01,-13923.5
70,MAXWAVE,200,J01,-21173.5
70,MAXWAVE,250,J01,-25396.0
70,MAXWAVE,300,J01,-22204.5
70,MAXWAVE,350,J01,-24958.5
70,MAXWAVE,400,J01,-29544.0
70,MAXWAVE,450,J01,-38103.0
70,MAXWAVE,500,J01,-14590.5
70,MAXWAVE,550,J01,-35231.0
70,MAXWAVE,600,J01,-58948.5
70,MAXWAVE,650,J01,-94439.5
70,MAXWAVE,700,J01,-128059.0
70,MAXWAVE,750,J01,-170860.5
70,MAXWAVE,800,J01,-208116.0
70,MAXWAVE,850,J01,-242052.0
70,MAXWAVE,900,J01,-278876.0
70,MAXWAVE,950,J01,-172508.0
70,MAXWAVE,1000,J01,-105511.5
70,MAXWAVE,1050,J01,-66321.5
71,MAXWAVE,50,J01,-3663.0
71,MAXWAVE,100,J01,-8350.0
71,MAXWAVE,150,J01,-8684.5
71,MAXWAVE,200,J01,-15880.0
71,MAXWAVE,250,J01,-12980.0
71,MAXWAVE,300,J01,-16808.0
71,MAXWAVE,350,J01,-22658.5
71,MAXWAVE,400,J01,-16258.5
71,MAXWAVE,450,J01,-16503.0
71,MAXWAVE,500,J01,-17440.5
71,MAXWAVE,550,J01,-22947.0
71,MAXWAVE,600,J01,-29758.0
71,MAXWAVE,650,J01,-39849.0
71,MAXWAVE,700,J01,-64041.5
71,MAXWAVE,750,J01,-93015.0
71,MAXWAVE,800,J01,-57201.0
71,MAXWAVE,850,J01,-967.0
71,MAXWAVE,900,J01,-6503.0
71,MAXWAVE,950,J01,-10420.5
71,MAXWAVE,1000,J01,-19495.0
71,MAXWAVE,1050,J01,-24001.0
72,MAXWAVE,50,J01,-4890.0
72,MAXWAVE,100,J01,-10493.0
72,MAXWAVE,150,J01,-9664.5
72,MAXWAVE,200,J01,-12132.5
72,MAXWAVE,250,J01,-16569.0
72,MAXWAVE,300,J01,-17673.5
72,MAXWAVE,350,J01,-11206.0
72,MAXWAVE,400,J01,-7600.5
72,MAXWAVE,450,J01,-10546.5
72,MAXWAVE,500,J01,-8328.0
72,MAXWAVE,550,J01,-36553.0
72,MAXWAVE,600,J01,-57176.0
72,MAXWAVE,650,J01,-94585.0
72,MAXWAVE,700,J01,-133267.5
72,MAXWAVE,750,J01,-182205.0
72,MAXWAVE,800,J01,-221124.0
72,MAXWAVE,850,J01,-246029.5
72,MAXWAVE,900,J01,-284627.0
72,MAXWAVE,950,J01,-324361.0
72,MAXWAVE,1000,J01,-143654.5
72,MAXWAVE,1050,J01,-70571.5
73,MAXWAVE,50,J01,-3317.5
73,MAXWAVE,100,J01,-8780.0
73,MAXWAVE,150,J01,-12611.0
73,MAXWAVE,200,J01,-19289.5
73,MAXWAVE,250,J01,-22067.0
73,MAXWAVE,300,J01,-29340.0
73,MAXWAVE,350,J01,-34657.5
73,MAXWAVE,400,J01,-38524.0
73,MAXWAVE,450,J01,-28802.5
73,MAXWAVE,500,J01,-9968.5
73,MAXWAVE,550,J01,-13106.0
73,MAXWAVE,600,J01,-17657.5
73,MAXWAVE,650,J01,-29173.0
73,MAXWAVE,700,J01,-37941.0
73,MAXWAVE,750,J01,-70971.5
73,MAXWAVE,800,J01,-58616.5
73,MAXWAVE,850,J01,-44275.0
73,MAXWAVE,900,J01,-4825.0
73,MAXWAVE,950,J01,-13778.0
73,MAXWAVE,1000,J01,-12911.0
73,MAXWAVE,1050,J01,-21432.0
74,MAXWAVE,50,J01,-3996.5
74,MAXWAVE,100,J01,-7763.5
74,MAXWAVE,150,J01,-14711.0
74,MAXWAVE,200,J01,-13213.0
74,MAXWAVE,250,J01,-17705.0
74,MAXWAVE,300,J01,-17392.5
74,MAXWAVE,350,J01,-20709.0
74,MAXWAVE,400,J01,-24935.5
74,MAXWAVE,450,J01,-20664.0
74,MAXWAVE,500,J01,-10205.5
74,MAXWAVE,550,J01,-12896.0
74,MAXWAVE,600,J01,-17410.5
74,MAXWAVE,650,J01,-26440.0
74,MAXWAVE,700,J01,-52812.0
74,MAXWAVE,750,J01,-50985.5
74,MAXWAVE,800,J01,-32892.5
74,MAXWAVE,850,J01,-5126.0
74,MAXWAVE,900,J01,-10110.0
74,MAXWAVE,950,J01,-15269.0
74,MAXWAVE,1000,J01,-18208.0
74,MAXWAVE,1050,J01,-19232.5
75,MAXWAVE,50,J01,-4097.0
75,MAXWAVE,100,J01,-8726.0
75,MAXWAVE,150,J01,-14851.0
75,MAXWAVE,200,J01,-14467.5
75,MAXWAVE,250,J01,-18858.0
75,MAXWAVE,300,J01,-23818.5
75,MAXWAVE,350,J01,-30182.5
75,MAXWAVE,400,J01,-32437.0
75,MAXWAVE,450,J01,-41023.0
75,MAXWAVE,500,J01,-12945.0
75,MAXWAVE,550,J01,-33896.0
75,MAXWAVE,600,J01,-66978.0
75,MAXWAVE,650,J01,-103387.5
75,MAXWAVE,700,J01,-140497.0
75,MAXWAVE,750,J01,-185228.5
75,MAXWAVE,800,J01,-204097.0
75,MAXWAVE,850,J01,-238433.0
75,MAXWAVE,900,J01,-281313.5
75,MAXWAVE,950,J01,-307379.5
75,MAXWAVE,1000,J01,-246005.5
75,MAXWAVE,1050,J01,-138766.5
76,MAXWAVE,50,J01,-6829.0
76,MAXWAVE,100,J01,-7846.5
76,MAXWAVE,150,J01,-11066.5
76,MAXWAVE,200,J01,-23756.5
76,MAXWAVE,250,J01,-44020.5
76,MAXWAVE,300,J01,-68475.0
76,MAXWAVE,350,J01,-95860.5
76,MAXWAVE,400,J01,-139260.5
76,MAXWAVE,450,J01,-172304.5
76,MAXWAVE,500,J01,-204733.0
76,MAXWAVE,550,J01,-246634.5
76,MAXWAVE,600,J01,-283125.5
76,MAXWAVE,650,J01,-340892.5
76,MAXWAVE,700,J01,-365070.0
76,MAXWAVE,750,J01,-390591.5
76,MAXWAVE,800,J01,-425192.5
76,MAXWAVE,850,J01,-466940.0
76,MAXWAVE,900,J01,-510888.0
76,MAXWAVE,950,J01,-527290.5
76,MAXWAVE,1000,J01,-569493.5
76,MAXWAVE,1050,J01,-598215.0
77,MAXWAVE,50,J01,-2798.0
77,MAXWAVE,100,J01,-7338.5
77,MAXWAVE,150,J01,-11952.5
77,MAXWAVE,200,J01,-17508.5
77,MAXWAVE,250,J01,-22028.5
77,MAXWAVE,300,J01,-29819.0
77,MAXWAVE,350,J01,-23573.0
77,MAXWAVE,400,J01,-26359.5
77,MAXWAVE,450,J01,-32582.0
77,MAXWAVE,500,J01,-22380.0
77,MAXWAVE,550,J01,-26019.0
77,MAXWAVE,600,J01,-31277.5
77,MAXWAVE,650,J01,-37584.5
77,MAXWAVE,700,J01,-41803.0
77,MAXWAVE,750,J01,-45608.5
77,MAXWAVE,800,J01,-53945.0
77,MAXWAVE,850,J01,-63081.0
77,MAXWAVE,900,J01,-45470.5
77,MAXWAVE,950,J01,-19170.5
77,MAXWAVE,1000,J01,-23470.0
77,MAXWAVE,1050,J01,-27799.0
78,MAXWAVE,50,J01,-4087.5
78,MAXWAVE,100,J01,-10816.0
78,MAXWAVE,150,J01,-13601.5
78,MAXWAVE,200,J01,-20711.5
78,MAXWAVE,250,J01,-25059.5
78,MAXWAVE,300,J01,-31972.0
78,MAXWAVE,350,J01,-25086.0
78,MAXWAVE,400,J01,-28905.5
78,MAXWAVE,450,J01,-9386.5
78,MAXWAVE,500,J01,-20059.0
78,MAXWAVE,550,J01,-42197.5
78,MAXWAVE,600,J01,-69334.5
78,MAXWAVE,650,J01,-110590.5
78,MAXWAVE,700,J01,-163261.5
78,MAXWAVE,750,J01,-187540.5
78,MAXWAVE,800,J01,-215251.0
78,MAXWAVE,850,J01,-244698.5
78,MAXWAVE,900,J01,-274740.5
78,MAXWAVE,950,J01,-315836.5
78,MAXWAVE,1000,J01,-266179.0
78,MAXWAVE,1050,J01,-125103.0
79,MAXWAVE,50,J01,-4037.0
79,MAXWAVE,100,J01,-9586.5
79,MAXWAVE,150,J01,-14845.5
79,MAXWAVE,200,J01,-18357.0
79,MAXWAVE,250,J01,-25436.5
79,MAXWAVE,300,J01,-30635.0
79,MAXWAVE,350,J01,-39741.0
79,MAXWAVE,400,J01,-39816.0
79,MAXWAVE,450,J01,-8375.5
79,MAXWAVE,500,J01,-22723.5
79,MAXWAVE,550,J01,-39058.5
79,MAXWAVE,600,J01,-71907.5
79,MAXWAVE,650,J01,-114672.5
79,MAXWAVE,700,J01,-155806.0
79,MAXWAVE,750,J01,-193492.5
79,MAXWAVE,800,J01,-222325.0
79,MAXWAVE,850,J01,-255121.5
79,MAXWAVE,900,J01,-285379.5
79,MAXWAVE,950,J01,-321012.0
79,MAXWAVE,1000,J01,-350028.5
79,MAXWAVE,1050,J01,-311172.0
80,MAXWAVE,50,J01,-3294.0
80,MAXWAVE,100,J01,-8959.0
80,MAXWAVE,150,J01,-13011.5
80,MAXWAVE,200,J01,-14665.5
80,MAXWAVE,250,J01,-35207.5
80,MAXWAVE,300,J01,-59833.5
80,MAXWAVE,350,J01,-85064.5
80,MAXWAVE,400,J01,-121225.0
80,MAXWAVE,450,J01,-161376.0
80,MAXWAVE,500,J01,-191724.0
80,MAXWAVE,550,J01,-229633.0
80,MAXWAVE,600,J01,-276237.0
80,MAXWAVE,650,J01,-330453.0
80,MAXWAVE,700,J01,-367462.0
80,MAXWAVE,750,J01,-395674.0
80,MAXWAVE,800,J01,-423403.0
80,MAXWAVE,850,J01,-461075.5
80,MAXWAVE,900,J01,-482343.0
80,MAXWAVE,950,J01,-532670.5
80,MAXWAVE,1000,J01,-570953.0
80,MAXWAVE,1050,J01,-611628.5
81,MAXWAVE,50,J01,-5372.0
81,MAXWAVE,100,J01,-13198.0
81,MAXWAVE,150,J01,-35049.0
81,MAXWAVE,200,J01,-63574.5
81,MAXWAVE,250,J01,-103539.0
81,MAXWAVE,300,J01,-124163.0
81,MAXWAVE,350,J01,-159013.5
81,MAXWAVE,400,J01,-187157.0
81,MAXWAVE,450,J01,-220267.5
81,MAXWAVE,500,J01,-249134.0
81,MAXWAVE,550,J01,-295456.0
81,MAXWAVE,600,J01,-322546.5
81,MAXWAVE,650,J01,-366048.0
81,MAXWAVE,700,J01,-402644.5
81,MAXWAVE,750,J01,-446742.5
81,MAXWAVE,800,J01,-476348.5
81,MAXWAVE,850,J01,-495024.5
81,MAXWAVE,900,J01,-522811.0
81,MAXWAVE,950,J01,-553891.5
81,MAXWAVE,1000,J01,-585471.0
81,MAXWAVE,1050,J01,-622713.5
82,MAXWAVE,50,J01,-3067.0
82,MAXWAVE,100,J01,-5723.0
82,MAXWAVE,150,J01,-13232.5
82,MAXWAVE,200,J01,-25482.5
82,MAXWAVE,250,J01,-47899.5
82,MAXWAVE,300,J01,-80777.0
82,MAXWAVE,350,J01,-120732.5
82,MAXWAVE,400,J01,-164526.5
82,MAXWAVE,450,J01,-195658.5
82,MAXWAVE,500,J01,-236341.5
82,MAXWAVE,550,J01,-282586.5
82,MAXWAVE,600,J01,-304963.5
82,MAXWAVE,650,J01,-358580.5
82,MAXWAVE,700,J01,-407131.0
82,MAXWAVE,750,J01,-439565.0
82,MAXWAVE,800,J01,-449550.0
82,MAXWAVE,850,J01,-475994.0
82,MAXWAVE,900,J01,-500354.0
82,MAXWAVE,950,J01,-536595.5
82,MAXWAVE,1000,J01,-577186.0
82,MAXWAVE,1050,J01,-611219.5
83,MAXWAVE,50,J01,-4334.5
83,MAXWAVE,100,J01,-8611.0
83,MAXWAVE,150,J01,-13252.0
83,MAXWAVE,200,J01,-18872.5
83,MAXWAVE,250,J01,-24149.5
83,MAXWAVE,300,J01,-28425.5
83,MAXWAVE,350,J01,-24174.0
83,MAXWAVE,400,J01,-15527.5
83,MAXWAVE,450,J01,-36299.5
83,MAXWAVE,500,J01,-65329.5
83,MAXWAVE,550,J01,-92689.0
83,MAXWAVE,600,J01,-132466.5
83,MAXWAVE,650,J01,-189363.0
83,MAXWAVE,700,J01,-218997.5
83,MAXWAVE,750,J01,-247510.0
83,MAXWAVE,800,J01,-283960.5
83,MAXWAVE,850,J01,-314694.0
83,MAXWAVE,900,J01,-343311.5
83,MAXWAVE,950,J01,-393795.5
83,MAXWAVE,1000,J01,-427550.5
83,MAXWAVE,1050,J01,-462998.0
84,MAXWAVE,50,J01,-5227.0
84,MAXWAVE,100,J01,-9605.5
84,MAXWAVE,150,J01,-6596.0
84,MAXWAVE,200,J01,-14076.0
84,MAXWAVE,250,J01,-18688.0
84,MAXWAVE,300,J01,-18100.0
84,MAXWAVE,350,J01,-16584.5
84,MAXWAVE,400,J01,-11054.0
84,MAXWAVE,450,J01,-17857.0
84,MAXWAVE,500,J01,-7597.5
84,MAXWAVE,550,J01,-8048.5
84,MAXWAVE,600,J01,-10560.5
84,MAXWAVE,650,J01,-23015.0
84,MAXWAVE,700,J01,-46533.5
84,MAXWAVE,750,J01,-77634.5
84,MAXWAVE,800,J01,-45356.5
84,MAXWAVE,850,J01,-2678.0
84,MAXWAVE,900,J01,-9393.0
84,MAXWAVE,950,J01,-11087.5
84,MAXWAVE,1000,J01,-14746.5
84,MAXWAVE,1050,J01,-18668.5
85,MAXWAVE,50,J01,-3625.5
85,MAXWAVE,100,J01,-7665.5
85,MAXWAVE,150,J01,-11867.0
85,MAXWAVE,200,J01,-11678.0
85,MAXWAVE,250,J01,-17338.5
85,MAXWAVE,300,J01,-24301.0
85,MAXWAVE,350,J01,-19398.5
85,MAXWAVE,400,J01,-13502.5
85,MAXWAVE,450,J01,-20261.5
85,MAXWAVE,500,J01,-19015.0
85,MAXWAVE,550,J01,-16997.0
85,MAXWAVE,600,J01,-10370.0
85,MAXWAVE,650,J01,-20675.5
85,MAXWAVE,700,J01,-43694.0
85,MAXWAVE,750,J01,-71831.5
85,MAXWAVE,800,J01,-42670.5
85,MAXWAVE,850,J01,-2071.5
85,MAXWAVE,900,J01,-5825.5
85,MAXWAVE,950,J01,-11696.5
85,MAXWAVE,1000,J01,-16076.5
85,MAXWAVE,1050,J01,-14812.0
86,MAXWAVE,50,J01,-4957.5
86,MAXWAVE,100,J01,-9113.0
86,MAXWAVE,150,J01,-19429.0
86,MAXWAVE,200,J01,-52480.0
86,MAXWAVE,250,J01,-81559.5
86,MAXWAVE,300,J01,-113978.5
86,MAXWAVE,350,J01,-134026.0
86,MAXWAVE,400,J01,-178545.0
86,MAXWAVE,450,J01,-236504.5
86,MAXWAVE,500,J01,-264577.0
86,MAXWAVE,550,J01,-289252.0
86,MAXWAVE,600,J01,-328829.0
86,MAXWAVE,650,J01,-385808.5
86,MAXWAVE,700,J01,-427527.5
86,MAXWAVE,750,J01,-433986.5
86,MAXWAVE,800,J01,-475465.5
86,MAXWAVE,850,J01,-531744.0
86,MAXWAVE,900,J01,-559363.5
86,MAXWAVE,950,J01,-580500.0
86,MAXWAVE,1000,J01,-618861.5
86,MAXWAVE,1050,J01,-664093.5
87,MAXWAVE,50,J01,-3130.5
87,MAXWAVE,100,J01,-7131.5
87,MAXWAVE,150,J01,-12772.5
87,MAXWAVE,200,J01,-18971.5
87,MAXWAVE,250,J01,-22936.5
87,MAXWAVE,300,J01,-29039.0
87,MAXWAVE,350,J01,-20774.5
87,MAXWAVE,400,J01,-26999.0
87,MAXWAVE,450,J01,-31873.0
87,MAXWAVE,500,J01,-13766.5
87,MAXWAVE,550,J01,-15421.0
87,MAXWAVE,600,J01,-21253.0
87,MAXWAVE,650,J01,-25672.0
87,MAXWAVE,700,J01,-32808.5
87,MAXWAVE,750,J01,-36137.0
87,MAXWAVE,800,J01,-14264.5
87,MAXWAVE,850,J01,-9010.0
87,MAXWAVE,900,J01,-15575.5
87,MAXWAVE,950,J01,-20252.0
87,MAXWAVE,1000,J01,-20781.0
87,MAXWAVE,1050,J01,-25516.0
88,MAXWAVE,50,J01,-4457.5
88,MAXWAVE,100,J01,-7997.0
88,MAXWAVE,150,J01,-12634.5
88,MAXWAVE,200,J01,-9392.5
88,MAXWAVE,250,J01,-13549.5
88,MAXWAVE,300,J01,-22590.5
88,MAXWAVE,350,J01,-25205.0
88,MAXWAVE,400,J01,-11854.5
88,MAXWAVE,450,J01,-10123.0
88,MAXWAVE,500,J01,-27485.5
88,MAXWAVE,550,J01,-52489.5
88,MAXWAVE,600,J01,-84375.5
88,MAXWAVE,650,J01,-127477.0
88,MAXWAVE,700,J01,-179990.0
88,MAXWAVE,750,J01,-221171.5
88,MAXWAVE,800,J01,-247257.5
88,MAXWAVE,850,J01,-281033.0
88,MAXWAVE,900,J01,-313810.5
88,MAXWAVE,950,J01,-348567.0
88,MAXWAVE,1000,J01,-390343.0
88,MAXWAVE,1050,J01,-285960.0
89,MAXWAVE,50,J01,-6681.0
89,MAXWAVE,100,J01,-7430.0
89,MAXWAVE,150,J01,-8819.0
89,MAXWAVE,200,J01,-17721.5
89,MAXWAVE,250,J01,-14804.0
89,MAXWAVE,300,J01,-17707.5
89,MAXWAVE,350,J01,-22113.5
89,MAXWAVE,400,J01,-25149.0
89,MAXWAVE,450,J01,-30838.0
89,MAXWAVE,500,J01,-35208.5
89,MAXWAVE,550,J01,-41469.0
89,MAXWAVE,600,J01,-46909.5
89,MAXWAVE,650,J01,-56995.0
89,MAXWAVE,700,J01,-84422.5
89,MAXWAVE,750,J01,-110371.0
89,MAXWAVE,800,J01,-52543.5
89,MAXWAVE,850,J01,-2421.5
89,MAXWAVE,900,J01,-8973.5
89,MAXWAVE,950,J01,-17784.0
89,MAXWAVE,1000,J01,-17178.5
89,MAXWAVE,1050,J01,-17925.0
90,MAXWAVE,50,J01,-5144.0
90,MAXWAVE,100,J01,-3457.0
90,MAXWAVE,150,J01,-19261.5
90,MAXWAVE,200,J01,-49026.0
90,MAXWAVE,250,J01,-80036.0
90,MAXWAVE,300,J01,-108003.5
90,MAXWAVE,350,J01,-140041.5
90,MAXWAVE,400,J01,-167385.0
90,MAXWAVE,450,J01,-208518.5
90,MAXWAVE,500,J01,-242846.0
90,MAXWAVE,550,J01,-293172.5
90,MAXWAVE,600,J01,-341805.0
90,MAXWAVE,650,J01,-381150.5
90,MAXWAVE,700,J01,-391326.0
90,MAXWAVE,750,J01,-412449.5
90,MAXWAVE,800,J01,-451796.5
90,MAXWAVE,850,J01,-490747.0
90,MAXWAVE,900,J01,-517092.0
90,MAXWAVE,950,J01,-543676.0
90,MAXWAVE,1000,J01,-593964.5
90,MAXWAVE,1050,J01,-624819.0
91,MAXWAVE,50,J01,-4342.5
91,MAXWAVE,100,J01,-7926.0
91,MAXWAVE,150,J01,-9027.0
91,MAXWAVE,200,J01,-9694.5
91,MAXWAVE,250,J01,-15125.0
91,MAXWAVE,300,J01,-19859.0
91,MAXWAVE,350,J01,-16718.5
91,MAXWAVE,400,J01,-21979.0
91,MAXWAVE,450,J01,-30246.0
91,MAXWAVE,500,J01,-35089.0
91,MAXWAVE,550,J01,-38572.5
91,MAXWAVE,600,J01,-42912.5
91,MAXWAVE,650,J01,-53189.5
91,MAXWAVE,700,J01,-38243.5
91,MAXWAVE,750,J01,-46987.5
91,MAXWAVE,800,J01,-30970.0
91,MAXWAVE,850,J01,-5275.0
91,MAXWAVE,900,J01,-13884.0
91,MAXWAVE,950,J01,-18348.0
91,MAXWAVE,1000,J01,-27298.0
91,MAXWAVE,1050,J01,-23248.5
92,MAXWAVE,50,J01,-3408.0
92,MAXWAVE,100,J01,-7787.0
92,MAXWAVE,150,J01,-12906.0
92,MAXWAVE,200,J01,-13008.0
92,MAXWAVE,250,J01,-18590.0
92,MAXWAVE,300,J01,-23393.5
92,MAXWAVE,350,J01,-29156.5
92,MAXWAVE,400,J01,-32869.0
92,MAXWAVE,450,J01,-39073.0
92,MAXWAVE,500,J01,-42959.5
92,MAXWAVE,550,J01,-47925.5
92,MAXWAVE,600,J01,-52029.5
92,MAXWAVE,650,J01,-57852.5
92,MAXWAVE,700,J01,-63516.5
92,MAXWAVE,750,J01,-67902.0
92,MAXWAVE,800,J01,-76200.5
92,MAXWAVE,850,J01,-55063.5
92,MAXWAVE,900,J01,-31257.0
92,MAXWAVE,950,J01,-32592.0
92,MAXWAVE,1000,J01,-30265.0
92,MAXWAVE,1050,J01,-26935.0
93,MAXWAVE,50,J01,-3824.0
93,MAXWAVE,100,J01,-9163.0
93,MAXWAVE,150,J01,-14420.0
93,MAXWAVE,200,J01,-20244.5
93,MAXWAVE,250,J01,-25802.5
93,MAXWAVE,300,J01,-29988.0
93,MAXWAVE,350,J01,-36424.0
93,MAXWAVE,400,J01,-39580.0
93,MAXWAVE,450,J01,-48073.5
93,MAXWAVE,500,J01,-56849.0
93,MAXWAVE,550,J01,-54852.5
93,MAXWAVE,600,J01,-60433.0
93,MAXWAVE,650,J01,-69663.0
93,MAXWAVE,700,J01,-21253.5
93,MAXWAVE,750,J01,-53266.0
93,MAXWAVE,800,J01,-35216.0
93,MAXWAVE,850,J01,-3509.0
93,MAXWAVE,900,J01,-9769.5
93,MAXWAVE,950,J01,-18364.0
93,MAXWAVE,1000,J01,-17602.0
93,MAXWAVE,1050,J01,-19593.0
94,MAXWAVE,50,J01,-3987.0
94,MAXWAVE,100,J01,-9042.5
94,MAXWAVE,150,J01,-14080.5
94,MAXWAVE,200,J01,-14480.0
94,MAXWAVE,250,J01,-19257.5
94,MAXWAVE,300,J01,-26154.5
94,MAXWAVE,350,J01,-33477.5
94,MAXWAVE,400,J01,-37690.0
94,MAXWAVE,450,J01,-43971.5
94,MAXWAVE,500,J01,-16585.0
94,MAXWAVE,550,J01,-10782.0
94,MAXWAVE,600,J01,-16019.5
94,MAXWAVE,650,J01,-26090.0
94,MAXWAVE,700,J01,-52057.5
94,MAXWAVE,750,J01,-78762.5
94,MAXWAVE,800,J01,-56523.0
94,MAXWAVE,850,J01,-32956.0
94,MAXWAVE,900,J01,-3440.0
94,MAXWAVE,950,J01,-11699.0
94,MAXWAVE,1000,J01,-17146.0
94,MAXWAVE,1050,J01,-26613.0
95,MAXWAVE,50,J01,-3156.5
95,MAXWAVE,100,J01,-8598.0
95,MAXWAVE,150,J01,-28161.5
95,MAXWAVE,200,J01,-57577.0
95,MAXWAVE,250,J01,-85683.5
95,MAXWAVE,300,J01,-118059.5
95,MAXWAVE,350,J01,-141455.5
95,MAXWAVE,400,J01,-183866.5
95,MAXWAVE,450,J01,-226578.0
95,MAXWAVE,500,J01,-258975.5
95,MAXWAVE,550,J01,-302852.0
95,MAXWAVE,600,J01,-346535.5
95,MAXWAVE,650,J01,-381255.0
95,MAXWAVE,700,J01,-429019.0
95,MAXWAVE,750,J01,-457085.0
95,MAXWAVE,800,J01,-501592.5
95,MAXWAVE,850,J01,-544230.5
95,MAXWAVE,900,J01,-578746.0
95,MAXWAVE,950,J01,-606281.0
95,MAXWAVE,1000,J01,-633318.5
95,MAXWAVE,1050,J01,-681828.0
96,MAXWAVE,50,J01,-4913.0
96,MAXWAVE,100,J01,-7544.5
96,MAXWAVE,150,J01,-20708.0
96,MAXWAVE,200,J01,-48196.0
96,MAXWAVE,250,J01,-76840.5
96,MAXWAVE,300,J01,-113763.5
96,MAXWAVE,350,J01,-155850.5
96,MAXWAVE,400,J01,-171154.0
96,MAXWAVE,450,J01,-216607.0
96,MAXWAVE,500,J01,-263035.5
96,MAXWAVE,550,J01,-300764.5
96,MAXWAVE,600,J01,-331457.5
96,MAXWAVE,650,J01,-385824.0
96,MAXWAVE,700,J01,-434909.0
96,MAXWAVE,750,J01,-450769.5
96,MAXWAVE,800,J01,-490654.5
96,MAXWAVE,850,J01,-516084.0
96,MAXWAVE,900,J01,-542297.5
96,MAXWAVE,950,J01,-569257.5
96,MAXWAVE,1000,J01,-618709.0
96,MAXWAVE,1050,J01,-657560.5
97,MAXWAVE,50,J01,-4585.0
97,MAXWAVE,100,J01,-7933.0
97,MAXWAVE,150,J01,-13370.0
97,MAXWAVE,200,J01,-18194.5
97,MAXWAVE,250,J01,-22944.0
97,MAXWAVE,300,J01,-29534.0
97,MAXWAVE,350,J01,-33458.0
97,MAXWAVE,400,J01,-6049.5
97,MAXWAVE,450,J01,-17099.0
97,MAXWAVE,500,J01,-34954.5
97,MAXWAVE,550,J01,-67231.5
97,MAXWAVE,600,J01,-91873.0
97,MAXWAVE,650,J01,-128294.0
97,MAXWAVE,700,J01,-164140.5
97,MAXWAVE,750,J01,-205505.5
97,MAXWAVE,800,J01,-242409.5
97,MAXWAVE,850,J01,-269025.5
97,MAXWAVE,900,J01,-319214.5
97,MAXWAVE,950,J01,-343115.5
97,MAXWAVE,1000,J01,-371117.0
97,MAXWAVE,1050,J01,-197358.0
98,MAXWAVE,50,J01,-4772.5
98,MAXWAVE,100,J01,-8721.5
98,MAXWAVE,150,J01,-15018.0
98,MAXWAVE,200,J01,-19945.5
98,MAXWAVE,250,J01,-24351.0
98,MAXWAVE,300,J01,-30212.5
98,MAXWAVE,350,J01,-35542.5
98,MAXWAVE,400,J01,-25433.5
98,MAXWAVE,450,J01,-19329.0
98,MAXWAVE,500,J01,-7224.0
98,MAXWAVE,550,J01,-12047.5
98,MAXWAVE,600,J01,-15803.0
98,MAXWAVE,650,J01,-27551.5
98,MAXWAVE,700,J01,-50574.5
98,MAXWAVE,750,J01,-82465.0
98,MAXWAVE,800,J01,-53202.0
98,MAXWAVE,850,J01,-1188.0
98,MAXWAVE,900,J01,-6570.0
98,MAXWAVE,950,J01,-12775.5
98,MAXWAVE,1000,J01,-12658.0
98,MAXWAVE,1050,J01,-14522.5
99,MAXWAVE,50,J01,-2820.0
99,MAXWAVE,100,J01,-7869.5
99,MAXWAVE,150,J01,-13092.0
99,MAXWAVE,200,J01,-14422.0
99,MAXWAVE,250,J01,-17795.0
99,MAXWAVE,300,J01,-23990.5
99,MAXWAVE,350,J01,-20839.5
99,MAXWAVE,400,J01,-21740.5
99,MAXWAVE,450,J01,-27420.0
99,MAXWAVE,500,J01,-21619.0
99,MAXWAVE,550,J01,-25365.5
99,MAXWAVE,600,J01,-17149.0
99,MAXWAVE,650,J01,-21690.0
99,MAXWAVE,700,J01,-27274.5
99,MAXWAVE,750,J01,-31768.5
99,MAXWAVE,800,J01,-14774.0
99,MAXWAVE,850,J01,-10460.5
99,MAXWAVE,900,J01,-17168.0
99,MAXWAVE,950,J01,-19019.5
99,MAXWAVE,1000,J01,-24544.5
99,MAXWAVE,1050,J01,-29962.0
100,MAXWAVE,50,J01,-5403.0
100,MAXWAVE,100,J01,-10084.0
100,MAXWAVE,150,J01,-13548.0
100,MAXWAVE,200,J01,-19512.5
100,MAXWAVE,250,J01,-24490.5
100,MAXWAVE,300,J01,-31113.0
100,MAXWAVE,350,J01,-36398.5
100,MAXWAVE,400,J01,-9278.5
100,MAXWAVE,450,J01,-13079.5
100,MAXWAVE,500,J01,-15789.5
100,MAXWAVE,550,J01,-22600.5
100,MAXWAVE,600,J01,-25595.0
100,MAXWAVE,650,J01,-50643.0
100,MAXWAVE,700,J01,-87351.0
100,MAXWAVE,750,J01,-96929.0
100,MAXWAVE,800,J01,-94470.5
100,MAXWAVE,850,J01,-55418.5
100,MAXWAVE,900,J01,-10420.5
100,MAXWAVE,950,J01,-12248.5
100,MAXWAVE,1000,J01,-17090.0
100,MAXWAVE,1050,J01,-17621.0
