5.0, {'J01': -0.0}, {'J01': 0}, {'J01': 0}, 
10.0, {'J01': -6.182}, {'J01': 0}, {'J01': 0}, 
15.0, {'J01': -0.0}, {'J01': 0}, {'J01': 0}, 
20.0, {'J01': -7.091}, {'J01': 1}, {'J01': 4}, 
25.0, {'J01': -4.0}, {'J01': 1}, {'J01': 4}, 
30.0, {'J01': -7.0}, {'J01': 2}, {'J01': 7}, 
35.0, {'J01': -12.091000000000001}, {'J01': 4}, {'J01': 9}, 
40.0, {'J01': -11.0}, {'J01': 3}, {'J01': 11}, 
45.0, {'J01': -22.182000000000002}, {'J01': 5}, {'J01': 16}, 
50.0, {'J01': -36.807}, {'J01': 7}, {'J01': 25}, 
55.0, {'J01': -25.358}, {'J01': 6}, {'J01': 21}, 
60.0, {'J01': -20.625}, {'J01': 3}, {'J01': 15}, 
65.0, {'J01': -23.448999999999998}, {'J01': 3}, {'J01': 16}, 
70.0, {'J01': -34.455}, {'J01': 3}, {'J01': 19}, 
75.0, {'J01': -32.272999999999996}, {'J01': 5}, {'J01': 23}, 
80.0, {'J01': -40.897999999999996}, {'J01': 6}, {'J01': 26}, 
85.0, {'J01': -41.807}, {'J01': 7}, {'J01': 30}, 
90.0, {'J01': -50.989000000000004}, {'J01': 7}, {'J01': 33}, 
95.0, {'J01': -63.262}, {'J01': 8}, {'J01': 36}, 
100.0, {'J01': -61.17700000000001}, {'J01': 7}, {'J01': 29}, 
105.0, {'J01': -52.086}, {'J01': 5}, {'J01': 23}, 
110.0, {'J01': -45.903999999999996}, {'J01': 4}, {'J01': 23}, 
115.0, {'J01': -60.092}, {'J01': 4}, {'J01': 23}, 
120.0, {'J01': -64.71100000000001}, {'J01': 6}, {'J01': 30}, 
125.0, {'J01': -61.881}, {'J01': 8}, {'J01': 37}, 
130.0, {'J01': -62.881}, {'J01': 8}, {'J01': 38}, 
135.0, {'J01': -79.955}, {'J01': 8}, {'J01': 42}, 
140.0, {'J01': -57.875}, {'J01': 8}, {'J01': 41}, 
145.0, {'J01': -71.125}, {'J01': 8}, {'J01': 43}, 
150.0, {'J01': -63.295}, {'J01': 8}, {'J01': 45}, 
155.0, {'J01': -79.193}, {'J01': 8}, {'J01': 46}, 
160.0, {'J01': -81.28399999999999}, {'J01': 8}, {'J01': 45}, 
165.0, {'J01': -91.0}, {'J01': 8}, {'J01': 46}, 
170.0, {'J01': -90.381}, {'J01': 8}, {'J01': 43}, 
175.0, {'J01': -89.67699999999999}, {'J01': 7}, {'J01': 35}, 
180.0, {'J01': -79.143}, {'J01': 5}, {'J01': 27}, 
185.0, {'J01': -52.148}, {'J01': 4}, {'J01': 26}, 
190.0, {'J01': -61.336000000000006}, {'J01': 4}, {'J01': 21}, 
195.0, {'J01': -68.60900000000001}, {'J01': 4}, {'J01': 19}, 
200.0, {'J01': -66.694}, {'J01': 4}, {'J01': 22}, 
205.0, {'J01': -91.325}, {'J01': 6}, {'J01': 33}, 
210.0, {'J01': -91.149}, {'J01': 7}, {'J01': 31}, 
215.0, {'J01': -86.24000000000001}, {'J01': 5}, {'J01': 23}, 
220.0, {'J01': -85.507}, {'J01': 5}, {'J01': 21}, 
225.0, {'J01': -21.067999999999998}, {'J01': 3}, {'J01': 16}, 
230.0, {'J01': -29.54}, {'J01': 3}, {'J01': 19}, 
235.0, {'J01': -32.449}, {'J01': 6}, {'J01': 25}, 
240.0, {'J01': -42.074}, {'J01': 8}, {'J01': 29}, 
245.0, {'J01': -34.716}, {'J01': 7}, {'J01': 26}, 
250.0, {'J01': -35.631}, {'J01': 5}, {'J01': 22}, 
255.0, {'J01': -23.091}, {'J01': 5}, {'J01': 20}, 
260.0, {'J01': -34.364000000000004}, {'J01': 5}, {'J01': 22}, 
265.0, {'J01': -35.449}, {'J01': 7}, {'J01': 28}, 
270.0, {'J01': -41.716}, {'J01': 8}, {'J01': 33}, 
275.0, {'J01': -42.335}, {'J01': 8}, {'J01': 36}, 
280.0, {'J01': -37.801}, {'J01': 7}, {'J01': 34}, 
285.0, {'J01': -47.08}, {'J01': 5}, {'J01': 26}, 
290.0, {'J01': -34.364000000000004}, {'J01': 5}, {'J01': 22}, 
295.0, {'J01': -61.711000000000006}, {'J01': 5}, {'J01': 27}, 
300.0, {'J01': -71.069}, {'J01': 7}, {'J01': 32}, 
305.0, {'J01': -57.875}, {'J01': 8}, {'J01': 41}, 
310.0, {'J01': -68.41499999999999}, {'J01': 8}, {'J01': 41}, 
315.0, {'J01': -51.96}, {'J01': 8}, {'J01': 40}, 
320.0, {'J01': -53.051}, {'J01': 8}, {'J01': 38}, 
325.0, {'J01': -61.852000000000004}, {'J01': 8}, {'J01': 43}, 
330.0, {'J01': -73.568}, {'J01': 8}, {'J01': 46}, 
335.0, {'J01': -70.744}, {'J01': 8}, {'J01': 45}, 
340.0, {'J01': -69.568}, {'J01': 9}, {'J01': 42}, 
345.0, {'J01': -71.744}, {'J01': 10}, {'J01': 46}, 
350.0, {'J01': -67.653}, {'J01': 10}, {'J01': 45}, 
355.0, {'J01': -66.92}, {'J01': 10}, {'J01': 43}, 
360.0, {'J01': -76.46}, {'J01': 11}, {'J01': 42}, 
365.0, {'J01': -88.733}, {'J01': 11}, {'J01': 45}, 
370.0, {'J01': -91.90899999999999}, {'J01': 11}, {'J01': 50}, 
375.0, {'J01': -83.636}, {'J01': 11}, {'J01': 51}, 
380.0, {'J01': -70.483}, {'J01': 8}, {'J01': 38}, 
385.0, {'J01': -47.790000000000006}, {'J01': 4}, {'J01': 26}, 
390.0, {'J01': -40.903999999999996}, {'J01': 4}, {'J01': 18}, 
395.0, {'J01': -22.625}, {'J01': 3}, {'J01': 17}, 
400.0, {'J01': -47.171}, {'J01': 3}, {'J01': 23}, 
405.0, {'J01': -54.705}, {'J01': 6}, {'J01': 28}, 
410.0, {'J01': -79.42699999999999}, {'J01': 8}, {'J01': 36}, 
415.0, {'J01': -58.233000000000004}, {'J01': 8}, {'J01': 37}, 
420.0, {'J01': -55.40899999999999}, {'J01': 8}, {'J01': 36}, 
425.0, {'J01': -62.034000000000006}, {'J01': 8}, {'J01': 37}, 
430.0, {'J01': -72.483}, {'J01': 8}, {'J01': 40}, 
435.0, {'J01': -63.301}, {'J01': 8}, {'J01': 37}, 
440.0, {'J01': -65.568}, {'J01': 8}, {'J01': 38}, 
445.0, {'J01': -64.125}, {'J01': 8}, {'J01': 36}, 
450.0, {'J01': -59.119}, {'J01': 8}, {'J01': 39}, 
455.0, {'J01': -68.926}, {'J01': 10}, {'J01': 37}, 
460.0, {'J01': -75.932}, {'J01': 10}, {'J01': 36}, 
465.0, {'J01': -90.47200000000001}, {'J01': 11}, {'J01': 40}, 
470.0, {'J01': -77.193}, {'J01': 12}, {'J01': 44}, 
475.0, {'J01': -73.102}, {'J01': 12}, {'J01': 43}, 
480.0, {'J01': -81.818}, {'J01': 12}, {'J01': 43}, 
485.0, {'J01': -89.267}, {'J01': 12}, {'J01': 43}, 
490.0, {'J01': -75.079}, {'J01': 13}, {'J01': 43}, 
495.0, {'J01': -92.886}, {'J01': 14}, {'J01': 49}, 
500.0, {'J01': -93.062}, {'J01': 15}, {'J01': 51}, 
505.0, {'J01': -86.499}, {'J01': 18}, {'J01': 53}, 
510.0, {'J01': -102.13}, {'J01': 18}, {'J01': 55}, 
515.0, {'J01': -82.056}, {'J01': 16}, {'J01': 48}, 
520.0, {'J01': -92.244}, {'J01': 15}, {'J01': 44}, 
525.0, {'J01': -85.801}, {'J01': 13}, {'J01': 37}, 
530.0, {'J01': -57.926}, {'J01': 10}, {'J01': 26}, 
535.0, {'J01': -61.841}, {'J01': 8}, {'J01': 25}, 
540.0, {'J01': -86.12}, {'J01': 6}, {'J01': 32}, 
545.0, {'J01': -74.84100000000001}, {'J01': 6}, {'J01': 38}, 
550.0, {'J01': -91.557}, {'J01': 8}, {'J01': 46}, 
555.0, {'J01': -77.756}, {'J01': 7}, {'J01': 36}, 
560.0, {'J01': -80.67699999999999}, {'J01': 5}, {'J01': 26}, 
565.0, {'J01': -77.967}, {'J01': 4}, {'J01': 24}, 
570.0, {'J01': -55.245000000000005}, {'J01': 4}, {'J01': 18}, 
575.0, {'J01': -64.43299999999999}, {'J01': 4}, {'J01': 13}, 
580.0, {'J01': -76.058}, {'J01': 4}, {'J01': 19}, 
585.0, {'J01': -74.706}, {'J01': 4}, {'J01': 14}, 
590.0, {'J01': -79.97300000000001}, {'J01': 4}, {'J01': 18}, 
595.0, {'J01': -87.149}, {'J01': 4}, {'J01': 27}, 
600.0, {'J01': -88.24000000000001}, {'J01': 4}, {'J01': 25}, 
605.0, {'J01': -36.784}, {'J01': 3}, {'J01': 23}, 
610.0, {'J01': -50.5}, {'J01': 4}, {'J01': 28}, 
615.0, {'J01': -71.03999999999999}, {'J01': 7}, {'J01': 38}, 
620.0, {'J01': -77.955}, {'J01': 8}, {'J01': 40}, 
625.0, {'J01': -68.421}, {'J01': 7}, {'J01': 33}, 
630.0, {'J01': -78.05199999999999}, {'J01': 6}, {'J01': 29}, 
635.0, {'J01': -39.784000000000006}, {'J01': 5}, {'J01': 26}, 
640.0, {'J01': -55.705}, {'J01': 5}, {'J01': 29}, 
645.0, {'J01': -78.251}, {'J01': 7}, {'J01': 33}, 
650.0, {'J01': -62.148}, {'J01': 8}, {'J01': 36}, 
655.0, {'J01': -79.87}, {'J01': 8}, {'J01': 37}, 
660.0, {'J01': -90.41}, {'J01': 8}, {'J01': 37}, 
665.0, {'J01': -77.785}, {'J01': 7}, {'J01': 30}, 
670.0, {'J01': -52.887}, {'J01': 5}, {'J01': 20}, 
675.0, {'J01': -59.336000000000006}, {'J01': 4}, {'J01': 19}, 
680.0, {'J01': -68.05199999999999}, {'J01': 4}, {'J01': 19}, 
685.0, {'J01': -80.325}, {'J01': 4}, {'J01': 22}, 
690.0, {'J01': -74.058}, {'J01': 4}, {'J01': 17}, 
695.0, {'J01': -73.058}, {'J01': 4}, {'J01': 16}, 
700.0, {'J01': -81.507}, {'J01': 4}, {'J01': 17}, 
705.0, {'J01': -81.507}, {'J01': 4}, {'J01': 17}, 
710.0, {'J01': -81.507}, {'J01': 4}, {'J01': 17}, 
715.0, {'J01': -54.069}, {'J01': 4}, {'J01': 15}, 
720.0, {'J01': -66.7}, {'J01': 4}, {'J01': 14}, 
725.0, {'J01': -77.24000000000001}, {'J01': 4}, {'J01': 14}, 
730.0, {'J01': -77.24000000000001}, {'J01': 4}, {'J01': 14}, 
735.0, {'J01': -84.507}, {'J01': 4}, {'J01': 20}, 
740.0, {'J01': -80.507}, {'J01': 4}, {'J01': 16}, 
745.0, {'J01': -83.774}, {'J01': 5}, {'J01': 18}, 
750.0, {'J01': -93.575}, {'J01': 5}, {'J01': 24}, 
755.0, {'J01': -82.774}, {'J01': 5}, {'J01': 17}, 
760.0, {'J01': -85.041}, {'J01': 6}, {'J01': 18}, 
765.0, {'J01': -85.041}, {'J01': 6}, {'J01': 18}, 
770.0, {'J01': -89.575}, {'J01': 6}, {'J01': 20}, 
775.0, {'J01': -91.84200000000001}, {'J01': 6}, {'J01': 21}, 
780.0, {'J01': -28.784}, {'J01': 4}, {'J01': 15}, 
785.0, {'J01': -28.637}, {'J01': 3}, {'J01': 7}, 
790.0, {'J01': -11.0}, {'J01': 3}, {'J01': 11}, 
795.0, {'J01': -48.17700000000001}, {'J01': 4}, {'J01': 16}, 
800.0, {'J01': -53.358999999999995}, {'J01': 4}, {'J01': 15}, 
805.0, {'J01': -52.626}, {'J01': 4}, {'J01': 13}, 
810.0, {'J01': -27.631}, {'J01': 4}, {'J01': 14}, 
815.0, {'J01': -43.262}, {'J01': 4}, {'J01': 16}, 
820.0, {'J01': -56.535000000000004}, {'J01': 4}, {'J01': 20}, 
825.0, {'J01': -47.529}, {'J01': 4}, {'J01': 19}, 
830.0, {'J01': -51.887}, {'J01': 4}, {'J01': 19}, 
835.0, {'J01': -65.342}, {'J01': 4}, {'J01': 17}, 
840.0, {'J01': -57.16}, {'J01': 4}, {'J01': 15}, 
845.0, {'J01': -60.251}, {'J01': 4}, {'J01': 15}, 
850.0, {'J01': -62.694}, {'J01': 4}, {'J01': 18}, 
855.0, {'J01': -69.7}, {'J01': 4}, {'J01': 17}, 
860.0, {'J01': -29.074}, {'J01': 3}, {'J01': 16}, 
865.0, {'J01': -44.262}, {'J01': 3}, {'J01': 17}, 
870.0, {'J01': -55.444}, {'J01': 4}, {'J01': 22}, 
875.0, {'J01': -72.342}, {'J01': 5}, {'J01': 24}, 
880.0, {'J01': -89.706}, {'J01': 6}, {'J01': 29}, 
885.0, {'J01': -82.43299999999999}, {'J01': 7}, {'J01': 31}, 
890.0, {'J01': -86.524}, {'J01': 7}, {'J01': 32}, 
895.0, {'J01': -90.97300000000001}, {'J01': 7}, {'J01': 29}, 
900.0, {'J01': -97.774}, {'J01': 7}, {'J01': 32}, 
905.0, {'J01': -62.415}, {'J01': 7}, {'J01': 35}, 
910.0, {'J01': -81.404}, {'J01': 8}, {'J01': 36}, 
915.0, {'J01': -90.47800000000001}, {'J01': 6}, {'J01': 32}, 
920.0, {'J01': -88.211}, {'J01': 5}, {'J01': 31}, 
925.0, {'J01': -110.376}, {'J01': 6}, {'J01': 37}, 
930.0, {'J01': -114.376}, {'J01': 6}, {'J01': 41}, 
935.0, {'J01': -109.84200000000001}, {'J01': 7}, {'J01': 39}, 
940.0, {'J01': -94.126}, {'J01': 6}, {'J01': 32}, 
945.0, {'J01': -51.40899999999999}, {'J01': 6}, {'J01': 32}, 
950.0, {'J01': -59.766999999999996}, {'J01': 7}, {'J01': 36}, 
955.0, {'J01': -42.25}, {'J01': 8}, {'J01': 31}, 
960.0, {'J01': -56.057}, {'J01': 8}, {'J01': 33}, 
965.0, {'J01': -63.415}, {'J01': 8}, {'J01': 36}, 
970.0, {'J01': -76.398}, {'J01': 8}, {'J01': 39}, 
975.0, {'J01': -69.568}, {'J01': 8}, {'J01': 42}, 
980.0, {'J01': -59.681999999999995}, {'J01': 7}, {'J01': 31}, 
985.0, {'J01': -61.772999999999996}, {'J01': 6}, {'J01': 30}, 
990.0, {'J01': -70.307}, {'J01': 6}, {'J01': 36}, 
995.0, {'J01': -55.506}, {'J01': 4}, {'J01': 25}, 
1000.0, {'J01': -51.506}, {'J01': 4}, {'J01': 21}, 
1005.0, {'J01': -16.534}, {'J01': 3}, {'J01': 14}, 
1010.0, {'J01': -32.159}, {'J01': 3}, {'J01': 24}, 
1015.0, {'J01': -55.233000000000004}, {'J01': 6}, {'J01': 34}, 
1020.0, {'J01': -55.96600000000001}, {'J01': 8}, {'J01': 36}, 
1025.0, {'J01': -43.517}, {'J01': 7}, {'J01': 31}, 
1030.0, {'J01': -34.983000000000004}, {'J01': 6}, {'J01': 25}, 
1035.0, {'J01': -29.448999999999998}, {'J01': 6}, {'J01': 22}, 
1040.0, {'J01': -32.449}, {'J01': 6}, {'J01': 25}, 
1045.0, {'J01': -31.182000000000002}, {'J01': 7}, {'J01': 25}, 
1050.0, {'J01': -35.182}, {'J01': 8}, {'J01': 29}, 
1055.0, {'J01': -46.807}, {'J01': 8}, {'J01': 35}, 
1060.0, {'J01': -61.171}, {'J01': 8}, {'J01': 37}, 
1065.0, {'J01': -41.449000000000005}, {'J01': 8}, {'J01': 34}, 
1070.0, {'J01': -55.08}, {'J01': 8}, {'J01': 34}, 
1075.0, {'J01': -55.347}, {'J01': 8}, {'J01': 33}, 
1080.0, {'J01': -55.614}, {'J01': 8}, {'J01': 32}, 
1085.0, {'J01': -56.614}, {'J01': 8}, {'J01': 33}, 
1090.0, {'J01': -50.171}, {'J01': 7}, {'J01': 26}, 
1095.0, {'J01': -52.438}, {'J01': 7}, {'J01': 27}, 
1100.0, {'J01': -56.796}, {'J01': 7}, {'J01': 27}, 
1105.0, {'J01': -61.239000000000004}, {'J01': 7}, {'J01': 32}, 
1110.0, {'J01': -49.340999999999994}, {'J01': 8}, {'J01': 35}, 
1115.0, {'J01': -64.324}, {'J01': 8}, {'J01': 40}, 
1120.0, {'J01': -66.591}, {'J01': 8}, {'J01': 41}, 
1125.0, {'J01': -70.069}, {'J01': 6}, {'J01': 31}, 
1130.0, {'J01': -67.893}, {'J01': 6}, {'J01': 27}, 
1135.0, {'J01': -60.626}, {'J01': 5}, {'J01': 21}, 
1140.0, {'J01': -79.61500000000001}, {'J01': 4}, {'J01': 22}, 
1145.0, {'J01': -35.631}, {'J01': 4}, {'J01': 22}, 
1150.0, {'J01': -54.995000000000005}, {'J01': 7}, {'J01': 29}, 
1155.0, {'J01': -66.62}, {'J01': 8}, {'J01': 35}, 
1160.0, {'J01': -66.62}, {'J01': 8}, {'J01': 35}, 
1165.0, {'J01': -42.983000000000004}, {'J01': 8}, {'J01': 33}, 
1170.0, {'J01': -45.074}, {'J01': 8}, {'J01': 32}, 
1175.0, {'J01': -51.256}, {'J01': 8}, {'J01': 32}, 
1180.0, {'J01': -47.340999999999994}, {'J01': 8}, {'J01': 33}, 
1185.0, {'J01': -46.340999999999994}, {'J01': 8}, {'J01': 32}, 
1190.0, {'J01': -59.972}, {'J01': 8}, {'J01': 32}, 
1195.0, {'J01': -75.04599999999999}, {'J01': 8}, {'J01': 34}, 
1200.0, {'J01': -69.60300000000001}, {'J01': 7}, {'J01': 28}, 
1205.0, {'J01': -32.25}, {'J01': 6}, {'J01': 21}, 
1210.0, {'J01': -55.887}, {'J01': 6}, {'J01': 23}, 
1215.0, {'J01': -73.518}, {'J01': 7}, {'J01': 27}, 
1220.0, {'J01': -58.881}, {'J01': 8}, {'J01': 34}, 
1225.0, {'J01': -38.068}, {'J01': 8}, {'J01': 33}, 
1230.0, {'J01': -39.159}, {'J01': 8}, {'J01': 31}, 
1235.0, {'J01': -50.141999999999996}, {'J01': 8}, {'J01': 32}, 
1240.0, {'J01': -53.40899999999999}, {'J01': 8}, {'J01': 34}, 
1245.0, {'J01': -50.318}, {'J01': 8}, {'J01': 34}, 
1250.0, {'J01': -49.67}, {'J01': 8}, {'J01': 37}, 
1255.0, {'J01': -45.340999999999994}, {'J01': 7}, {'J01': 31}, 
1260.0, {'J01': -42.340999999999994}, {'J01': 6}, {'J01': 28}, 
1265.0, {'J01': -29.892000000000003}, {'J01': 5}, {'J01': 23}, 
1270.0, {'J01': -32.807}, {'J01': 4}, {'J01': 21}, 
1275.0, {'J01': -35.165000000000006}, {'J01': 4}, {'J01': 19}, 
1280.0, {'J01': -35.347}, {'J01': 4}, {'J01': 13}, 
1285.0, {'J01': -29.898}, {'J01': 3}, {'J01': 15}, 
1290.0, {'J01': -46.347}, {'J01': 4}, {'J01': 24}, 
1295.0, {'J01': -55.96600000000001}, {'J01': 7}, {'J01': 36}, 
1300.0, {'J01': -52.693000000000005}, {'J01': 8}, {'J01': 42}, 
1305.0, {'J01': -68.239}, {'J01': 8}, {'J01': 39}, 
1310.0, {'J01': -78.04599999999999}, {'J01': 8}, {'J01': 37}, 
1315.0, {'J01': -77.955}, {'J01': 8}, {'J01': 40}, 
1320.0, {'J01': -79.779}, {'J01': 8}, {'J01': 40}, 
1325.0, {'J01': -59.233000000000004}, {'J01': 8}, {'J01': 38}, 
1330.0, {'J01': -56.057}, {'J01': 8}, {'J01': 33}, 
1335.0, {'J01': -39.897999999999996}, {'J01': 7}, {'J01': 25}, 
1340.0, {'J01': -54.438}, {'J01': 7}, {'J01': 29}, 
1345.0, {'J01': -49.256}, {'J01': 7}, {'J01': 30}, 
1350.0, {'J01': -51.432}, {'J01': 8}, {'J01': 34}, 
1355.0, {'J01': -61.353}, {'J01': 8}, {'J01': 31}, 
1360.0, {'J01': -50.08}, {'J01': 8}, {'J01': 29}, 
1365.0, {'J01': -58.881}, {'J01': 8}, {'J01': 34}, 
1370.0, {'J01': -54.256}, {'J01': 8}, {'J01': 35}, 
1375.0, {'J01': -52.608000000000004}, {'J01': 8}, {'J01': 37}, 
1380.0, {'J01': -50.517}, {'J01': 8}, {'J01': 38}, 
1385.0, {'J01': -55.614}, {'J01': 7}, {'J01': 32}, 
1390.0, {'J01': -76.42699999999999}, {'J01': 7}, {'J01': 33}, 
1395.0, {'J01': -79.694}, {'J01': 7}, {'J01': 35}, 
1400.0, {'J01': -47.784000000000006}, {'J01': 8}, {'J01': 34}, 
1405.0, {'J01': -92.67699999999999}, {'J01': 8}, {'J01': 38}, 
1410.0, {'J01': -105.21700000000001}, {'J01': 8}, {'J01': 40}, 
1415.0, {'J01': -58.5}, {'J01': 8}, {'J01': 36}, 
1420.0, {'J01': -81.404}, {'J01': 8}, {'J01': 36}, 
1425.0, {'J01': -93.85300000000001}, {'J01': 8}, {'J01': 41}, 
1430.0, {'J01': -75.87}, {'J01': 7}, {'J01': 33}, 
1435.0, {'J01': -68.251}, {'J01': 6}, {'J01': 23}, 
1440.0, {'J01': -61.808}, {'J01': 4}, {'J01': 16}, 
1445.0, {'J01': -63.899}, {'J01': 4}, {'J01': 15}, 
1450.0, {'J01': -72.166}, {'J01': 4}, {'J01': 22}, 
1455.0, {'J01': -80.7}, {'J01': 6}, {'J01': 28}, 
1460.0, {'J01': -77.87}, {'J01': 8}, {'J01': 35}, 
1465.0, {'J01': -97.035}, {'J01': 8}, {'J01': 38}, 
1470.0, {'J01': -108.575}, {'J01': 8}, {'J01': 39}, 
1475.0, {'J01': -42.869}, {'J01': 8}, {'J01': 34}, 
1480.0, {'J01': -69.688}, {'J01': 8}, {'J01': 33}, 
1485.0, {'J01': -74.04599999999999}, {'J01': 8}, {'J01': 33}, 
1490.0, {'J01': -79.05199999999999}, {'J01': 7}, {'J01': 30}, 
1495.0, {'J01': -64.16}, {'J01': 6}, {'J01': 22}, 
1500.0, {'J01': -66.166}, {'J01': 4}, {'J01': 16}, 
1505.0, {'J01': -53.893}, {'J01': 4}, {'J01': 13}, 
1510.0, {'J01': -58.075}, {'J01': 4}, {'J01': 11}, 
1515.0, {'J01': -46.444}, {'J01': 4}, {'J01': 13}, 
1520.0, {'J01': -70.166}, {'J01': 4}, {'J01': 20}, 
1525.0, {'J01': -83.791}, {'J01': 6}, {'J01': 28}, 
1530.0, {'J01': -84.05199999999999}, {'J01': 8}, {'J01': 35}, 
1535.0, {'J01': -80.876}, {'J01': 7}, {'J01': 30}, 
1540.0, {'J01': -70.694}, {'J01': 6}, {'J01': 26}, 
1545.0, {'J01': -45.08}, {'J01': 6}, {'J01': 24}, 
1550.0, {'J01': -60.887}, {'J01': 7}, {'J01': 28}, 
1555.0, {'J01': -54.790000000000006}, {'J01': 8}, {'J01': 33}, 
1560.0, {'J01': -62.415}, {'J01': 8}, {'J01': 35}, 
1565.0, {'J01': -73.955}, {'J01': 8}, {'J01': 36}, 
1570.0, {'J01': -67.949}, {'J01': 8}, {'J01': 38}, 
1575.0, {'J01': -51.318}, {'J01': 8}, {'J01': 35}, 
1580.0, {'J01': -68.125}, {'J01': 8}, {'J01': 40}, 
1585.0, {'J01': -52.141999999999996}, {'J01': 8}, {'J01': 34}, 
1590.0, {'J01': -61.858000000000004}, {'J01': 8}, {'J01': 35}, 
1595.0, {'J01': -65.949}, {'J01': 8}, {'J01': 36}, 
1600.0, {'J01': -56.852000000000004}, {'J01': 8}, {'J01': 38}, 
1605.0, {'J01': -72.307}, {'J01': 8}, {'J01': 38}, 
1610.0, {'J01': -46.051}, {'J01': 7}, {'J01': 31}, 
1615.0, {'J01': -51.972}, {'J01': 6}, {'J01': 24}, 
1620.0, {'J01': -52.972}, {'J01': 6}, {'J01': 25}, 
1625.0, {'J01': -77.87}, {'J01': 7}, {'J01': 35}, 
1630.0, {'J01': -87.23400000000001}, {'J01': 8}, {'J01': 32}, 
1635.0, {'J01': -49.790000000000006}, {'J01': 7}, {'J01': 28}, 
1640.0, {'J01': -47.262}, {'J01': 6}, {'J01': 20}, 
1645.0, {'J01': -57.717}, {'J01': 4}, {'J01': 15}, 
1650.0, {'J01': -10.0}, {'J01': 3}, {'J01': 10}, 
1655.0, {'J01': -28.364}, {'J01': 3}, {'J01': 16}, 
1660.0, {'J01': -44.256}, {'J01': 5}, {'J01': 25}, 
1665.0, {'J01': -55.522999999999996}, {'J01': 8}, {'J01': 35}, 
1670.0, {'J01': -68.887}, {'J01': 8}, {'J01': 36}, 
1675.0, {'J01': -76.33600000000001}, {'J01': 8}, {'J01': 36}, 
1680.0, {'J01': -50.517}, {'J01': 8}, {'J01': 38}, 
1685.0, {'J01': -61.972}, {'J01': 8}, {'J01': 34}, 
1690.0, {'J01': -58.790000000000006}, {'J01': 8}, {'J01': 37}, 
1695.0, {'J01': -62.881}, {'J01': 8}, {'J01': 38}, 
1700.0, {'J01': -62.057}, {'J01': 8}, {'J01': 39}, 
1705.0, {'J01': -74.802}, {'J01': 8}, {'J01': 37}, 
1710.0, {'J01': -74.802}, {'J01': 8}, {'J01': 37}, 
1715.0, {'J01': -68.62}, {'J01': 8}, {'J01': 37}, 
1720.0, {'J01': -59.171}, {'J01': 8}, {'J01': 35}, 
1725.0, {'J01': -55.819}, {'J01': 7}, {'J01': 28}, 
1730.0, {'J01': -58.086}, {'J01': 7}, {'J01': 29}, 
1735.0, {'J01': -66.71100000000001}, {'J01': 7}, {'J01': 32}, 
1740.0, {'J01': -61.353}, {'J01': 8}, {'J01': 31}, 
1745.0, {'J01': -71.893}, {'J01': 8}, {'J01': 31}, 
1750.0, {'J01': -63.154}, {'J01': 7}, {'J01': 29}, 
1755.0, {'J01': -81.882}, {'J01': 5}, {'J01': 23}, 
1760.0, {'J01': -82.24000000000001}, {'J01': 4}, {'J01': 19}, 
1765.0, {'J01': -39.347}, {'J01': 3}, {'J01': 17}, 
1770.0, {'J01': -61.80200000000001}, {'J01': 3}, {'J01': 24}, 
1775.0, {'J01': -54.438}, {'J01': 6}, {'J01': 29}, 
1780.0, {'J01': -63.796}, {'J01': 8}, {'J01': 34}, 
1785.0, {'J01': -72.59700000000001}, {'J01': 8}, {'J01': 39}, 
1790.0, {'J01': -62.5}, {'J01': 8}, {'J01': 40}, 
1795.0, {'J01': -66.97200000000001}, {'J01': 8}, {'J01': 39}, 
1800.0, {'J01': -86.785}, {'J01': 8}, {'J01': 39}, 
1805.0, {'J01': -71.506}, {'J01': 8}, {'J01': 41}, 
1810.0, {'J01': -77.864}, {'J01': 8}, {'J01': 43}, 
1815.0, {'J01': -72.864}, {'J01': 8}, {'J01': 38}, 
1820.0, {'J01': -68.131}, {'J01': 7}, {'J01': 32}, 
1825.0, {'J01': -44.875}, {'J01': 6}, {'J01': 28}, 
1830.0, {'J01': -40.693000000000005}, {'J01': 6}, {'J01': 30}, 
1835.0, {'J01': -52.141999999999996}, {'J01': 7}, {'J01': 34}, 
1840.0, {'J01': -57.943}, {'J01': 8}, {'J01': 36}, 
1845.0, {'J01': -62.125}, {'J01': 7}, {'J01': 34}, 
1850.0, {'J01': -47.227}, {'J01': 7}, {'J01': 34}, 
1855.0, {'J01': -49.227}, {'J01': 8}, {'J01': 36}, 
1860.0, {'J01': -58.676}, {'J01': 8}, {'J01': 38}, 
1865.0, {'J01': -52.5}, {'J01': 7}, {'J01': 30}, 
1870.0, {'J01': -41.784000000000006}, {'J01': 6}, {'J01': 28}, 
1875.0, {'J01': -51.790000000000006}, {'J01': 6}, {'J01': 30}, 
1880.0, {'J01': -63.881}, {'J01': 6}, {'J01': 39}, 
1885.0, {'J01': -76.33000000000001}, {'J01': 8}, {'J01': 44}, 
1890.0, {'J01': -64.529}, {'J01': 7}, {'J01': 36}, 
1895.0, {'J01': -53.432}, {'J01': 7}, {'J01': 36}, 
1900.0, {'J01': -65.79599999999999}, {'J01': 7}, {'J01': 36}, 
1905.0, {'J01': -83.87}, {'J01': 7}, {'J01': 41}, 
1910.0, {'J01': -55.96}, {'J01': 8}, {'J01': 44}, 
1915.0, {'J01': -66.676}, {'J01': 8}, {'J01': 46}, 
1920.0, {'J01': -77.301}, {'J01': 8}, {'J01': 51}, 
1925.0, {'J01': -88.108}, {'J01': 9}, {'J01': 50}, 
1930.0, {'J01': -76.011}, {'J01': 9}, {'J01': 49}, 
1935.0, {'J01': -72.568}, {'J01': 9}, {'J01': 45}, 
1940.0, {'J01': -81.84100000000001}, {'J01': 10}, {'J01': 45}, 
1945.0, {'J01': -90.29}, {'J01': 10}, {'J01': 46}, 
1950.0, {'J01': -92.557}, {'J01': 10}, {'J01': 47}, 
1955.0, {'J01': -84.19900000000001}, {'J01': 10}, {'J01': 43}, 
1960.0, {'J01': -83.762}, {'J01': 8}, {'J01': 34}, 
1965.0, {'J01': -88.12}, {'J01': 7}, {'J01': 34}, 
1970.0, {'J01': -82.671}, {'J01': 7}, {'J01': 36}, 
1975.0, {'J01': -99.47800000000001}, {'J01': 9}, {'J01': 41}, 
1980.0, {'J01': -106.279}, {'J01': 10}, {'J01': 44}, 
1985.0, {'J01': -111.637}, {'J01': 10}, {'J01': 45}, 
1990.0, {'J01': -95.92099999999999}, {'J01': 8}, {'J01': 38}, 
1995.0, {'J01': -86.126}, {'J01': 4}, {'J01': 24}, 
2000.0, {'J01': -86.126}, {'J01': 4}, {'J01': 24}, 
2005.0, {'J01': -98.575}, {'J01': 4}, {'J01': 29}, 
2010.0, {'J01': -102.575}, {'J01': 5}, {'J01': 33}, 
2015.0, {'J01': -100.041}, {'J01': 7}, {'J01': 33}, 
2020.0, {'J01': -42.699}, {'J01': 6}, {'J01': 24}, 
2025.0, {'J01': -50.614}, {'J01': 6}, {'J01': 27}, 
2030.0, {'J01': -60.796}, {'J01': 7}, {'J01': 31}, 
2035.0, {'J01': -34.625}, {'J01': 8}, {'J01': 29}, 
2040.0, {'J01': -50.08}, {'J01': 8}, {'J01': 29}, 
2045.0, {'J01': -36.983000000000004}, {'J01': 8}, {'J01': 27}, 
2050.0, {'J01': -40.25}, {'J01': 8}, {'J01': 29}, 
2055.0, {'J01': -49.995000000000005}, {'J01': 7}, {'J01': 24}, 
2060.0, {'J01': -45.813}, {'J01': 7}, {'J01': 26}, 
2065.0, {'J01': -61.17700000000001}, {'J01': 7}, {'J01': 29}, 
2070.0, {'J01': -84.257}, {'J01': 7}, {'J01': 31}, 
2075.0, {'J01': -74.717}, {'J01': 8}, {'J01': 32}, 
2080.0, {'J01': -78.98400000000001}, {'J01': 8}, {'J01': 35}, 
2085.0, {'J01': -51.074}, {'J01': 8}, {'J01': 38}, 
2090.0, {'J01': -51.165000000000006}, {'J01': 8}, {'J01': 35}, 
2095.0, {'J01': -53.08}, {'J01': 8}, {'J01': 32}, 
2100.0, {'J01': -60.438}, {'J01': 8}, {'J01': 35}, 
2105.0, {'J01': -57.614}, {'J01': 8}, {'J01': 34}, 
2110.0, {'J01': -62.796}, {'J01': 7}, {'J01': 33}, 
2115.0, {'J01': -49.608000000000004}, {'J01': 7}, {'J01': 34}, 
2120.0, {'J01': -48.256}, {'J01': 7}, {'J01': 29}, 
2125.0, {'J01': -37.25}, {'J01': 7}, {'J01': 26}, 
2130.0, {'J01': -61.330000000000005}, {'J01': 7}, {'J01': 29}, 
2135.0, {'J01': -67.59700000000001}, {'J01': 7}, {'J01': 34}, 
2140.0, {'J01': -45.96}, {'J01': 8}, {'J01': 34}, 
2145.0, {'J01': -56.233000000000004}, {'J01': 8}, {'J01': 35}, 
2150.0, {'J01': -41.340999999999994}, {'J01': 7}, {'J01': 27}, 
2155.0, {'J01': -43.432}, {'J01': 7}, {'J01': 26}, 
2160.0, {'J01': -60.887}, {'J01': 7}, {'J01': 28}, 
2165.0, {'J01': -60.239000000000004}, {'J01': 7}, {'J01': 31}, 
2170.0, {'J01': -47.522999999999996}, {'J01': 7}, {'J01': 27}, 
2175.0, {'J01': -31.892000000000003}, {'J01': 7}, {'J01': 25}, 
2180.0, {'J01': -51.790000000000006}, {'J01': 7}, {'J01': 30}, 
2185.0, {'J01': -62.506}, {'J01': 7}, {'J01': 32}, 
2190.0, {'J01': -69.949}, {'J01': 8}, {'J01': 40}, 
2195.0, {'J01': -73.131}, {'J01': 7}, {'J01': 37}, 
2200.0, {'J01': -54.40899999999999}, {'J01': 7}, {'J01': 35}, 
2205.0, {'J01': -72.22200000000001}, {'J01': 7}, {'J01': 33}, 
2210.0, {'J01': -52.5}, {'J01': 7}, {'J01': 30}, 
2215.0, {'J01': -56.057}, {'J01': 8}, {'J01': 33}, 
2220.0, {'J01': -45.608000000000004}, {'J01': 8}, {'J01': 30}, 
2225.0, {'J01': -46.256}, {'J01': 6}, {'J01': 27}, 
2230.0, {'J01': -40.813}, {'J01': 4}, {'J01': 21}, 
2235.0, {'J01': -35.813}, {'J01': 4}, {'J01': 16}, 
2240.0, {'J01': -31.898}, {'J01': 4}, {'J01': 17}, 
2245.0, {'J01': -45.171}, {'J01': 4}, {'J01': 21}, 
2250.0, {'J01': -59.620000000000005}, {'J01': 7}, {'J01': 28}, 
2255.0, {'J01': -72.069}, {'J01': 8}, {'J01': 33}, 
2260.0, {'J01': -63.535000000000004}, {'J01': 7}, {'J01': 27}, 
2265.0, {'J01': -54.796}, {'J01': 6}, {'J01': 25}, 
2270.0, {'J01': -48.796}, {'J01': 4}, {'J01': 19}, 
2275.0, {'J01': -40.705}, {'J01': 4}, {'J01': 14}, 
2280.0, {'J01': -42.887}, {'J01': 4}, {'J01': 10}, 
2285.0, {'J01': -46.978}, {'J01': 4}, {'J01': 11}, 
2290.0, {'J01': -55.336000000000006}, {'J01': 4}, {'J01': 15}, 
2295.0, {'J01': -61.433}, {'J01': 4}, {'J01': 10}, 
2300.0, {'J01': -36.171}, {'J01': 3}, {'J01': 12}, 
2305.0, {'J01': -47.262}, {'J01': 3}, {'J01': 20}, 
2310.0, {'J01': -50.438}, {'J01': 5}, {'J01': 25}, 
2315.0, {'J01': -57.972}, {'J01': 6}, {'J01': 30}, 
2320.0, {'J01': -72.33600000000001}, {'J01': 7}, {'J01': 32}, 
2325.0, {'J01': -68.069}, {'J01': 7}, {'J01': 29}, 
2330.0, {'J01': -53.705}, {'J01': 7}, {'J01': 27}, 
2335.0, {'J01': -28.801000000000002}, {'J01': 7}, {'J01': 25}, 
2340.0, {'J01': -44.340999999999994}, {'J01': 8}, {'J01': 30}, 
2345.0, {'J01': -43.432}, {'J01': 8}, {'J01': 26}, 
2350.0, {'J01': -48.705}, {'J01': 6}, {'J01': 22}, 
2355.0, {'J01': -25.448999999999998}, {'J01': 6}, {'J01': 18}, 
2360.0, {'J01': -31.631}, {'J01': 6}, {'J01': 18}, 
2365.0, {'J01': -35.631}, {'J01': 7}, {'J01': 22}, 
2370.0, {'J01': -56.529}, {'J01': 8}, {'J01': 28}, 
2375.0, {'J01': -43.25}, {'J01': 8}, {'J01': 32}, 
2380.0, {'J01': -39.807}, {'J01': 7}, {'J01': 28}, 
2385.0, {'J01': -39.722}, {'J01': 6}, {'J01': 23}, 
2390.0, {'J01': -47.995000000000005}, {'J01': 5}, {'J01': 22}, 
2395.0, {'J01': -43.989000000000004}, {'J01': 5}, {'J01': 26}, 
2400.0, {'J01': -45.989000000000004}, {'J01': 6}, {'J01': 28}, 
2405.0, {'J01': -42.165000000000006}, {'J01': 6}, {'J01': 26}, 
2410.0, {'J01': -48.875}, {'J01': 6}, {'J01': 32}, 
2415.0, {'J01': -37.335}, {'J01': 7}, {'J01': 31}, 
2420.0, {'J01': -58.590999999999994}, {'J01': 8}, {'J01': 33}, 
2425.0, {'J01': -68.21600000000001}, {'J01': 8}, {'J01': 37}, 
2430.0, {'J01': -51.051}, {'J01': 8}, {'J01': 36}, 
2435.0, {'J01': -47.699}, {'J01': 7}, {'J01': 29}, 
2440.0, {'J01': -42.602000000000004}, {'J01': 7}, {'J01': 35}, 
2445.0, {'J01': -55.585}, {'J01': 7}, {'J01': 38}, 
2450.0, {'J01': -63.5}, {'J01': 8}, {'J01': 41}, 
2455.0, {'J01': -69.034}, {'J01': 8}, {'J01': 44}, 
2460.0, {'J01': -67.506}, {'J01': 7}, {'J01': 37}, 
2465.0, {'J01': -52.705}, {'J01': 5}, {'J01': 26}, 
2470.0, {'J01': -47.353}, {'J01': 5}, {'J01': 17}, 
2475.0, {'J01': -43.353}, {'J01': 5}, {'J01': 13}, 
2480.0, {'J01': -50.535000000000004}, {'J01': 5}, {'J01': 14}, 
2485.0, {'J01': -56.069}, {'J01': 5}, {'J01': 17}, 
2490.0, {'J01': -36.608000000000004}, {'J01': 5}, {'J01': 21}, 
2495.0, {'J01': -39.25}, {'J01': 6}, {'J01': 28}, 
2500.0, {'J01': -45.432}, {'J01': 7}, {'J01': 28}, 
2505.0, {'J01': -50.522999999999996}, {'J01': 8}, {'J01': 30}, 
2510.0, {'J01': -40.426}, {'J01': 8}, {'J01': 31}, 
2515.0, {'J01': -51.051}, {'J01': 8}, {'J01': 36}, 
2520.0, {'J01': -54.529}, {'J01': 7}, {'J01': 26}, 
2525.0, {'J01': -42.995000000000005}, {'J01': 4}, {'J01': 17}, 
2530.0, {'J01': -41.262}, {'J01': 4}, {'J01': 14}, 
2535.0, {'J01': -10.0}, {'J01': 3}, {'J01': 10}, 
2540.0, {'J01': -29.631}, {'J01': 3}, {'J01': 16}, 
2545.0, {'J01': -41.608000000000004}, {'J01': 6}, {'J01': 26}, 
2550.0, {'J01': -32.068}, {'J01': 8}, {'J01': 27}, 
2555.0, {'J01': -39.159}, {'J01': 8}, {'J01': 31}, 
2560.0, {'J01': -47.693000000000005}, {'J01': 8}, {'J01': 37}, 
2565.0, {'J01': -58.141999999999996}, {'J01': 8}, {'J01': 40}, 
2570.0, {'J01': -42.159}, {'J01': 7}, {'J01': 34}, 
2575.0, {'J01': -44.693000000000005}, {'J01': 7}, {'J01': 34}, 
2580.0, {'J01': -45.517}, {'J01': 7}, {'J01': 33}, 
2585.0, {'J01': -41.426}, {'J01': 8}, {'J01': 32}, 
2590.0, {'J01': -45.517}, {'J01': 8}, {'J01': 33}, 
2595.0, {'J01': -50.875}, {'J01': 8}, {'J01': 34}, 
2600.0, {'J01': -63.239000000000004}, {'J01': 8}, {'J01': 34}, 
2605.0, {'J01': -64.148}, {'J01': 8}, {'J01': 38}, 
2610.0, {'J01': -56.96600000000001}, {'J01': 8}, {'J01': 37}, 
2615.0, {'J01': -62.239000000000004}, {'J01': 8}, {'J01': 33}, 
2620.0, {'J01': -68.864}, {'J01': 8}, {'J01': 34}, 
2625.0, {'J01': -84.84700000000001}, {'J01': 8}, {'J01': 40}, 
2630.0, {'J01': -84.84700000000001}, {'J01': 8}, {'J01': 40}, 
2635.0, {'J01': -56.148}, {'J01': 7}, {'J01': 30}, 
2640.0, {'J01': -61.16}, {'J01': 4}, {'J01': 19}, 
2645.0, {'J01': -46.529}, {'J01': 4}, {'J01': 18}, 
2650.0, {'J01': -71.791}, {'J01': 4}, {'J01': 16}, 
2655.0, {'J01': -73.97300000000001}, {'J01': 4}, {'J01': 12}, 
2660.0, {'J01': -75.97300000000001}, {'J01': 4}, {'J01': 14}, 
2665.0, {'J01': -86.24000000000001}, {'J01': 4}, {'J01': 23}, 
2670.0, {'J01': -99.507}, {'J01': 6}, {'J01': 35}, 
2675.0, {'J01': -99.507}, {'J01': 7}, {'J01': 35}, 
2680.0, {'J01': -87.24000000000001}, {'J01': 4}, {'J01': 24}, 
2685.0, {'J01': -85.507}, {'J01': 5}, {'J01': 21}, 
2690.0, {'J01': -85.507}, {'J01': 5}, {'J01': 21}, 
2695.0, {'J01': -85.24000000000001}, {'J01': 5}, {'J01': 22}, 
2700.0, {'J01': -96.774}, {'J01': 6}, {'J01': 31}, 
2705.0, {'J01': -78.137}, {'J01': 8}, {'J01': 34}, 
2710.0, {'J01': -88.85300000000001}, {'J01': 8}, {'J01': 36}, 
2715.0, {'J01': -53.705}, {'J01': 8}, {'J01': 27}, 
2720.0, {'J01': -68.16}, {'J01': 8}, {'J01': 26}, 
2725.0, {'J01': -66.245}, {'J01': 8}, {'J01': 29}, 
2730.0, {'J01': -61.330000000000005}, {'J01': 8}, {'J01': 29}, 
2735.0, {'J01': -72.779}, {'J01': 8}, {'J01': 33}, 
2740.0, {'J01': -73.04599999999999}, {'J01': 8}, {'J01': 32}, 
2745.0, {'J01': -70.03999999999999}, {'J01': 8}, {'J01': 37}, 
2750.0, {'J01': -87.41}, {'J01': 8}, {'J01': 34}, 
2755.0, {'J01': -60.766999999999996}, {'J01': 8}, {'J01': 37}, 
2760.0, {'J01': -65.034}, {'J01': 7}, {'J01': 40}, 
2765.0, {'J01': -61.766999999999996}, {'J01': 5}, {'J01': 38}, 
2770.0, {'J01': -56.766999999999996}, {'J01': 5}, {'J01': 33}, 
2775.0, {'J01': -56.766999999999996}, {'J01': 5}, {'J01': 33}, 
2780.0, {'J01': -72.926}, {'J01': 6}, {'J01': 41}, 
2785.0, {'J01': -78.193}, {'J01': 8}, {'J01': 45}, 
2790.0, {'J01': -76.102}, {'J01': 8}, {'J01': 46}, 
2795.0, {'J01': -86.81799999999998}, {'J01': 8}, {'J01': 48}, 
2800.0, {'J01': -87.46600000000001}, {'J01': 8}, {'J01': 45}, 
2805.0, {'J01': -90.824}, {'J01': 8}, {'J01': 44}, 
2810.0, {'J01': -69.83500000000001}, {'J01': 8}, {'J01': 41}, 
2815.0, {'J01': -64.477}, {'J01': 8}, {'J01': 40}, 
2820.0, {'J01': -79.108}, {'J01': 8}, {'J01': 41}, 
2825.0, {'J01': -86.733}, {'J01': 8}, {'J01': 43}, 
2830.0, {'J01': -62.562000000000005}, {'J01': 8}, {'J01': 43}, 
2835.0, {'J01': -72.926}, {'J01': 8}, {'J01': 41}, 
2840.0, {'J01': -90.176}, {'J01': 8}, {'J01': 47}, 
2845.0, {'J01': -100.625}, {'J01': 8}, {'J01': 50}, 
2850.0, {'J01': -107.807}, {'J01': 8}, {'J01': 51}, 
2855.0, {'J01': -120.17099999999999}, {'J01': 8}, {'J01': 51}, 
2860.0, {'J01': -97.30199999999999}, {'J01': 6}, {'J01': 37}, 
2865.0, {'J01': -75.313}, {'J01': 6}, {'J01': 33}, 
2870.0, {'J01': -93.654}, {'J01': 6}, {'J01': 37}, 
2875.0, {'J01': -73.313}, {'J01': 6}, {'J01': 31}, 
2880.0, {'J01': -71.7}, {'J01': 4}, {'J01': 19}, 
2885.0, {'J01': -65.342}, {'J01': 4}, {'J01': 17}, 
2890.0, {'J01': -82.97300000000001}, {'J01': 4}, {'J01': 21}, 
2895.0, {'J01': -65.99000000000001}, {'J01': 4}, {'J01': 14}, 
2900.0, {'J01': -75.43900000000001}, {'J01': 4}, {'J01': 16}, 
2905.0, {'J01': -93.24000000000001}, {'J01': 4}, {'J01': 30}, 
2910.0, {'J01': -104.774}, {'J01': 7}, {'J01': 39}, 
2915.0, {'J01': -111.308}, {'J01': 8}, {'J01': 43}, 
2920.0, {'J01': -94.97300000000001}, {'J01': 7}, {'J01': 33}, 
2925.0, {'J01': -73.075}, {'J01': 6}, {'J01': 26}, 
2930.0, {'J01': -70.899}, {'J01': 6}, {'J01': 22}, 
2935.0, {'J01': -82.882}, {'J01': 6}, {'J01': 24}, 
2940.0, {'J01': -84.706}, {'J01': 6}, {'J01': 24}, 
2945.0, {'J01': -96.507}, {'J01': 6}, {'J01': 32}, 
2950.0, {'J01': -98.507}, {'J01': 7}, {'J01': 34}, 
2955.0, {'J01': -100.507}, {'J01': 8}, {'J01': 36}, 
2960.0, {'J01': -105.041}, {'J01': 8}, {'J01': 38}, 
2965.0, {'J01': -109.575}, {'J01': 8}, {'J01': 40}, 
2970.0, {'J01': -97.774}, {'J01': 7}, {'J01': 32}, 
2975.0, {'J01': -99.308}, {'J01': 6}, {'J01': 31}, 
2980.0, {'J01': -95.308}, {'J01': 6}, {'J01': 27}, 
2985.0, {'J01': -88.308}, {'J01': 6}, {'J01': 20}, 
2990.0, {'J01': -88.308}, {'J01': 6}, {'J01': 20}, 
2995.0, {'J01': -96.308}, {'J01': 6}, {'J01': 28}, 
3000.0, {'J01': -102.308}, {'J01': 6}, {'J01': 34}, 
3005.0, {'J01': -106.308}, {'J01': 8}, {'J01': 38}, 
3010.0, {'J01': -102.308}, {'J01': 7}, {'J01': 34}, 
3015.0, {'J01': -94.575}, {'J01': 6}, {'J01': 25}, 
3020.0, {'J01': -90.575}, {'J01': 6}, {'J01': 21}, 
3025.0, {'J01': -35.585}, {'J01': 5}, {'J01': 18}, 
3030.0, {'J01': -47.233000000000004}, {'J01': 5}, {'J01': 26}, 
3035.0, {'J01': -63.772999999999996}, {'J01': 6}, {'J01': 32}, 
3040.0, {'J01': -76.04599999999999}, {'J01': 8}, {'J01': 35}, 
3045.0, {'J01': -65.392}, {'J01': 8}, {'J01': 36}, 
3050.0, {'J01': -73.574}, {'J01': 8}, {'J01': 38}, 
3055.0, {'J01': -65.034}, {'J01': 8}, {'J01': 40}, 
3060.0, {'J01': -66.506}, {'J01': 8}, {'J01': 36}, 
3065.0, {'J01': -77.22200000000001}, {'J01': 8}, {'J01': 38}, 
3070.0, {'J01': -86.671}, {'J01': 8}, {'J01': 40}, 
3075.0, {'J01': -65.245}, {'J01': 7}, {'J01': 28}, 
3080.0, {'J01': -46.141999999999996}, {'J01': 6}, {'J01': 28}, 
3085.0, {'J01': -70.779}, {'J01': 6}, {'J01': 31}, 
3090.0, {'J01': -64.773}, {'J01': 7}, {'J01': 33}, 
3095.0, {'J01': -64.858}, {'J01': 8}, {'J01': 38}, 
3100.0, {'J01': -72.03999999999999}, {'J01': 8}, {'J01': 39}, 
3105.0, {'J01': -84.671}, {'J01': 8}, {'J01': 38}, 
3110.0, {'J01': -83.023}, {'J01': 8}, {'J01': 40}, 
3115.0, {'J01': -70.489}, {'J01': 6}, {'J01': 30}, 
3120.0, {'J01': -42.494}, {'J01': 6}, {'J01': 28}, 
3125.0, {'J01': -47.141999999999996}, {'J01': 6}, {'J01': 29}, 
3130.0, {'J01': -61.681999999999995}, {'J01': 7}, {'J01': 33}, 
3135.0, {'J01': -51.233000000000004}, {'J01': 7}, {'J01': 30}, 
3140.0, {'J01': -41.790000000000006}, {'J01': 5}, {'J01': 20}, 
3145.0, {'J01': -40.057}, {'J01': 5}, {'J01': 17}, 
3150.0, {'J01': -48.597}, {'J01': 5}, {'J01': 15}, 
3155.0, {'J01': -21.716}, {'J01': 4}, {'J01': 13}, 
3160.0, {'J01': -37.608000000000004}, {'J01': 4}, {'J01': 22}, 
3165.0, {'J01': -61.209999999999994}, {'J01': 6}, {'J01': 38}, 
3170.0, {'J01': -91.47200000000001}, {'J01': 8}, {'J01': 41}, 
3175.0, {'J01': -99.89200000000001}, {'J01': 11}, {'J01': 48}, 
3180.0, {'J01': -87.648}, {'J01': 9}, {'J01': 39}, 
3185.0, {'J01': -59.568}, {'J01': 9}, {'J01': 32}, 
3190.0, {'J01': -84.20500000000001}, {'J01': 9}, {'J01': 35}, 
3195.0, {'J01': -104.45499999999998}, {'J01': 10}, {'J01': 44}, 
3200.0, {'J01': -79.72699999999999}, {'J01': 10}, {'J01': 44}, 
3205.0, {'J01': -77.636}, {'J01': 12}, {'J01': 45}, 
3210.0, {'J01': -89.0}, {'J01': 12}, {'J01': 44}, 
3215.0, {'J01': -82.642}, {'J01': 12}, {'J01': 42}, 
3220.0, {'J01': -79.733}, {'J01': 12}, {'J01': 36}, 
3225.0, {'J01': -72.023}, {'J01': 8}, {'J01': 29}, 
3230.0, {'J01': -37.051}, {'J01': 6}, {'J01': 22}, 
3235.0, {'J01': -47.233000000000004}, {'J01': 7}, {'J01': 26}, 
3240.0, {'J01': -62.858000000000004}, {'J01': 7}, {'J01': 36}, 
3245.0, {'J01': -66.034}, {'J01': 8}, {'J01': 41}, 
3250.0, {'J01': -64.119}, {'J01': 10}, {'J01': 44}, 
3255.0, {'J01': -75.011}, {'J01': 10}, {'J01': 48}, 
3260.0, {'J01': -73.011}, {'J01': 11}, {'J01': 46}, 
3265.0, {'J01': -85.55099999999999}, {'J01': 12}, {'J01': 48}, 
3270.0, {'J01': -78.017}, {'J01': 10}, {'J01': 43}, 
3275.0, {'J01': -54.766999999999996}, {'J01': 5}, {'J01': 31}, 
3280.0, {'J01': -41.608000000000004}, {'J01': 4}, {'J01': 26}, 
3285.0, {'J01': -54.972}, {'J01': 4}, {'J01': 27}, 
3290.0, {'J01': -41.340999999999994}, {'J01': 6}, {'J01': 27}, 
3295.0, {'J01': -47.432}, {'J01': 8}, {'J01': 30}, 
3300.0, {'J01': -53.790000000000006}, {'J01': 8}, {'J01': 32}, 
3305.0, {'J01': -71.864}, {'J01': 8}, {'J01': 37}, 
3310.0, {'J01': -85.228}, {'J01': 8}, {'J01': 38}, 
3315.0, {'J01': -61.766999999999996}, {'J01': 8}, {'J01': 38}, 
3320.0, {'J01': -76.22200000000001}, {'J01': 8}, {'J01': 37}, 
3325.0, {'J01': -57.148}, {'J01': 8}, {'J01': 31}, 
3330.0, {'J01': -57.972}, {'J01': 8}, {'J01': 30}, 
3335.0, {'J01': -73.694}, {'J01': 7}, {'J01': 29}, 
3340.0, {'J01': -66.512}, {'J01': 7}, {'J01': 28}, 
3345.0, {'J01': -54.711000000000006}, {'J01': 5}, {'J01': 20}, 
3350.0, {'J01': -26.54}, {'J01': 4}, {'J01': 16}, 
3355.0, {'J01': -46.438}, {'J01': 4}, {'J01': 21}, 
3360.0, {'J01': -21.182000000000002}, {'J01': 3}, {'J01': 15}, 
3365.0, {'J01': -32.897999999999996}, {'J01': 4}, {'J01': 18}, 
3370.0, {'J01': -48.699}, {'J01': 7}, {'J01': 30}, 
3375.0, {'J01': -45.432}, {'J01': 7}, {'J01': 28}, 
3380.0, {'J01': -24.358}, {'J01': 6}, {'J01': 20}, 
3385.0, {'J01': -28.625}, {'J01': 6}, {'J01': 23}, 
3390.0, {'J01': -35.716}, {'J01': 6}, {'J01': 27}, 
3395.0, {'J01': -35.068}, {'J01': 8}, {'J01': 30}, 
3400.0, {'J01': -42.25}, {'J01': 8}, {'J01': 31}, 
3405.0, {'J01': -51.051}, {'J01': 8}, {'J01': 36}, 
3410.0, {'J01': -47.403}, {'J01': 8}, {'J01': 36}, 
3415.0, {'J01': -60.209999999999994}, {'J01': 8}, {'J01': 37}, 
3420.0, {'J01': -52.028}, {'J01': 8}, {'J01': 35}, 
3425.0, {'J01': -53.471000000000004}, {'J01': 8}, {'J01': 37}, 
3430.0, {'J01': -54.471000000000004}, {'J01': 8}, {'J01': 38}, 
3435.0, {'J01': -55.119}, {'J01': 7}, {'J01': 35}, 
3440.0, {'J01': -50.761}, {'J01': 7}, {'J01': 35}, 
3445.0, {'J01': -56.943}, {'J01': 7}, {'J01': 35}, 
3450.0, {'J01': -75.017}, {'J01': 7}, {'J01': 40}, 
3455.0, {'J01': -74.926}, {'J01': 8}, {'J01': 43}, 
3460.0, {'J01': -77.46}, {'J01': 8}, {'J01': 43}, 
3465.0, {'J01': -63.568}, {'J01': 7}, {'J01': 36}, 
3470.0, {'J01': -48.766999999999996}, {'J01': 4}, {'J01': 25}, 
3475.0, {'J01': -33.074}, {'J01': 4}, {'J01': 20}, 
3480.0, {'J01': -51.148}, {'J01': 4}, {'J01': 25}, 
3485.0, {'J01': -50.057}, {'J01': 7}, {'J01': 27}, 
3490.0, {'J01': -57.148}, {'J01': 8}, {'J01': 31}, 
3495.0, {'J01': -53.96600000000001}, {'J01': 8}, {'J01': 34}, 
3500.0, {'J01': -64.421}, {'J01': 7}, {'J01': 29}, 
3505.0, {'J01': -83.23400000000001}, {'J01': 6}, {'J01': 28}, 
3510.0, {'J01': -65.60300000000001}, {'J01': 5}, {'J01': 24}, 
3515.0, {'J01': -59.60300000000001}, {'J01': 4}, {'J01': 18}, 
3520.0, {'J01': -60.961}, {'J01': 4}, {'J01': 15}, 
3525.0, {'J01': -66.495}, {'J01': 4}, {'J01': 18}, 
3530.0, {'J01': -22.067999999999998}, {'J01': 3}, {'J01': 17}, 
3535.0, {'J01': -43.347}, {'J01': 3}, {'J01': 21}, 
3540.0, {'J01': -59.881}, {'J01': 6}, {'J01': 35}, 
3545.0, {'J01': -44.693000000000005}, {'J01': 6}, {'J01': 34}, 
3550.0, {'J01': -54.699}, {'J01': 8}, {'J01': 36}, 
3555.0, {'J01': -62.881}, {'J01': 8}, {'J01': 38}, 
3560.0, {'J01': -51.256}, {'J01': 8}, {'J01': 32}, 
3565.0, {'J01': -47.165000000000006}, {'J01': 8}, {'J01': 31}, 
3570.0, {'J01': -75.16}, {'J01': 8}, {'J01': 33}, 
3575.0, {'J01': -70.154}, {'J01': 8}, {'J01': 36}, 
3580.0, {'J01': -62.324}, {'J01': 8}, {'J01': 38}, 
3585.0, {'J01': -91.31899999999999}, {'J01': 8}, {'J01': 41}, 
3590.0, {'J01': -77.398}, {'J01': 8}, {'J01': 40}, 
3595.0, {'J01': -82.961}, {'J01': 7}, {'J01': 37}, 
3600.0, {'J01': -80.785}, {'J01': 7}, {'J01': 33}, 
3605.0, {'J01': -82.7}, {'J01': 7}, {'J01': 30}, 
3610.0, {'J01': -80.60900000000001}, {'J01': 7}, {'J01': 31}, 
3615.0, {'J01': -95.058}, {'J01': 8}, {'J01': 38}, 
3620.0, {'J01': -67.887}, {'J01': 8}, {'J01': 35}, 
3625.0, {'J01': -70.97800000000001}, {'J01': 8}, {'J01': 35}, 
3630.0, {'J01': -55.875}, {'J01': 8}, {'J01': 39}, 
3635.0, {'J01': -60.881}, {'J01': 8}, {'J01': 36}, 
3640.0, {'J01': -51.614}, {'J01': 7}, {'J01': 28}, 
3645.0, {'J01': -37.716}, {'J01': 7}, {'J01': 29}, 
3650.0, {'J01': -46.989000000000004}, {'J01': 7}, {'J01': 29}, 
3655.0, {'J01': -50.989000000000004}, {'J01': 8}, {'J01': 33}, 
3660.0, {'J01': -48.897999999999996}, {'J01': 8}, {'J01': 34}, 
3665.0, {'J01': -50.989000000000004}, {'J01': 8}, {'J01': 33}, 
3670.0, {'J01': -56.438}, {'J01': 8}, {'J01': 31}, 
3675.0, {'J01': -39.897999999999996}, {'J01': 7}, {'J01': 25}, 
3680.0, {'J01': -37.08}, {'J01': 4}, {'J01': 16}, 
3685.0, {'J01': -18.182000000000002}, {'J01': 3}, {'J01': 12}, 
3690.0, {'J01': -22.182000000000002}, {'J01': 3}, {'J01': 16}, 
3695.0, {'J01': -29.182000000000002}, {'J01': 6}, {'J01': 23}, 
3700.0, {'J01': -30.182000000000002}, {'J01': 8}, {'J01': 24}, 
3705.0, {'J01': -24.0}, {'J01': 8}, {'J01': 24}, 
3710.0, {'J01': -24.0}, {'J01': 7}, {'J01': 24}, 
3715.0, {'J01': -17.0}, {'J01': 6}, {'J01': 17}, 
3720.0, {'J01': -17.0}, {'J01': 5}, {'J01': 17}, 
3725.0, {'J01': -18.0}, {'J01': 5}, {'J01': 18}, 
3730.0, {'J01': -13.0}, {'J01': 4}, {'J01': 13}, 
3735.0, {'J01': -11.0}, {'J01': 3}, {'J01': 11}, 
3740.0, {'J01': -13.0}, {'J01': 3}, {'J01': 13}, 
3745.0, {'J01': -21.0}, {'J01': 6}, {'J01': 21}, 
3750.0, {'J01': -24.0}, {'J01': 8}, {'J01': 24}, 
3755.0, {'J01': -27.0}, {'J01': 8}, {'J01': 27}, 
3760.0, {'J01': -25.0}, {'J01': 7}, {'J01': 25}, 
3765.0, {'J01': -20.0}, {'J01': 6}, {'J01': 20}, 
3770.0, {'J01': -16.0}, {'J01': 5}, {'J01': 16}, 
3775.0, {'J01': -14.0}, {'J01': 4}, {'J01': 14}, 
3780.0, {'J01': -16.0}, {'J01': 4}, {'J01': 16}, 
3785.0, {'J01': -14.0}, {'J01': 3}, {'J01': 14}, 
3790.0, {'J01': -11.0}, {'J01': 4}, {'J01': 11}, 
3795.0, {'J01': -10.0}, {'J01': 4}, {'J01': 10}, 
3800.0, {'J01': -15.0}, {'J01': 3}, {'J01': 15}, 
3805.0, {'J01': -21.0}, {'J01': 6}, {'J01': 21}, 
3810.0, {'J01': -24.0}, {'J01': 7}, {'J01': 24}, 
3815.0, {'J01': -15.0}, {'J01': 4}, {'J01': 15}, 
3820.0, {'J01': -11.0}, {'J01': 4}, {'J01': 11}, 
3825.0, {'J01': -9.0}, {'J01': 3}, {'J01': 9}, 
3830.0, {'J01': -13.0}, {'J01': 3}, {'J01': 13}, 
3835.0, {'J01': -20.0}, {'J01': 6}, {'J01': 20}, 
3840.0, {'J01': -23.0}, {'J01': 7}, {'J01': 23}, 
3845.0, {'J01': -17.0}, {'J01': 5}, {'J01': 17}, 
3850.0, {'J01': -18.0}, {'J01': 5}, {'J01': 18}, 
3855.0, {'J01': -20.0}, {'J01': 5}, {'J01': 20}, 
3860.0, {'J01': -25.0}, {'J01': 7}, {'J01': 25}, 
3865.0, {'J01': -23.0}, {'J01': 6}, {'J01': 23}, 
3870.0, {'J01': -22.0}, {'J01': 6}, {'J01': 22}, 
3875.0, {'J01': -24.0}, {'J01': 6}, {'J01': 24}, 
3880.0, {'J01': -25.0}, {'J01': 7}, {'J01': 25}, 
3885.0, {'J01': -23.0}, {'J01': 8}, {'J01': 23}, 
3890.0, {'J01': -23.0}, {'J01': 8}, {'J01': 23}, 
3895.0, {'J01': -24.0}, {'J01': 8}, {'J01': 24}, 
3900.0, {'J01': -23.0}, {'J01': 7}, {'J01': 23}, 
3905.0, {'J01': -17.0}, {'J01': 5}, {'J01': 17}, 
3910.0, {'J01': -18.0}, {'J01': 4}, {'J01': 18}, 
3915.0, {'J01': -22.0}, {'J01': 4}, {'J01': 22}, 
3920.0, {'J01': -24.0}, {'J01': 6}, {'J01': 24}, 
3925.0, {'J01': -24.0}, {'J01': 7}, {'J01': 24}, 
3930.0, {'J01': -20.0}, {'J01': 7}, {'J01': 20}, 
3935.0, {'J01': -21.0}, {'J01': 7}, {'J01': 21}, 
3940.0, {'J01': -15.0}, {'J01': 6}, {'J01': 15}, 
3945.0, {'J01': -18.0}, {'J01': 6}, {'J01': 18}, 
3950.0, {'J01': -14.0}, {'J01': 4}, {'J01': 14}, 
3955.0, {'J01': -12.0}, {'J01': 3}, {'J01': 12}, 
3960.0, {'J01': -10.0}, {'J01': 2}, {'J01': 10}, 
3965.0, {'J01': -7.0}, {'J01': 3}, {'J01': 7}, 
3970.0, {'J01': -10.0}, {'J01': 4}, {'J01': 10}, 
3975.0, {'J01': -17.0}, {'J01': 4}, {'J01': 17}, 
3980.0, {'J01': -16.0}, {'J01': 5}, {'J01': 16}, 
3985.0, {'J01': -19.0}, {'J01': 5}, {'J01': 19}, 
3990.0, {'J01': -14.0}, {'J01': 4}, {'J01': 14}, 
3995.0, {'J01': -13.0}, {'J01': 4}, {'J01': 13}, 
4000.0, {'J01': -19.0}, {'J01': 4}, {'J01': 19}, 
4005.0, {'J01': -22.0}, {'J01': 7}, {'J01': 22}, 
4010.0, {'J01': -24.0}, {'J01': 8}, {'J01': 24}, 
4015.0, {'J01': -24.0}, {'J01': 8}, {'J01': 24}, 
4020.0, {'J01': -26.0}, {'J01': 8}, {'J01': 26}, 
4025.0, {'J01': -29.0}, {'J01': 8}, {'J01': 29}, 
4030.0, {'J01': -29.0}, {'J01': 8}, {'J01': 29}, 
4035.0, {'J01': -26.0}, {'J01': 8}, {'J01': 26}, 
4040.0, {'J01': -22.0}, {'J01': 7}, {'J01': 22}, 
4045.0, {'J01': -24.0}, {'J01': 7}, {'J01': 24}, 
4050.0, {'J01': -26.0}, {'J01': 7}, {'J01': 26}, 
4055.0, {'J01': -28.0}, {'J01': 7}, {'J01': 28}, 
4060.0, {'J01': -27.0}, {'J01': 8}, {'J01': 27}, 
4065.0, {'J01': -23.0}, {'J01': 7}, {'J01': 23}, 
4070.0, {'J01': -21.0}, {'J01': 6}, {'J01': 21}, 
4075.0, {'J01': -12.0}, {'J01': 4}, {'J01': 12}, 
4080.0, {'J01': -12.0}, {'J01': 3}, {'J01': 12}, 
4085.0, {'J01': -11.0}, {'J01': 3}, {'J01': 11}, 
4090.0, {'J01': -13.0}, {'J01': 3}, {'J01': 13}, 
4095.0, {'J01': -10.0}, {'J01': 4}, {'J01': 10}, 
4100.0, {'J01': -11.0}, {'J01': 3}, {'J01': 11}, 
4105.0, {'J01': -19.0}, {'J01': 4}, {'J01': 19}, 
4110.0, {'J01': -26.0}, {'J01': 7}, {'J01': 26}, 
4115.0, {'J01': -29.0}, {'J01': 8}, {'J01': 29}, 
4120.0, {'J01': -29.0}, {'J01': 7}, {'J01': 29}, 
4125.0, {'J01': -25.0}, {'J01': 6}, {'J01': 25}, 
4130.0, {'J01': -25.0}, {'J01': 6}, {'J01': 25}, 
4135.0, {'J01': -24.0}, {'J01': 7}, {'J01': 24}, 
4140.0, {'J01': -26.0}, {'J01': 8}, {'J01': 26}, 
4145.0, {'J01': -24.0}, {'J01': 8}, {'J01': 24}, 
4150.0, {'J01': -25.0}, {'J01': 8}, {'J01': 25}, 
4155.0, {'J01': -23.0}, {'J01': 7}, {'J01': 23}, 
4160.0, {'J01': -25.0}, {'J01': 7}, {'J01': 25}, 
4165.0, {'J01': -27.0}, {'J01': 7}, {'J01': 27}, 
4170.0, {'J01': -27.0}, {'J01': 7}, {'J01': 27}, 
4175.0, {'J01': -29.0}, {'J01': 8}, {'J01': 29}, 
4180.0, {'J01': -29.0}, {'J01': 8}, {'J01': 29}, 
4185.0, {'J01': -29.0}, {'J01': 8}, {'J01': 29}, 
4190.0, {'J01': -25.0}, {'J01': 7}, {'J01': 25}, 
4195.0, {'J01': -16.0}, {'J01': 4}, {'J01': 16}, 
4200.0, {'J01': -14.0}, {'J01': 3}, {'J01': 14}, 
4205.0, {'J01': -13.0}, {'J01': 3}, {'J01': 13}, 
4210.0, {'J01': -22.0}, {'J01': 6}, {'J01': 22}, 
4215.0, {'J01': -25.0}, {'J01': 7}, {'J01': 25}, 
4220.0, {'J01': -20.0}, {'J01': 6}, {'J01': 20}, 
4225.0, {'J01': -17.0}, {'J01': 5}, {'J01': 17}, 
4230.0, {'J01': -19.0}, {'J01': 5}, {'J01': 19}, 
4235.0, {'J01': -15.0}, {'J01': 4}, {'J01': 15}, 
4240.0, {'J01': -17.0}, {'J01': 4}, {'J01': 17}, 
4245.0, {'J01': -18.0}, {'J01': 4}, {'J01': 18}, 
4250.0, {'J01': -15.0}, {'J01': 3}, {'J01': 15}, 
4255.0, {'J01': -18.0}, {'J01': 4}, {'J01': 18}, 
4260.0, {'J01': -26.0}, {'J01': 7}, {'J01': 26}, 
4265.0, {'J01': -27.0}, {'J01': 8}, {'J01': 27}, 
4270.0, {'J01': -25.0}, {'J01': 7}, {'J01': 25}, 
4275.0, {'J01': -17.0}, {'J01': 5}, {'J01': 17}, 
4280.0, {'J01': -16.0}, {'J01': 4}, {'J01': 16}, 
4285.0, {'J01': -13.0}, {'J01': 4}, {'J01': 13}, 
4290.0, {'J01': -15.0}, {'J01': 3}, {'J01': 15}, 
4295.0, {'J01': -17.0}, {'J01': 4}, {'J01': 17}, 
4300.0, {'J01': -13.0}, {'J01': 3}, {'J01': 13}, 
4305.0, {'J01': -12.0}, {'J01': 4}, {'J01': 12}, 
4310.0, {'J01': -12.0}, {'J01': 4}, {'J01': 12}, 
4315.0, {'J01': -19.0}, {'J01': 4}, {'J01': 19}, 
4320.0, {'J01': -27.0}, {'J01': 7}, {'J01': 27}, 
4325.0, {'J01': -26.0}, {'J01': 7}, {'J01': 26}, 
4330.0, {'J01': -21.0}, {'J01': 6}, {'J01': 21}, 
4335.0, {'J01': -24.0}, {'J01': 6}, {'J01': 24}, 
4340.0, {'J01': -25.0}, {'J01': 7}, {'J01': 25}, 
4345.0, {'J01': -26.0}, {'J01': 8}, {'J01': 26}, 
4350.0, {'J01': -28.0}, {'J01': 8}, {'J01': 28}, 
4355.0, {'J01': -30.0}, {'J01': 8}, {'J01': 30}, 
4360.0, {'J01': -26.0}, {'J01': 7}, {'J01': 26}, 
4365.0, {'J01': -21.0}, {'J01': 6}, {'J01': 21}, 
4370.0, {'J01': -24.0}, {'J01': 6}, {'J01': 24}, 
4375.0, {'J01': -27.0}, {'J01': 7}, {'J01': 27}, 
4380.0, {'J01': -25.0}, {'J01': 7}, {'J01': 25}, 
4385.0, {'J01': -15.0}, {'J01': 4}, {'J01': 15}, 
4390.0, {'J01': -11.0}, {'J01': 4}, {'J01': 11}, 
4395.0, {'J01': -9.0}, {'J01': 4}, {'J01': 9}, 
4400.0, {'J01': -14.0}, {'J01': 4}, {'J01': 14}, 
4405.0, {'J01': -21.0}, {'J01': 4}, {'J01': 21}, 
4410.0, {'J01': -23.0}, {'J01': 6}, {'J01': 23}, 
4415.0, {'J01': -26.0}, {'J01': 8}, {'J01': 26}, 
4420.0, {'J01': -24.0}, {'J01': 7}, {'J01': 24}, 
4425.0, {'J01': -22.0}, {'J01': 7}, {'J01': 22}, 
4430.0, {'J01': -24.0}, {'J01': 7}, {'J01': 24}, 
4435.0, {'J01': -18.0}, {'J01': 6}, {'J01': 18}, 
4440.0, {'J01': -20.0}, {'J01': 5}, {'J01': 20}, 
4445.0, {'J01': -20.0}, {'J01': 5}, {'J01': 20}, 
4450.0, {'J01': -23.0}, {'J01': 5}, {'J01': 23}, 
4455.0, {'J01': -27.0}, {'J01': 7}, {'J01': 27}, 
4460.0, {'J01': -29.0}, {'J01': 8}, {'J01': 29}, 
4465.0, {'J01': -25.0}, {'J01': 7}, {'J01': 25}, 
4470.0, {'J01': -14.0}, {'J01': 4}, {'J01': 14}, 
4475.0, {'J01': -10.0}, {'J01': 4}, {'J01': 10}, 
4480.0, {'J01': -6.0}, {'J01': 4}, {'J01': 6}, 
4485.0, {'J01': -8.0}, {'J01': 3}, {'J01': 8}, 
4490.0, {'J01': -11.0}, {'J01': 3}, {'J01': 11}, 
4495.0, {'J01': -9.0}, {'J01': 3}, {'J01': 9}, 
4500.0, {'J01': -12.0}, {'J01': 4}, {'J01': 12}, 
4505.0, {'J01': -18.0}, {'J01': 4}, {'J01': 18}, 
4510.0, {'J01': -17.0}, {'J01': 5}, {'J01': 17}, 
4515.0, {'J01': -16.0}, {'J01': 4}, {'J01': 16}, 
4520.0, {'J01': -12.0}, {'J01': 4}, {'J01': 12}, 
4525.0, {'J01': -14.0}, {'J01': 4}, {'J01': 14}, 
4530.0, {'J01': -19.0}, {'J01': 4}, {'J01': 19}, 
4535.0, {'J01': -25.0}, {'J01': 7}, {'J01': 25}, 
4540.0, {'J01': -24.0}, {'J01': 7}, {'J01': 24}, 
4545.0, {'J01': -14.0}, {'J01': 4}, {'J01': 14}, 
4550.0, {'J01': -16.0}, {'J01': 4}, {'J01': 16}, 
4555.0, {'J01': -18.0}, {'J01': 4}, {'J01': 18}, 
4560.0, {'J01': -15.0}, {'J01': 4}, {'J01': 15}, 
4565.0, {'J01': -9.0}, {'J01': 4}, {'J01': 9}, 
4570.0, {'J01': -8.0}, {'J01': 4}, {'J01': 8}, 
4575.0, {'J01': -10.0}, {'J01': 3}, {'J01': 10}, 
4580.0, {'J01': -11.0}, {'J01': 3}, {'J01': 11}, 
4585.0, {'J01': -12.0}, {'J01': 3}, {'J01': 12}, 
4590.0, {'J01': -12.0}, {'J01': 4}, {'J01': 12}, 
4595.0, {'J01': -11.0}, {'J01': 4}, {'J01': 11}, 
4600.0, {'J01': -9.0}, {'J01': 4}, {'J01': 9}, 
4605.0, {'J01': -11.0}, {'J01': 4}, {'J01': 11}, 
4610.0, {'J01': -9.0}, {'J01': 4}, {'J01': 9}, 
4615.0, {'J01': -9.0}, {'J01': 4}, {'J01': 9}, 
4620.0, {'J01': -11.0}, {'J01': 4}, {'J01': 11}, 
4625.0, {'J01': -10.0}, {'J01': 4}, {'J01': 10}, 
4630.0, {'J01': -13.0}, {'J01': 4}, {'J01': 13}, 
4635.0, {'J01': -9.0}, {'J01': 4}, {'J01': 9}, 
4640.0, {'J01': -8.0}, {'J01': 4}, {'J01': 8}, 
4645.0, {'J01': -8.0}, {'J01': 4}, {'J01': 8}, 
4650.0, {'J01': -8.0}, {'J01': 4}, {'J01': 8}, 
4655.0, {'J01': -7.0}, {'J01': 3}, {'J01': 7}, 
4660.0, {'J01': -7.0}, {'J01': 2}, {'J01': 7}, 
4665.0, {'J01': -12.0}, {'J01': 3}, {'J01': 12}, 
4670.0, {'J01': -11.0}, {'J01': 3}, {'J01': 11}, 
4675.0, {'J01': -9.0}, {'J01': 4}, {'J01': 9}, 
4680.0, {'J01': -12.0}, {'J01': 4}, {'J01': 12}, 
4685.0, {'J01': -12.0}, {'J01': 3}, {'J01': 12}, 
4690.0, {'J01': -15.0}, {'J01': 4}, {'J01': 15}, 
4695.0, {'J01': -21.0}, {'J01': 5}, {'J01': 21}, 
4700.0, {'J01': -16.0}, {'J01': 4}, {'J01': 16}, 
4705.0, {'J01': -14.0}, {'J01': 4}, {'J01': 14}, 
4710.0, {'J01': -10.0}, {'J01': 4}, {'J01': 10}, 
4715.0, {'J01': -10.0}, {'J01': 4}, {'J01': 10}, 
4720.0, {'J01': -10.0}, {'J01': 3}, {'J01': 10}, 
4725.0, {'J01': -14.0}, {'J01': 4}, {'J01': 14}, 
4730.0, {'J01': -20.0}, {'J01': 6}, {'J01': 20}, 
4735.0, {'J01': -20.0}, {'J01': 7}, {'J01': 20}, 
4740.0, {'J01': -16.0}, {'J01': 6}, {'J01': 16}, 
4745.0, {'J01': -18.0}, {'J01': 6}, {'J01': 18}, 
4750.0, {'J01': -26.0}, {'J01': 7}, {'J01': 26}, 
4755.0, {'J01': -29.0}, {'J01': 8}, {'J01': 29}, 
4760.0, {'J01': -26.0}, {'J01': 7}, {'J01': 26}, 
4765.0, {'J01': -16.0}, {'J01': 4}, {'J01': 16}, 
4770.0, {'J01': -13.0}, {'J01': 4}, {'J01': 13}, 
4775.0, {'J01': -9.0}, {'J01': 4}, {'J01': 9}, 
4780.0, {'J01': -10.0}, {'J01': 3}, {'J01': 10}, 
4785.0, {'J01': -11.0}, {'J01': 3}, {'J01': 11}, 
4790.0, {'J01': -11.0}, {'J01': 3}, {'J01': 11}, 
4795.0, {'J01': -14.0}, {'J01': 3}, {'J01': 14}, 
4800.0, {'J01': -14.0}, {'J01': 4}, {'J01': 14}, 
4805.0, {'J01': -15.0}, {'J01': 4}, {'J01': 15}, 
4810.0, {'J01': -17.0}, {'J01': 4}, {'J01': 17}, 
4815.0, {'J01': -15.0}, {'J01': 5}, {'J01': 15}, 
4820.0, {'J01': -15.0}, {'J01': 5}, {'J01': 15}, 
4825.0, {'J01': -15.0}, {'J01': 4}, {'J01': 15}, 
4830.0, {'J01': -12.0}, {'J01': 4}, {'J01': 12}, 
4835.0, {'J01': -9.0}, {'J01': 4}, {'J01': 9}, 
4840.0, {'J01': -7.0}, {'J01': 4}, {'J01': 7}, 
4845.0, {'J01': -8.0}, {'J01': 4}, {'J01': 8}, 
4850.0, {'J01': -10.0}, {'J01': 3}, {'J01': 10}, 
4855.0, {'J01': -14.0}, {'J01': 6}, {'J01': 14}, 
4860.0, {'J01': -18.0}, {'J01': 7}, {'J01': 18}, 
4865.0, {'J01': -18.0}, {'J01': 7}, {'J01': 18}, 
4870.0, {'J01': -18.0}, {'J01': 6}, {'J01': 18}, 
4875.0, {'J01': -16.0}, {'J01': 5}, {'J01': 16}, 
4880.0, {'J01': -14.0}, {'J01': 4}, {'J01': 14}, 
4885.0, {'J01': -15.0}, {'J01': 4}, {'J01': 15}, 
4890.0, {'J01': -14.0}, {'J01': 4}, {'J01': 14}, 
4895.0, {'J01': -10.0}, {'J01': 4}, {'J01': 10}, 
4900.0, {'J01': -10.0}, {'J01': 4}, {'J01': 10}, 
4905.0, {'J01': -8.0}, {'J01': 4}, {'J01': 8}, 
4910.0, {'J01': -9.0}, {'J01': 4}, {'J01': 9}, 
4915.0, {'J01': -9.0}, {'J01': 3}, {'J01': 9}, 
4920.0, {'J01': -6.0}, {'J01': 3}, {'J01': 6}, 
4925.0, {'J01': -7.0}, {'J01': 2}, {'J01': 7}, 
4930.0, {'J01': -5.0}, {'J01': 2}, {'J01': 5}, 
4935.0, {'J01': -11.0}, {'J01': 4}, {'J01': 11}, 
4940.0, {'J01': -12.0}, {'J01': 4}, {'J01': 12}, 
4945.0, {'J01': -10.0}, {'J01': 4}, {'J01': 10}, 
4950.0, {'J01': -15.0}, {'J01': 4}, {'J01': 15}, 
4955.0, {'J01': -20.0}, {'J01': 6}, {'J01': 20}, 
4960.0, {'J01': -20.0}, {'J01': 6}, {'J01': 20}, 
4965.0, {'J01': -17.0}, {'J01': 5}, {'J01': 17}, 
4970.0, {'J01': -14.0}, {'J01': 5}, {'J01': 14}, 
4975.0, {'J01': -20.0}, {'J01': 7}, {'J01': 20}, 
4980.0, {'J01': -23.0}, {'J01': 8}, {'J01': 23}, 
4985.0, {'J01': -20.0}, {'J01': 7}, {'J01': 20}, 
4990.0, {'J01': -18.0}, {'J01': 6}, {'J01': 18}, 
4995.0, {'J01': -16.0}, {'J01': 5}, {'J01': 16}, 
5000.0, {'J01': -14.0}, {'J01': 4}, {'J01': 14}, 
5005.0, {'J01': -12.0}, {'J01': 4}, {'J01': 12}, 
5010.0, {'J01': -7.0}, {'J01': 4}, {'J01': 7}, 
5015.0, {'J01': -8.0}, {'J01': 4}, {'J01': 8}, 
5020.0, {'J01': -10.0}, {'J01': 3}, {'J01': 10}, 
5025.0, {'J01': -13.0}, {'J01': 6}, {'J01': 13}, 
5030.0, {'J01': -15.0}, {'J01': 7}, {'J01': 15}, 
5035.0, {'J01': -14.0}, {'J01': 6}, {'J01': 14}, 
5040.0, {'J01': -12.0}, {'J01': 5}, {'J01': 12}, 
5045.0, {'J01': -9.0}, {'J01': 4}, {'J01': 9}, 
5050.0, {'J01': -7.0}, {'J01': 4}, {'J01': 7}, 
5055.0, {'J01': -9.0}, {'J01': 4}, {'J01': 9}, 
5060.0, {'J01': -11.0}, {'J01': 3}, {'J01': 11}, 
5065.0, {'J01': -10.0}, {'J01': 5}, {'J01': 10}, 
5070.0, {'J01': -13.0}, {'J01': 6}, {'J01': 13}, 
5075.0, {'J01': -18.0}, {'J01': 7}, {'J01': 18}, 
5080.0, {'J01': -21.0}, {'J01': 8}, {'J01': 21}, 
5085.0, {'J01': -22.0}, {'J01': 8}, {'J01': 22}, 
5090.0, {'J01': -22.0}, {'J01': 8}, {'J01': 22}, 
5095.0, {'J01': -22.0}, {'J01': 8}, {'J01': 22}, 
5100.0, {'J01': -20.0}, {'J01': 7}, {'J01': 20}, 
5105.0, {'J01': -14.0}, {'J01': 4}, {'J01': 14}, 
5110.0, {'J01': -12.0}, {'J01': 4}, {'J01': 12}, 
5115.0, {'J01': -12.0}, {'J01': 4}, {'J01': 12}, 
5120.0, {'J01': -18.0}, {'J01': 6}, {'J01': 18}, 
5125.0, {'J01': -20.0}, {'J01': 7}, {'J01': 20}, 
5130.0, {'J01': -14.0}, {'J01': 4}, {'J01': 14}, 
5135.0, {'J01': -12.0}, {'J01': 4}, {'J01': 12}, 
5140.0, {'J01': -9.0}, {'J01': 3}, {'J01': 9}, 
5145.0, {'J01': -12.0}, {'J01': 6}, {'J01': 12}, 
5150.0, {'J01': -16.0}, {'J01': 7}, {'J01': 16}, 
5155.0, {'J01': -17.0}, {'J01': 6}, {'J01': 17}, 
5160.0, {'J01': -16.0}, {'J01': 5}, {'J01': 16}, 
5165.0, {'J01': -16.0}, {'J01': 5}, {'J01': 16}, 
5170.0, {'J01': -16.0}, {'J01': 5}, {'J01': 16}, 
5175.0, {'J01': -12.0}, {'J01': 4}, {'J01': 12}, 
5180.0, {'J01': -9.0}, {'J01': 3}, {'J01': 9}, 
5185.0, {'J01': -10.0}, {'J01': 4}, {'J01': 10}, 
5190.0, {'J01': -6.0}, {'J01': 4}, {'J01': 6}, 
5195.0, {'J01': -6.0}, {'J01': 3}, {'J01': 6}, 
5200.0, {'J01': -11.0}, {'J01': 4}, {'J01': 11}, 
5205.0, {'J01': -17.0}, {'J01': 6}, {'J01': 17}, 
5210.0, {'J01': -22.0}, {'J01': 8}, {'J01': 22}, 
5215.0, {'J01': -22.0}, {'J01': 8}, {'J01': 22}, 
5220.0, {'J01': -22.0}, {'J01': 8}, {'J01': 22}, 
5225.0, {'J01': -18.0}, {'J01': 6}, {'J01': 18}, 
5230.0, {'J01': -14.0}, {'J01': 4}, {'J01': 14}, 
5235.0, {'J01': -10.0}, {'J01': 3}, {'J01': 10}, 
5240.0, {'J01': -6.0}, {'J01': 3}, {'J01': 6}, 
5245.0, {'J01': -12.0}, {'J01': 6}, {'J01': 12}, 
5250.0, {'J01': -18.0}, {'J01': 8}, {'J01': 18}, 
5255.0, {'J01': -17.0}, {'J01': 8}, {'J01': 17}, 
5260.0, {'J01': -19.0}, {'J01': 8}, {'J01': 19}, 
5265.0, {'J01': -17.0}, {'J01': 8}, {'J01': 17}, 
5270.0, {'J01': -17.0}, {'J01': 8}, {'J01': 17}, 
5275.0, {'J01': -18.0}, {'J01': 8}, {'J01': 18}, 
5280.0, {'J01': -20.0}, {'J01': 8}, {'J01': 20}, 
5285.0, {'J01': -18.0}, {'J01': 6}, {'J01': 18}, 
5290.0, {'J01': -14.0}, {'J01': 5}, {'J01': 14}, 
5295.0, {'J01': -13.0}, {'J01': 4}, {'J01': 13}, 
5300.0, {'J01': -14.0}, {'J01': 4}, {'J01': 14}, 
5305.0, {'J01': -13.0}, {'J01': 4}, {'J01': 13}, 
5310.0, {'J01': -7.0}, {'J01': 4}, {'J01': 7}, 
5315.0, {'J01': -8.0}, {'J01': 4}, {'J01': 8}, 
5320.0, {'J01': -9.0}, {'J01': 3}, {'J01': 9}, 
5325.0, {'J01': -15.0}, {'J01': 6}, {'J01': 15}, 
5330.0, {'J01': -18.0}, {'J01': 8}, {'J01': 18}, 
5335.0, {'J01': -17.0}, {'J01': 7}, {'J01': 17}, 
5340.0, {'J01': -20.0}, {'J01': 7}, {'J01': 20}, 
5345.0, {'J01': -20.0}, {'J01': 7}, {'J01': 20}, 
5350.0, {'J01': -18.0}, {'J01': 7}, {'J01': 18}, 
5355.0, {'J01': -16.0}, {'J01': 8}, {'J01': 16}, 
5360.0, {'J01': -18.0}, {'J01': 8}, {'J01': 18}, 
5365.0, {'J01': -19.0}, {'J01': 7}, {'J01': 19}, 
5370.0, {'J01': -14.0}, {'J01': 4}, {'J01': 14}, 
5375.0, {'J01': -10.0}, {'J01': 3}, {'J01': 10}, 
5380.0, {'J01': -9.0}, {'J01': 3}, {'J01': 9}, 
5385.0, {'J01': -13.0}, {'J01': 6}, {'J01': 13}, 
5390.0, {'J01': -18.0}, {'J01': 8}, {'J01': 18}, 
5395.0, {'J01': -21.0}, {'J01': 8}, {'J01': 21}, 
5400.0, {'J01': -20.0}, {'J01': 7}, {'J01': 20}, 
