5.0, {'J01': np.float32(4.0)}, {'J01': 0}, {'J01': 0}, 
10.0, {'J01': np.float32(-0.0)}, {'J01': 0}, {'J01': 0}, 
15.0, {'J01': np.float32(-0.002232143)}, {'J01': 1}, {'J01': 1}, 
20.0, {'J01': np.float32(-0.015625)}, {'J01': 1}, {'J01': 2}, 
25.0, {'J01': np.float32(-0.07366072)}, {'J01': 3}, {'J01': 3}, 
30.0, {'J01': np.float32(-0.19419643)}, {'J01': 4}, {'J01': 5}, 
35.0, {'J01': np.float32(-0.29017857)}, {'J01': 4}, {'J01': 9}, 
40.0, {'J01': np.float32(-0.44419643)}, {'J01': 4}, {'J01': 11}, 
45.0, {'J01': np.float32(-0.140625)}, {'J01': 3}, {'J01': 14}, 
50.0, {'J01': np.float32(-0.020089285)}, {'J01': 4}, {'J01': 15}, 
55.0, {'J01': np.float32(-0.71651787)}, {'J01': 5}, {'J01': 20}, 
60.0, {'J01': np.float32(-0.58928573)}, {'J01': 6}, {'J01': 21}, 
65.0, {'J01': np.float32(-0.9933036)}, {'J01': 7}, {'J01': 25}, 
70.0, {'J01': np.float32(-1.1584822)}, {'J01': 8}, {'J01': 30}, 
75.0, {'J01': np.float32(0.8660714)}, {'J01': 7}, {'J01': 26}, 
80.0, {'J01': np.float32(-1.1138393)}, {'J01': 7}, {'J01': 29}, 
85.0, {'J01': np.float32(-1.1986607)}, {'J01': 7}, {'J01': 31}, 
90.0, {'J01': np.float32(-0.6808036)}, {'J01': 8}, {'J01': 28}, 
95.0, {'J01': np.float32(-1.15625)}, {'J01': 8}, {'J01': 32}, 
100.0, {'J01': np.float32(-0.95535713)}, {'J01': 8}, {'J01': 33}, 
105.0, {'J01': np.float32(-1.2633928)}, {'J01': 8}, {'J01': 34}, 
110.0, {'J01': np.float32(0.071428575)}, {'J01': 8}, {'J01': 31}, 
115.0, {'J01': np.float32(2.7700894)}, {'J01': 6}, {'J01': 22}, 
120.0, {'J01': np.float32(0.4107143)}, {'J01': 5}, {'J01': 23}, 
125.0, {'J01': np.float32(-0.7879464)}, {'J01': 5}, {'J01': 27}, 
130.0, {'J01': np.float32(-0.24107143)}, {'J01': 7}, {'J01': 29}, 
135.0, {'J01': np.float32(-1.421875)}, {'J01': 8}, {'J01': 34}, 
140.0, {'J01': np.float32(-1.5580357)}, {'J01': 8}, {'J01': 37}, 
145.0, {'J01': np.float32(-1.640625)}, {'J01': 8}, {'J01': 39}, 
150.0, {'J01': np.float32(-1.921875)}, {'J01': 8}, {'J01': 41}, 
155.0, {'J01': np.float32(-2.080357)}, {'J01': 8}, {'J01': 42}, 
160.0, {'J01': np.float32(-2.091518)}, {'J01': 8}, {'J01': 44}, 
165.0, {'J01': np.float32(-0.62053573)}, {'J01': 8}, {'J01': 43}, 
170.0, {'J01': np.float32(-1.8035715)}, {'J01': 8}, {'J01': 46}, 
175.0, {'J01': np.float32(-2.220982)}, {'J01': 8}, {'J01': 50}, 
180.0, {'J01': np.float32(-2.345982)}, {'J01': 8}, {'J01': 51}, 
185.0, {'J01': np.float32(-2.1339285)}, {'J01': 8}, {'J01': 50}, 
190.0, {'J01': np.float32(-2.3973215)}, {'J01': 8}, {'J01': 50}, 
195.0, {'J01': np.float32(-2.294643)}, {'J01': 8}, {'J01': 51}, 
200.0, {'J01': np.float32(-2.4151785)}, {'J01': 9}, {'J01': 53}, 
205.0, {'J01': np.float32(-1.5535715)}, {'J01': 9}, {'J01': 54}, 
210.0, {'J01': np.float32(-1.5446428)}, {'J01': 9}, {'J01': 53}, 
215.0, {'J01': np.float32(-2.5223215)}, {'J01': 9}, {'J01': 53}, 
220.0, {'J01': np.float32(-2.575893)}, {'J01': 11}, {'J01': 57}, 
225.0, {'J01': np.float32(-1.4866072)}, {'J01': 11}, {'J01': 57}, 
230.0, {'J01': np.float32(-2.4129465)}, {'J01': 11}, {'J01': 57}, 
235.0, {'J01': np.float32(-1.1919643)}, {'J01': 11}, {'J01': 57}, 
240.0, {'J01': np.float32(0.3080357)}, {'J01': 11}, {'J01': 56}, 
245.0, {'J01': np.float32(0.09375)}, {'J01': 12}, {'J01': 54}, 
250.0, {'J01': np.float32(4.0)}, {'J01': 8}, {'J01': 43}, 
255.0, {'J01': np.float32(0.671875)}, {'J01': 8}, {'J01': 43}, 
260.0, {'J01': np.float32(-1.9888393)}, {'J01': 8}, {'J01': 48}, 
265.0, {'J01': np.float32(0.80133927)}, {'J01': 9}, {'J01': 50}, 
270.0, {'J01': np.float32(0.4642857)}, {'J01': 9}, {'J01': 51}, 
275.0, {'J01': np.float32(0.3125)}, {'J01': 9}, {'J01': 48}, 
280.0, {'J01': np.float32(-0.99776787)}, {'J01': 9}, {'J01': 45}, 
285.0, {'J01': np.float32(4.0)}, {'J01': 11}, {'J01': 44}, 
290.0, {'J01': np.float32(-2.0)}, {'J01': 11}, {'J01': 46}, 
295.0, {'J01': np.float32(1.078125)}, {'J01': 14}, {'J01': 45}, 
300.0, {'J01': np.float32(0.89508927)}, {'J01': 15}, {'J01': 44}, 
305.0, {'J01': np.float32(-1.7053572)}, {'J01': 15}, {'J01': 48}, 
310.0, {'J01': np.float32(4.0)}, {'J01': 13}, {'J01': 44}, 
315.0, {'J01': np.float32(-1.7142857)}, {'J01': 14}, {'J01': 45}, 
320.0, {'J01': np.float32(-1.2299107)}, {'J01': 13}, {'J01': 48}, 
325.0, {'J01': np.float32(-2.345982)}, {'J01': 13}, {'J01': 50}, 
330.0, {'J01': np.float32(1.9397322)}, {'J01': 16}, {'J01': 50}, 
335.0, {'J01': np.float32(-0.6160714)}, {'J01': 17}, {'J01': 44}, 
340.0, {'J01': np.float32(-2.0089285)}, {'J01': 18}, {'J01': 47}, 
345.0, {'J01': np.float32(-1.375)}, {'J01': 18}, {'J01': 48}, 
350.0, {'J01': np.float32(-1.7857143)}, {'J01': 18}, {'J01': 49}, 
355.0, {'J01': np.float32(4.0)}, {'J01': 16}, {'J01': 40}, 
360.0, {'J01': np.float32(4.0)}, {'J01': 16}, {'J01': 35}, 
365.0, {'J01': np.float32(4.0)}, {'J01': 14}, {'J01': 32}, 
370.0, {'J01': np.float32(-1.0491072)}, {'J01': 14}, {'J01': 35}, 
375.0, {'J01': np.float32(-1.6473215)}, {'J01': 14}, {'J01': 39}, 
380.0, {'J01': np.float32(3.0357144)}, {'J01': 14}, {'J01': 39}, 
385.0, {'J01': np.float32(4.0)}, {'J01': 13}, {'J01': 33}, 
390.0, {'J01': np.float32(-1.546875)}, {'J01': 13}, {'J01': 38}, 
395.0, {'J01': np.float32(4.0)}, {'J01': 11}, {'J01': 34}, 
400.0, {'J01': np.float32(0.7745536)}, {'J01': 10}, {'J01': 30}, 
405.0, {'J01': np.float32(1.8705357)}, {'J01': 8}, {'J01': 25}, 
410.0, {'J01': np.float32(0.08928572)}, {'J01': 7}, {'J01': 24}, 
415.0, {'J01': np.float32(-1.1875)}, {'J01': 11}, {'J01': 34}, 
420.0, {'J01': np.float32(-1.8035715)}, {'J01': 12}, {'J01': 43}, 
425.0, {'J01': np.float32(-2.1919644)}, {'J01': 12}, {'J01': 46}, 
430.0, {'J01': np.float32(-2.3370535)}, {'J01': 12}, {'J01': 47}, 
435.0, {'J01': np.float32(3.0580356)}, {'J01': 9}, {'J01': 38}, 
440.0, {'J01': np.float32(3.8236606)}, {'J01': 8}, {'J01': 32}, 
445.0, {'J01': np.float32(-1.2834822)}, {'J01': 8}, {'J01': 32}, 
450.0, {'J01': np.float32(-1.515625)}, {'J01': 10}, {'J01': 39}, 
455.0, {'J01': np.float32(0.24330357)}, {'J01': 11}, {'J01': 37}, 
460.0, {'J01': np.float32(-1.6071428)}, {'J01': 13}, {'J01': 39}, 
465.0, {'J01': np.float32(-1.8950893)}, {'J01': 14}, {'J01': 42}, 
470.0, {'J01': np.float32(3.7611606)}, {'J01': 10}, {'J01': 36}, 
475.0, {'J01': np.float32(3.529018)}, {'J01': 6}, {'J01': 22}, 
480.0, {'J01': np.float32(0.66741073)}, {'J01': 4}, {'J01': 20}, 
485.0, {'J01': np.float32(2.763393)}, {'J01': 4}, {'J01': 21}, 
490.0, {'J01': np.float32(0.62723213)}, {'J01': 6}, {'J01': 26}, 
495.0, {'J01': np.float32(-0.91741073)}, {'J01': 8}, {'J01': 31}, 
500.0, {'J01': np.float32(-1.3459822)}, {'J01': 8}, {'J01': 32}, 
505.0, {'J01': np.float32(-1.53125)}, {'J01': 8}, {'J01': 34}, 
510.0, {'J01': np.float32(-1.4397322)}, {'J01': 8}, {'J01': 34}, 
515.0, {'J01': np.float32(-1.6852678)}, {'J01': 8}, {'J01': 36}, 
520.0, {'J01': np.float32(-1.8526785)}, {'J01': 8}, {'J01': 38}, 
525.0, {'J01': np.float32(-1.9799107)}, {'J01': 8}, {'J01': 40}, 
530.0, {'J01': np.float32(-2.1183035)}, {'J01': 9}, {'J01': 44}, 
535.0, {'J01': np.float32(3.747768)}, {'J01': 7}, {'J01': 33}, 
540.0, {'J01': np.float32(-1.4754465)}, {'J01': 6}, {'J01': 32}, 
545.0, {'J01': np.float32(1.0357143)}, {'J01': 5}, {'J01': 26}, 
550.0, {'J01': np.float32(4.0)}, {'J01': 4}, {'J01': 22}, 
555.0, {'J01': np.float32(-0.65848213)}, {'J01': 4}, {'J01': 26}, 
560.0, {'J01': np.float32(1.0267857)}, {'J01': 7}, {'J01': 29}, 
565.0, {'J01': np.float32(-0.796875)}, {'J01': 8}, {'J01': 32}, 
570.0, {'J01': np.float32(-1.5535715)}, {'J01': 8}, {'J01': 36}, 
575.0, {'J01': np.float32(-1.0915178)}, {'J01': 8}, {'J01': 37}, 
580.0, {'J01': np.float32(-0.453125)}, {'J01': 8}, {'J01': 36}, 
585.0, {'J01': np.float32(-1.3504465)}, {'J01': 8}, {'J01': 38}, 
590.0, {'J01': np.float32(-1.8236607)}, {'J01': 8}, {'J01': 40}, 
595.0, {'J01': np.float32(-0.515625)}, {'J01': 8}, {'J01': 39}, 
600.0, {'J01': np.float32(-0.30357143)}, {'J01': 8}, {'J01': 37}, 
605.0, {'J01': np.float32(-1.5111607)}, {'J01': 8}, {'J01': 41}, 
610.0, {'J01': np.float32(-2.03125)}, {'J01': 9}, {'J01': 46}, 
615.0, {'J01': np.float32(4.0)}, {'J01': 7}, {'J01': 38}, 
620.0, {'J01': np.float32(4.0)}, {'J01': 4}, {'J01': 26}, 
625.0, {'J01': np.float32(2.0245535)}, {'J01': 4}, {'J01': 21}, 
630.0, {'J01': np.float32(-0.7120536)}, {'J01': 4}, {'J01': 27}, 
635.0, {'J01': np.float32(-1.3348215)}, {'J01': 6}, {'J01': 35}, 
640.0, {'J01': np.float32(-1.5691965)}, {'J01': 8}, {'J01': 40}, 
645.0, {'J01': np.float32(-1.0267857)}, {'J01': 8}, {'J01': 40}, 
650.0, {'J01': np.float32(-0.23883928)}, {'J01': 8}, {'J01': 34}, 
655.0, {'J01': np.float32(2.4263394)}, {'J01': 6}, {'J01': 26}, 
660.0, {'J01': np.float32(0.93973213)}, {'J01': 5}, {'J01': 25}, 
665.0, {'J01': np.float32(-0.97098213)}, {'J01': 5}, {'J01': 30}, 
670.0, {'J01': np.float32(-0.069196425)}, {'J01': 7}, {'J01': 35}, 
675.0, {'J01': np.float32(-0.5245536)}, {'J01': 8}, {'J01': 38}, 
680.0, {'J01': np.float32(-1.4285715)}, {'J01': 8}, {'J01': 40}, 
685.0, {'J01': np.float32(-1.1517857)}, {'J01': 8}, {'J01': 43}, 
690.0, {'J01': np.float32(-1.8526785)}, {'J01': 8}, {'J01': 44}, 
695.0, {'J01': np.float32(-2.0892856)}, {'J01': 8}, {'J01': 49}, 
700.0, {'J01': np.float32(-2.299107)}, {'J01': 8}, {'J01': 50}, 
705.0, {'J01': np.float32(1.3504465)}, {'J01': 7}, {'J01': 42}, 
710.0, {'J01': np.float32(2.408482)}, {'J01': 6}, {'J01': 35}, 
715.0, {'J01': np.float32(-0.8995536)}, {'J01': 6}, {'J01': 40}, 
720.0, {'J01': np.float32(-1.2700893)}, {'J01': 7}, {'J01': 41}, 
725.0, {'J01': np.float32(-2.002232)}, {'J01': 8}, {'J01': 43}, 
730.0, {'J01': np.float32(-1.6964285)}, {'J01': 8}, {'J01': 43}, 
735.0, {'J01': np.float32(-2.107143)}, {'J01': 8}, {'J01': 43}, 
740.0, {'J01': np.float32(0.578125)}, {'J01': 8}, {'J01': 39}, 
745.0, {'J01': np.float32(4.0)}, {'J01': 6}, {'J01': 28}, 
750.0, {'J01': np.float32(0.9598214)}, {'J01': 5}, {'J01': 28}, 
755.0, {'J01': np.float32(-1.4888393)}, {'J01': 5}, {'J01': 34}, 
760.0, {'J01': np.float32(1.0022322)}, {'J01': 5}, {'J01': 29}, 
765.0, {'J01': np.float32(3.0825894)}, {'J01': 5}, {'J01': 19}, 
770.0, {'J01': np.float32(0.05357143)}, {'J01': 5}, {'J01': 20}, 
775.0, {'J01': np.float32(-1.0491072)}, {'J01': 5}, {'J01': 27}, 
780.0, {'J01': np.float32(-1.5022322)}, {'J01': 6}, {'J01': 34}, 
785.0, {'J01': np.float32(-1.4285715)}, {'J01': 8}, {'J01': 38}, 
790.0, {'J01': np.float32(-1.5558035)}, {'J01': 8}, {'J01': 36}, 
795.0, {'J01': np.float32(-1.4866072)}, {'J01': 8}, {'J01': 34}, 
800.0, {'J01': np.float32(-1.7254465)}, {'J01': 8}, {'J01': 33}, 
805.0, {'J01': np.float32(-1.7723215)}, {'J01': 8}, {'J01': 35}, 
810.0, {'J01': np.float32(3.2455356)}, {'J01': 8}, {'J01': 37}, 
815.0, {'J01': np.float32(-1.6651785)}, {'J01': 8}, {'J01': 39}, 
820.0, {'J01': np.float32(-1.8794643)}, {'J01': 8}, {'J01': 43}, 
825.0, {'J01': np.float32(-1.8794643)}, {'J01': 8}, {'J01': 42}, 
830.0, {'J01': np.float32(-2.03125)}, {'J01': 8}, {'J01': 45}, 
835.0, {'J01': np.float32(0.7901786)}, {'J01': 9}, {'J01': 47}, 
840.0, {'J01': np.float32(-2.111607)}, {'J01': 9}, {'J01': 49}, 
845.0, {'J01': np.float32(-2.2589285)}, {'J01': 10}, {'J01': 51}, 
850.0, {'J01': np.float32(-2.357143)}, {'J01': 10}, {'J01': 52}, 
855.0, {'J01': np.float32(-0.83035713)}, {'J01': 10}, {'J01': 53}, 
860.0, {'J01': np.float32(-2.325893)}, {'J01': 10}, {'J01': 54}, 
865.0, {'J01': np.float32(-2.502232)}, {'J01': 10}, {'J01': 57}, 
870.0, {'J01': np.float32(-2.6450894)}, {'J01': 10}, {'J01': 58}, 
875.0, {'J01': np.float32(-2.720982)}, {'J01': 11}, {'J01': 59}, 
880.0, {'J01': np.float32(-2.8169644)}, {'J01': 11}, {'J01': 61}, 
885.0, {'J01': np.float32(-2.9419644)}, {'J01': 11}, {'J01': 63}, 
890.0, {'J01': np.float32(-2.517857)}, {'J01': 11}, {'J01': 63}, 
895.0, {'J01': np.float32(-2.9017856)}, {'J01': 11}, {'J01': 63}, 
900.0, {'J01': np.float32(-2.9419644)}, {'J01': 11}, {'J01': 63}, 
905.0, {'J01': np.float32(-3.015625)}, {'J01': 12}, {'J01': 66}, 
910.0, {'J01': np.float32(-2.9486606)}, {'J01': 13}, {'J01': 68}, 
915.0, {'J01': np.float32(-3.1450894)}, {'J01': 13}, {'J01': 69}, 
920.0, {'J01': np.float32(-3.1964285)}, {'J01': 14}, {'J01': 72}, 
925.0, {'J01': np.float32(-3.3325894)}, {'J01': 15}, {'J01': 74}, 
930.0, {'J01': np.float32(-3.4107144)}, {'J01': 15}, {'J01': 74}, 
935.0, {'J01': np.float32(-3.4375)}, {'J01': 15}, {'J01': 75}, 
940.0, {'J01': np.float32(-3.4598215)}, {'J01': 15}, {'J01': 76}, 
945.0, {'J01': np.float32(-3.142857)}, {'J01': 15}, {'J01': 76}, 
950.0, {'J01': np.float32(-3.513393)}, {'J01': 15}, {'J01': 77}, 
955.0, {'J01': np.float32(-3.564732)}, {'J01': 16}, {'J01': 79}, 
960.0, {'J01': np.float32(-3.669643)}, {'J01': 18}, {'J01': 81}, 
965.0, {'J01': np.float32(-3.5424106)}, {'J01': 19}, {'J01': 83}, 
970.0, {'J01': np.float32(-3.8080356)}, {'J01': 20}, {'J01': 85}, 
975.0, {'J01': np.float32(-3.9308035)}, {'J01': 20}, {'J01': 85}, 
980.0, {'J01': np.float32(-3.953125)}, {'J01': 20}, {'J01': 86}, 
985.0, {'J01': np.float32(-4.0)}, {'J01': 21}, {'J01': 88}, 
990.0, {'J01': np.float32(-4.0)}, {'J01': 21}, {'J01': 88}, 
995.0, {'J01': np.float32(-4.0)}, {'J01': 21}, {'J01': 90}, 
1000.0, {'J01': np.float32(-3.8683035)}, {'J01': 21}, {'J01': 90}, 
1005.0, {'J01': np.float32(-3.9151785)}, {'J01': 23}, {'J01': 93}, 
1010.0, {'J01': np.float32(-4.0)}, {'J01': 23}, {'J01': 93}, 
1015.0, {'J01': np.float32(-4.0)}, {'J01': 23}, {'J01': 93}, 
1020.0, {'J01': np.float32(-4.0)}, {'J01': 24}, {'J01': 94}, 
1025.0, {'J01': np.float32(-4.0)}, {'J01': 24}, {'J01': 94}, 
1030.0, {'J01': np.float32(-4.0)}, {'J01': 24}, {'J01': 94}, 
1035.0, {'J01': np.float32(-4.0)}, {'J01': 25}, {'J01': 95}, 
1040.0, {'J01': np.float32(-4.0)}, {'J01': 25}, {'J01': 95}, 
1045.0, {'J01': np.float32(-4.0)}, {'J01': 25}, {'J01': 95}, 
1050.0, {'J01': np.float32(-4.0)}, {'J01': 25}, {'J01': 95}, 
1055.0, {'J01': np.float32(-4.0)}, {'J01': 25}, {'J01': 97}, 
1060.0, {'J01': np.float32(-2.095982)}, {'J01': 25}, {'J01': 98}, 
1065.0, {'J01': np.float32(-4.0)}, {'J01': 26}, {'J01': 99}, 
1070.0, {'J01': np.float32(-4.0)}, {'J01': 26}, {'J01': 99}, 
1075.0, {'J01': np.float32(-4.0)}, {'J01': 26}, {'J01': 99}, 
1080.0, {'J01': np.float32(-4.0)}, {'J01': 26}, {'J01': 99}, 
1085.0, {'J01': np.float32(-4.0)}, {'J01': 27}, {'J01': 100}, 
1090.0, {'J01': np.float32(-4.0)}, {'J01': 28}, {'J01': 101}, 
1095.0, {'J01': np.float32(-4.0)}, {'J01': 29}, {'J01': 102}, 
1100.0, {'J01': np.float32(-4.0)}, {'J01': 30}, {'J01': 103}, 
1105.0, {'J01': np.float32(-4.0)}, {'J01': 30}, {'J01': 103}, 
1110.0, {'J01': np.float32(-4.0)}, {'J01': 30}, {'J01': 103}, 
1115.0, {'J01': np.float32(-4.0)}, {'J01': 31}, {'J01': 104}, 
1120.0, {'J01': np.float32(-4.0)}, {'J01': 31}, {'J01': 104}, 
1125.0, {'J01': np.float32(-4.0)}, {'J01': 31}, {'J01': 104}, 
1130.0, {'J01': np.float32(-4.0)}, {'J01': 31}, {'J01': 104}, 
1135.0, {'J01': np.float32(-4.0)}, {'J01': 32}, {'J01': 106}, 
1140.0, {'J01': np.float32(-4.0)}, {'J01': 32}, {'J01': 106}, 
1145.0, {'J01': np.float32(-4.0)}, {'J01': 32}, {'J01': 106}, 
1150.0, {'J01': np.float32(-4.0)}, {'J01': 32}, {'J01': 106}, 
1155.0, {'J01': np.float32(-4.0)}, {'J01': 32}, {'J01': 106}, 
1160.0, {'J01': np.float32(-4.0)}, {'J01': 34}, {'J01': 108}, 
1165.0, {'J01': np.float32(-3.794643)}, {'J01': 34}, {'J01': 108}, 
1170.0, {'J01': np.float32(-3.6316965)}, {'J01': 34}, {'J01': 108}, 
1175.0, {'J01': np.float32(-4.0)}, {'J01': 36}, {'J01': 110}, 
1180.0, {'J01': np.float32(-3.8950894)}, {'J01': 36}, {'J01': 110}, 
1185.0, {'J01': np.float32(-4.0)}, {'J01': 37}, {'J01': 111}, 
1190.0, {'J01': np.float32(-4.0)}, {'J01': 38}, {'J01': 112}, 
1195.0, {'J01': np.float32(-4.0)}, {'J01': 38}, {'J01': 112}, 
1200.0, {'J01': np.float32(-4.0)}, {'J01': 39}, {'J01': 115}, 
1205.0, {'J01': np.float32(-4.0)}, {'J01': 40}, {'J01': 116}, 
1210.0, {'J01': np.float32(-4.0)}, {'J01': 40}, {'J01': 116}, 
1215.0, {'J01': np.float32(-4.0)}, {'J01': 40}, {'J01': 116}, 
1220.0, {'J01': np.float32(-4.0)}, {'J01': 40}, {'J01': 116}, 
1225.0, {'J01': np.float32(-4.0)}, {'J01': 40}, {'J01': 116}, 
1230.0, {'J01': np.float32(-4.0)}, {'J01': 40}, {'J01': 117}, 
1235.0, {'J01': np.float32(-4.0)}, {'J01': 40}, {'J01': 118}, 
1240.0, {'J01': np.float32(-4.0)}, {'J01': 40}, {'J01': 118}, 
1245.0, {'J01': np.float32(-4.0)}, {'J01': 40}, {'J01': 119}, 
1250.0, {'J01': np.float32(-4.0)}, {'J01': 40}, {'J01': 120}, 
1255.0, {'J01': np.float32(-4.0)}, {'J01': 40}, {'J01': 120}, 
1260.0, {'J01': np.float32(-4.0)}, {'J01': 40}, {'J01': 121}, 
1265.0, {'J01': np.float32(-4.0)}, {'J01': 40}, {'J01': 121}, 
1270.0, {'J01': np.float32(-4.0)}, {'J01': 40}, {'J01': 122}, 
1275.0, {'J01': np.float32(-4.0)}, {'J01': 40}, {'J01': 122}, 
1280.0, {'J01': np.float32(-4.0)}, {'J01': 40}, {'J01': 122}, 
1285.0, {'J01': np.float32(-4.0)}, {'J01': 40}, {'J01': 122}, 
1290.0, {'J01': np.float32(-4.0)}, {'J01': 40}, {'J01': 122}, 
1295.0, {'J01': np.float32(-4.0)}, {'J01': 40}, {'J01': 122}, 
1300.0, {'J01': np.float32(-4.0)}, {'J01': 40}, {'J01': 122}, 
1305.0, {'J01': np.float32(-4.0)}, {'J01': 40}, {'J01': 122}, 
1310.0, {'J01': np.float32(-4.0)}, {'J01': 40}, {'J01': 122}, 
1315.0, {'J01': np.float32(-4.0)}, {'J01': 40}, {'J01': 122}, 
1320.0, {'J01': np.float32(-4.0)}, {'J01': 40}, {'J01': 122}, 
1325.0, {'J01': np.float32(-4.0)}, {'J01': 40}, {'J01': 122}, 
1330.0, {'J01': np.float32(-4.0)}, {'J01': 40}, {'J01': 122}, 
1335.0, {'J01': np.float32(-4.0)}, {'J01': 40}, {'J01': 122}, 
1340.0, {'J01': np.float32(-4.0)}, {'J01': 40}, {'J01': 122}, 
1345.0, {'J01': np.float32(-4.0)}, {'J01': 40}, {'J01': 122}, 
1350.0, {'J01': np.float32(-4.0)}, {'J01': 40}, {'J01': 122}, 
1355.0, {'J01': np.float32(-4.0)}, {'J01': 40}, {'J01': 122}, 
1360.0, {'J01': np.float32(-4.0)}, {'J01': 40}, {'J01': 122}, 
1365.0, {'J01': np.float32(-4.0)}, {'J01': 40}, {'J01': 122}, 
1370.0, {'J01': np.float32(-4.0)}, {'J01': 40}, {'J01': 123}, 
1375.0, {'J01': np.float32(-4.0)}, {'J01': 40}, {'J01': 123}, 
1380.0, {'J01': np.float32(4.0)}, {'J01': 40}, {'J01': 123}, 
1385.0, {'J01': np.float32(-4.0)}, {'J01': 40}, {'J01': 123}, 
1390.0, {'J01': np.float32(-4.0)}, {'J01': 40}, {'J01': 123}, 
1395.0, {'J01': np.float32(-4.0)}, {'J01': 40}, {'J01': 123}, 
1400.0, {'J01': np.float32(-4.0)}, {'J01': 40}, {'J01': 123}, 
1405.0, {'J01': np.float32(-4.0)}, {'J01': 40}, {'J01': 123}, 
1410.0, {'J01': np.float32(-4.0)}, {'J01': 40}, {'J01': 123}, 
1415.0, {'J01': np.float32(-4.0)}, {'J01': 40}, {'J01': 123}, 
1420.0, {'J01': np.float32(-4.0)}, {'J01': 40}, {'J01': 123}, 
1425.0, {'J01': np.float32(-4.0)}, {'J01': 40}, {'J01': 123}, 
1430.0, {'J01': np.float32(-4.0)}, {'J01': 40}, {'J01': 123}, 
1435.0, {'J01': np.float32(-4.0)}, {'J01': 40}, {'J01': 123}, 
1440.0, {'J01': np.float32(-4.0)}, {'J01': 40}, {'J01': 123}, 
1445.0, {'J01': np.float32(-4.0)}, {'J01': 40}, {'J01': 123}, 
1450.0, {'J01': np.float32(-4.0)}, {'J01': 40}, {'J01': 124}, 
1455.0, {'J01': np.float32(-4.0)}, {'J01': 40}, {'J01': 124}, 
1460.0, {'J01': np.float32(-4.0)}, {'J01': 40}, {'J01': 124}, 
1465.0, {'J01': np.float32(-4.0)}, {'J01': 40}, {'J01': 124}, 
1470.0, {'J01': np.float32(-4.0)}, {'J01': 40}, {'J01': 124}, 
1475.0, {'J01': np.float32(-4.0)}, {'J01': 40}, {'J01': 124}, 
1480.0, {'J01': np.float32(-4.0)}, {'J01': 40}, {'J01': 125}, 
1485.0, {'J01': np.float32(-4.0)}, {'J01': 40}, {'J01': 125}, 
1490.0, {'J01': np.float32(-4.0)}, {'J01': 40}, {'J01': 125}, 
1495.0, {'J01': np.float32(-4.0)}, {'J01': 40}, {'J01': 125}, 
1500.0, {'J01': np.float32(-4.0)}, {'J01': 40}, {'J01': 126}, 
1505.0, {'J01': np.float32(-4.0)}, {'J01': 40}, {'J01': 126}, 
1510.0, {'J01': np.float32(-4.0)}, {'J01': 40}, {'J01': 126}, 
1515.0, {'J01': np.float32(-4.0)}, {'J01': 40}, {'J01': 126}, 
1520.0, {'J01': np.float32(-4.0)}, {'J01': 40}, {'J01': 126}, 
1525.0, {'J01': np.float32(-4.0)}, {'J01': 40}, {'J01': 127}, 
1530.0, {'J01': np.float32(-4.0)}, {'J01': 40}, {'J01': 127}, 
1535.0, {'J01': np.float32(-4.0)}, {'J01': 40}, {'J01': 127}, 
1540.0, {'J01': np.float32(-4.0)}, {'J01': 40}, {'J01': 127}, 
1545.0, {'J01': np.float32(-4.0)}, {'J01': 40}, {'J01': 127}, 
1550.0, {'J01': np.float32(-4.0)}, {'J01': 40}, {'J01': 128}, 
1555.0, {'J01': np.float32(-4.0)}, {'J01': 40}, {'J01': 128}, 
1560.0, {'J01': np.float32(-4.0)}, {'J01': 40}, {'J01': 128}, 
1565.0, {'J01': np.float32(-4.0)}, {'J01': 40}, {'J01': 128}, 
1570.0, {'J01': np.float32(-4.0)}, {'J01': 40}, {'J01': 128}, 
1575.0, {'J01': np.float32(-4.0)}, {'J01': 40}, {'J01': 128}, 
1580.0, {'J01': np.float32(-4.0)}, {'J01': 40}, {'J01': 128}, 
1585.0, {'J01': np.float32(-4.0)}, {'J01': 40}, {'J01': 128}, 
1590.0, {'J01': np.float32(-4.0)}, {'J01': 40}, {'J01': 128}, 
1595.0, {'J01': np.float32(-4.0)}, {'J01': 40}, {'J01': 128}, 
1600.0, {'J01': np.float32(-4.0)}, {'J01': 40}, {'J01': 128}, 
1605.0, {'J01': np.float32(-4.0)}, {'J01': 40}, {'J01': 128}, 
1610.0, {'J01': np.float32(-4.0)}, {'J01': 40}, {'J01': 128}, 
1615.0, {'J01': np.float32(-4.0)}, {'J01': 40}, {'J01': 128}, 
1620.0, {'J01': np.float32(-4.0)}, {'J01': 40}, {'J01': 128}, 
1625.0, {'J01': np.float32(-4.0)}, {'J01': 40}, {'J01': 129}, 
1630.0, {'J01': np.float32(-4.0)}, {'J01': 40}, {'J01': 129}, 
1635.0, {'J01': np.float32(-4.0)}, {'J01': 40}, {'J01': 129}, 
1640.0, {'J01': np.float32(-4.0)}, {'J01': 40}, {'J01': 129}, 
1645.0, {'J01': np.float32(-4.0)}, {'J01': 40}, {'J01': 130}, 
1650.0, {'J01': np.float32(-4.0)}, {'J01': 40}, {'J01': 131}, 
1655.0, {'J01': np.float32(-4.0)}, {'J01': 40}, {'J01': 131}, 
1660.0, {'J01': np.float32(-4.0)}, {'J01': 40}, {'J01': 131}, 
1665.0, {'J01': np.float32(-4.0)}, {'J01': 40}, {'J01': 131}, 
1670.0, {'J01': np.float32(-4.0)}, {'J01': 40}, {'J01': 131}, 
1675.0, {'J01': np.float32(-4.0)}, {'J01': 40}, {'J01': 131}, 
1680.0, {'J01': np.float32(4.0)}, {'J01': 40}, {'J01': 131}, 
1685.0, {'J01': np.float32(-2.424107)}, {'J01': 40}, {'J01': 132}, 
1690.0, {'J01': np.float32(-4.0)}, {'J01': 40}, {'J01': 132}, 
1695.0, {'J01': np.float32(-4.0)}, {'J01': 40}, {'J01': 132}, 
1700.0, {'J01': np.float32(-4.0)}, {'J01': 40}, {'J01': 132}, 
1705.0, {'J01': np.float32(-4.0)}, {'J01': 40}, {'J01': 132}, 
1710.0, {'J01': np.float32(-3.955357)}, {'J01': 40}, {'J01': 132}, 
1715.0, {'J01': np.float32(-4.0)}, {'J01': 40}, {'J01': 132}, 
1720.0, {'J01': np.float32(-4.0)}, {'J01': 40}, {'J01': 133}, 
1725.0, {'J01': np.float32(-4.0)}, {'J01': 40}, {'J01': 133}, 
1730.0, {'J01': np.float32(-4.0)}, {'J01': 40}, {'J01': 133}, 
1735.0, {'J01': np.float32(-4.0)}, {'J01': 40}, {'J01': 133}, 
1740.0, {'J01': np.float32(-4.0)}, {'J01': 40}, {'J01': 133}, 
1745.0, {'J01': np.float32(-4.0)}, {'J01': 40}, {'J01': 133}, 
1750.0, {'J01': np.float32(-4.0)}, {'J01': 40}, {'J01': 133}, 
1755.0, {'J01': np.float32(-4.0)}, {'J01': 40}, {'J01': 133}, 
1760.0, {'J01': np.float32(-4.0)}, {'J01': 40}, {'J01': 133}, 
1765.0, {'J01': np.float32(-4.0)}, {'J01': 40}, {'J01': 133}, 
1770.0, {'J01': np.float32(-4.0)}, {'J01': 40}, {'J01': 133}, 
1775.0, {'J01': np.float32(-4.0)}, {'J01': 40}, {'J01': 134}, 
1780.0, {'J01': np.float32(-4.0)}, {'J01': 40}, {'J01': 134}, 
1785.0, {'J01': np.float32(-4.0)}, {'J01': 40}, {'J01': 134}, 
1790.0, {'J01': np.float32(-4.0)}, {'J01': 40}, {'J01': 134}, 
1795.0, {'J01': np.float32(-4.0)}, {'J01': 40}, {'J01': 134}, 
1800.0, {'J01': np.float32(-4.0)}, {'J01': 40}, {'J01': 134}, 
1805.0, {'J01': np.float32(-4.0)}, {'J01': 40}, {'J01': 135}, 
1810.0, {'J01': np.float32(-4.0)}, {'J01': 40}, {'J01': 135}, 
1815.0, {'J01': np.float32(-4.0)}, {'J01': 40}, {'J01': 135}, 
1820.0, {'J01': np.float32(-4.0)}, {'J01': 40}, {'J01': 135}, 
1825.0, {'J01': np.float32(-4.0)}, {'J01': 40}, {'J01': 135}, 
1830.0, {'J01': np.float32(-4.0)}, {'J01': 40}, {'J01': 135}, 
1835.0, {'J01': np.float32(-4.0)}, {'J01': 40}, {'J01': 135}, 
1840.0, {'J01': np.float32(-4.0)}, {'J01': 40}, {'J01': 135}, 
1845.0, {'J01': np.float32(-4.0)}, {'J01': 40}, {'J01': 135}, 
1850.0, {'J01': np.float32(-4.0)}, {'J01': 40}, {'J01': 135}, 
1855.0, {'J01': np.float32(-4.0)}, {'J01': 40}, {'J01': 135}, 
1860.0, {'J01': np.float32(-4.0)}, {'J01': 40}, {'J01': 135}, 
1865.0, {'J01': np.float32(-4.0)}, {'J01': 40}, {'J01': 135}, 
1870.0, {'J01': np.float32(-4.0)}, {'J01': 40}, {'J01': 135}, 
1875.0, {'J01': np.float32(-2.3638394)}, {'J01': 40}, {'J01': 135}, 
1880.0, {'J01': np.float32(-4.0)}, {'J01': 40}, {'J01': 135}, 
1885.0, {'J01': np.float32(4.0)}, {'J01': 40}, {'J01': 136}, 
1890.0, {'J01': np.float32(-4.0)}, {'J01': 40}, {'J01': 136}, 
1895.0, {'J01': np.float32(-4.0)}, {'J01': 40}, {'J01': 136}, 
1900.0, {'J01': np.float32(-4.0)}, {'J01': 40}, {'J01': 136}, 
1905.0, {'J01': np.float32(-4.0)}, {'J01': 40}, {'J01': 136}, 
1910.0, {'J01': np.float32(-4.0)}, {'J01': 40}, {'J01': 136}, 
1915.0, {'J01': np.float32(-4.0)}, {'J01': 40}, {'J01': 136}, 
1920.0, {'J01': np.float32(-4.0)}, {'J01': 40}, {'J01': 136}, 
1925.0, {'J01': np.float32(-4.0)}, {'J01': 40}, {'J01': 136}, 
1930.0, {'J01': np.float32(-4.0)}, {'J01': 40}, {'J01': 136}, 
1935.0, {'J01': np.float32(-4.0)}, {'J01': 40}, {'J01': 136}, 
1940.0, {'J01': np.float32(-4.0)}, {'J01': 40}, {'J01': 136}, 
1945.0, {'J01': np.float32(-4.0)}, {'J01': 40}, {'J01': 136}, 
1950.0, {'J01': np.float32(-4.0)}, {'J01': 40}, {'J01': 136}, 
1955.0, {'J01': np.float32(-4.0)}, {'J01': 40}, {'J01': 136}, 
1960.0, {'J01': np.float32(-4.0)}, {'J01': 40}, {'J01': 136}, 
1965.0, {'J01': np.float32(-4.0)}, {'J01': 40}, {'J01': 137}, 
1970.0, {'J01': np.float32(-4.0)}, {'J01': 40}, {'J01': 137}, 
1975.0, {'J01': np.float32(-4.0)}, {'J01': 40}, {'J01': 137}, 
1980.0, {'J01': np.float32(-4.0)}, {'J01': 40}, {'J01': 137}, 
1985.0, {'J01': np.float32(-4.0)}, {'J01': 40}, {'J01': 137}, 
1990.0, {'J01': np.float32(-4.0)}, {'J01': 40}, {'J01': 137}, 
1995.0, {'J01': np.float32(-4.0)}, {'J01': 40}, {'J01': 137}, 
2000.0, {'J01': np.float32(-4.0)}, {'J01': 40}, {'J01': 137}, 
2005.0, {'J01': np.float32(-4.0)}, {'J01': 40}, {'J01': 138}, 
2010.0, {'J01': np.float32(-4.0)}, {'J01': 40}, {'J01': 138}, 
2015.0, {'J01': np.float32(-4.0)}, {'J01': 40}, {'J01': 138}, 
2020.0, {'J01': np.float32(-4.0)}, {'J01': 40}, {'J01': 138}, 
2025.0, {'J01': np.float32(-4.0)}, {'J01': 40}, {'J01': 138}, 
2030.0, {'J01': np.float32(-4.0)}, {'J01': 40}, {'J01': 138}, 
2035.0, {'J01': np.float32(-4.0)}, {'J01': 40}, {'J01': 138}, 
2040.0, {'J01': np.float32(-4.0)}, {'J01': 40}, {'J01': 138}, 
2045.0, {'J01': np.float32(-4.0)}, {'J01': 40}, {'J01': 138}, 
2050.0, {'J01': np.float32(-4.0)}, {'J01': 40}, {'J01': 138}, 
2055.0, {'J01': np.float32(-4.0)}, {'J01': 40}, {'J01': 138}, 
2060.0, {'J01': np.float32(-4.0)}, {'J01': 40}, {'J01': 139}, 
2065.0, {'J01': np.float32(-4.0)}, {'J01': 40}, {'J01': 139}, 
2070.0, {'J01': np.float32(-4.0)}, {'J01': 40}, {'J01': 139}, 
2075.0, {'J01': np.float32(-4.0)}, {'J01': 40}, {'J01': 139}, 
2080.0, {'J01': np.float32(-4.0)}, {'J01': 40}, {'J01': 139}, 
2085.0, {'J01': np.float32(-4.0)}, {'J01': 40}, {'J01': 139}, 
2090.0, {'J01': np.float32(-4.0)}, {'J01': 40}, {'J01': 139}, 
2095.0, {'J01': np.float32(-4.0)}, {'J01': 40}, {'J01': 139}, 
2100.0, {'J01': np.float32(-4.0)}, {'J01': 40}, {'J01': 139}, 
2105.0, {'J01': np.float32(-4.0)}, {'J01': 40}, {'J01': 139}, 
2110.0, {'J01': np.float32(-4.0)}, {'J01': 40}, {'J01': 139}, 
2115.0, {'J01': np.float32(-4.0)}, {'J01': 40}, {'J01': 140}, 
2120.0, {'J01': np.float32(-4.0)}, {'J01': 40}, {'J01': 140}, 
2125.0, {'J01': np.float32(-4.0)}, {'J01': 40}, {'J01': 140}, 
2130.0, {'J01': np.float32(-4.0)}, {'J01': 40}, {'J01': 140}, 
2135.0, {'J01': np.float32(-4.0)}, {'J01': 40}, {'J01': 140}, 
2140.0, {'J01': np.float32(-4.0)}, {'J01': 40}, {'J01': 140}, 
2145.0, {'J01': np.float32(-4.0)}, {'J01': 40}, {'J01': 140}, 
2150.0, {'J01': np.float32(-4.0)}, {'J01': 40}, {'J01': 140}, 
2155.0, {'J01': np.float32(-4.0)}, {'J01': 40}, {'J01': 141}, 
2160.0, {'J01': np.float32(-4.0)}, {'J01': 40}, {'J01': 141}, 
2165.0, {'J01': np.float32(-4.0)}, {'J01': 40}, {'J01': 141}, 
2170.0, {'J01': np.float32(-4.0)}, {'J01': 40}, {'J01': 141}, 
2175.0, {'J01': np.float32(-4.0)}, {'J01': 40}, {'J01': 141}, 
2180.0, {'J01': np.float32(-4.0)}, {'J01': 40}, {'J01': 141}, 
2185.0, {'J01': np.float32(-4.0)}, {'J01': 40}, {'J01': 141}, 
2190.0, {'J01': np.float32(-4.0)}, {'J01': 40}, {'J01': 141}, 
2195.0, {'J01': np.float32(4.0)}, {'J01': 40}, {'J01': 141}, 
2200.0, {'J01': np.float32(-4.0)}, {'J01': 40}, {'J01': 141}, 
2205.0, {'J01': np.float32(-4.0)}, {'J01': 40}, {'J01': 141}, 
2210.0, {'J01': np.float32(-4.0)}, {'J01': 40}, {'J01': 141}, 
2215.0, {'J01': np.float32(-4.0)}, {'J01': 40}, {'J01': 141}, 
2220.0, {'J01': np.float32(-4.0)}, {'J01': 40}, {'J01': 141}, 
2225.0, {'J01': np.float32(-4.0)}, {'J01': 40}, {'J01': 141}, 
2230.0, {'J01': np.float32(-4.0)}, {'J01': 40}, {'J01': 141}, 
2235.0, {'J01': np.float32(-4.0)}, {'J01': 40}, {'J01': 141}, 
2240.0, {'J01': np.float32(-4.0)}, {'J01': 40}, {'J01': 141}, 
2245.0, {'J01': np.float32(-4.0)}, {'J01': 40}, {'J01': 141}, 
2250.0, {'J01': np.float32(-4.0)}, {'J01': 40}, {'J01': 141}, 
2255.0, {'J01': np.float32(-4.0)}, {'J01': 40}, {'J01': 141}, 
2260.0, {'J01': np.float32(-4.0)}, {'J01': 40}, {'J01': 141}, 
2265.0, {'J01': np.float32(-4.0)}, {'J01': 40}, {'J01': 141}, 
2270.0, {'J01': np.float32(-4.0)}, {'J01': 40}, {'J01': 141}, 
2275.0, {'J01': np.float32(-4.0)}, {'J01': 40}, {'J01': 141}, 
2280.0, {'J01': np.float32(-4.0)}, {'J01': 40}, {'J01': 141}, 
2285.0, {'J01': np.float32(-4.0)}, {'J01': 40}, {'J01': 141}, 
2290.0, {'J01': np.float32(-4.0)}, {'J01': 40}, {'J01': 141}, 
2295.0, {'J01': np.float32(-4.0)}, {'J01': 40}, {'J01': 141}, 
2300.0, {'J01': np.float32(-4.0)}, {'J01': 40}, {'J01': 141}, 
2305.0, {'J01': np.float32(-4.0)}, {'J01': 40}, {'J01': 141}, 
2310.0, {'J01': np.float32(-4.0)}, {'J01': 40}, {'J01': 141}, 
2315.0, {'J01': np.float32(-4.0)}, {'J01': 40}, {'J01': 141}, 
2320.0, {'J01': np.float32(-4.0)}, {'J01': 40}, {'J01': 141}, 
2325.0, {'J01': np.float32(-4.0)}, {'J01': 40}, {'J01': 141}, 
2330.0, {'J01': np.float32(-4.0)}, {'J01': 40}, {'J01': 141}, 
2335.0, {'J01': np.float32(-4.0)}, {'J01': 40}, {'J01': 141}, 
2340.0, {'J01': np.float32(-4.0)}, {'J01': 40}, {'J01': 141}, 
2345.0, {'J01': np.float32(-4.0)}, {'J01': 40}, {'J01': 141}, 
2350.0, {'J01': np.float32(-4.0)}, {'J01': 40}, {'J01': 141}, 
2355.0, {'J01': np.float32(-4.0)}, {'J01': 40}, {'J01': 141}, 
2360.0, {'J01': np.float32(-4.0)}, {'J01': 40}, {'J01': 141}, 
2365.0, {'J01': np.float32(-4.0)}, {'J01': 40}, {'J01': 141}, 
2370.0, {'J01': np.float32(-4.0)}, {'J01': 40}, {'J01': 141}, 
2375.0, {'J01': np.float32(-4.0)}, {'J01': 40}, {'J01': 141}, 
2380.0, {'J01': np.float32(-4.0)}, {'J01': 40}, {'J01': 141}, 
2385.0, {'J01': np.float32(-4.0)}, {'J01': 40}, {'J01': 141}, 
2390.0, {'J01': np.float32(-4.0)}, {'J01': 40}, {'J01': 141}, 
2395.0, {'J01': np.float32(-4.0)}, {'J01': 40}, {'J01': 141}, 
2400.0, {'J01': np.float32(-4.0)}, {'J01': 40}, {'J01': 141}, 
2405.0, {'J01': np.float32(-4.0)}, {'J01': 40}, {'J01': 141}, 
2410.0, {'J01': np.float32(-4.0)}, {'J01': 40}, {'J01': 141}, 
2415.0, {'J01': np.float32(-4.0)}, {'J01': 40}, {'J01': 141}, 
2420.0, {'J01': np.float32(-4.0)}, {'J01': 40}, {'J01': 141}, 
2425.0, {'J01': np.float32(-4.0)}, {'J01': 40}, {'J01': 141}, 
2430.0, {'J01': np.float32(-4.0)}, {'J01': 40}, {'J01': 141}, 
2435.0, {'J01': np.float32(-4.0)}, {'J01': 40}, {'J01': 141}, 
2440.0, {'J01': np.float32(-4.0)}, {'J01': 40}, {'J01': 141}, 
2445.0, {'J01': np.float32(-4.0)}, {'J01': 40}, {'J01': 141}, 
2450.0, {'J01': np.float32(-4.0)}, {'J01': 40}, {'J01': 141}, 
2455.0, {'J01': np.float32(-4.0)}, {'J01': 40}, {'J01': 141}, 
2460.0, {'J01': np.float32(-4.0)}, {'J01': 40}, {'J01': 141}, 
2465.0, {'J01': np.float32(-4.0)}, {'J01': 40}, {'J01': 141}, 
2470.0, {'J01': np.float32(-4.0)}, {'J01': 40}, {'J01': 141}, 
2475.0, {'J01': np.float32(-4.0)}, {'J01': 40}, {'J01': 141}, 
2480.0, {'J01': np.float32(-4.0)}, {'J01': 40}, {'J01': 141}, 
2485.0, {'J01': np.float32(-4.0)}, {'J01': 40}, {'J01': 141}, 
2490.0, {'J01': np.float32(-4.0)}, {'J01': 40}, {'J01': 141}, 
2495.0, {'J01': np.float32(-1.8392857)}, {'J01': 40}, {'J01': 141}, 
2500.0, {'J01': np.float32(4.0)}, {'J01': 40}, {'J01': 141}, 
2505.0, {'J01': np.float32(-4.0)}, {'J01': 40}, {'J01': 141}, 
2510.0, {'J01': np.float32(-4.0)}, {'J01': 40}, {'J01': 141}, 
2515.0, {'J01': np.float32(-4.0)}, {'J01': 40}, {'J01': 141}, 
2520.0, {'J01': np.float32(-4.0)}, {'J01': 40}, {'J01': 141}, 
2525.0, {'J01': np.float32(-4.0)}, {'J01': 40}, {'J01': 141}, 
2530.0, {'J01': np.float32(-4.0)}, {'J01': 40}, {'J01': 141}, 
2535.0, {'J01': np.float32(-4.0)}, {'J01': 40}, {'J01': 141}, 
2540.0, {'J01': np.float32(-4.0)}, {'J01': 40}, {'J01': 141}, 
2545.0, {'J01': np.float32(-4.0)}, {'J01': 40}, {'J01': 141}, 
2550.0, {'J01': np.float32(-4.0)}, {'J01': 40}, {'J01': 141}, 
2555.0, {'J01': np.float32(-4.0)}, {'J01': 40}, {'J01': 141}, 
2560.0, {'J01': np.float32(-4.0)}, {'J01': 40}, {'J01': 141}, 
2565.0, {'J01': np.float32(-4.0)}, {'J01': 40}, {'J01': 141}, 
2570.0, {'J01': np.float32(-4.0)}, {'J01': 40}, {'J01': 141}, 
2575.0, {'J01': np.float32(-4.0)}, {'J01': 40}, {'J01': 141}, 
2580.0, {'J01': np.float32(-4.0)}, {'J01': 40}, {'J01': 141}, 
2585.0, {'J01': np.float32(-4.0)}, {'J01': 40}, {'J01': 141}, 
2590.0, {'J01': np.float32(-4.0)}, {'J01': 40}, {'J01': 141}, 
2595.0, {'J01': np.float32(-4.0)}, {'J01': 40}, {'J01': 141}, 
2600.0, {'J01': np.float32(-4.0)}, {'J01': 40}, {'J01': 141}, 
2605.0, {'J01': np.float32(-4.0)}, {'J01': 40}, {'J01': 141}, 
2610.0, {'J01': np.float32(-4.0)}, {'J01': 40}, {'J01': 141}, 
2615.0, {'J01': np.float32(-4.0)}, {'J01': 40}, {'J01': 141}, 
2620.0, {'J01': np.float32(-4.0)}, {'J01': 40}, {'J01': 141}, 
2625.0, {'J01': np.float32(-4.0)}, {'J01': 40}, {'J01': 141}, 
2630.0, {'J01': np.float32(-4.0)}, {'J01': 40}, {'J01': 141}, 
2635.0, {'J01': np.float32(-4.0)}, {'J01': 40}, {'J01': 141}, 
2640.0, {'J01': np.float32(-4.0)}, {'J01': 40}, {'J01': 141}, 
2645.0, {'J01': np.float32(-3.4575894)}, {'J01': 40}, {'J01': 141}, 
2650.0, {'J01': np.float32(-4.0)}, {'J01': 40}, {'J01': 141}, 
2655.0, {'J01': np.float32(-4.0)}, {'J01': 40}, {'J01': 141}, 
2660.0, {'J01': np.float32(-4.0)}, {'J01': 40}, {'J01': 141}, 
2665.0, {'J01': np.float32(-4.0)}, {'J01': 40}, {'J01': 141}, 
2670.0, {'J01': np.float32(-4.0)}, {'J01': 40}, {'J01': 141}, 
2675.0, {'J01': np.float32(-4.0)}, {'J01': 40}, {'J01': 141}, 
2680.0, {'J01': np.float32(-4.0)}, {'J01': 40}, {'J01': 141}, 
2685.0, {'J01': np.float32(-4.0)}, {'J01': 40}, {'J01': 141}, 
2690.0, {'J01': np.float32(-4.0)}, {'J01': 40}, {'J01': 141}, 
2695.0, {'J01': np.float32(-4.0)}, {'J01': 40}, {'J01': 141}, 
2700.0, {'J01': np.float32(-4.0)}, {'J01': 40}, {'J01': 141}, 
2705.0, {'J01': np.float32(-4.0)}, {'J01': 40}, {'J01': 141}, 
2710.0, {'J01': np.float32(-4.0)}, {'J01': 40}, {'J01': 141}, 
2715.0, {'J01': np.float32(-4.0)}, {'J01': 40}, {'J01': 141}, 
2720.0, {'J01': np.float32(-4.0)}, {'J01': 40}, {'J01': 141}, 
2725.0, {'J01': np.float32(-4.0)}, {'J01': 40}, {'J01': 141}, 
2730.0, {'J01': np.float32(-4.0)}, {'J01': 40}, {'J01': 141}, 
2735.0, {'J01': np.float32(-4.0)}, {'J01': 40}, {'J01': 141}, 
2740.0, {'J01': np.float32(-4.0)}, {'J01': 40}, {'J01': 141}, 
2745.0, {'J01': np.float32(-4.0)}, {'J01': 40}, {'J01': 141}, 
2750.0, {'J01': np.float32(-4.0)}, {'J01': 40}, {'J01': 141}, 
2755.0, {'J01': np.float32(-4.0)}, {'J01': 40}, {'J01': 141}, 
2760.0, {'J01': np.float32(-4.0)}, {'J01': 40}, {'J01': 141}, 
2765.0, {'J01': np.float32(-4.0)}, {'J01': 40}, {'J01': 141}, 
2770.0, {'J01': np.float32(-4.0)}, {'J01': 40}, {'J01': 141}, 
2775.0, {'J01': np.float32(-4.0)}, {'J01': 40}, {'J01': 141}, 
2780.0, {'J01': np.float32(-4.0)}, {'J01': 40}, {'J01': 141}, 
2785.0, {'J01': np.float32(-4.0)}, {'J01': 40}, {'J01': 141}, 
2790.0, {'J01': np.float32(-4.0)}, {'J01': 40}, {'J01': 141}, 
2795.0, {'J01': np.float32(-4.0)}, {'J01': 40}, {'J01': 141}, 
2800.0, {'J01': np.float32(4.0)}, {'J01': 40}, {'J01': 141}, 
2805.0, {'J01': np.float32(-2.9754465)}, {'J01': 40}, {'J01': 141}, 
2810.0, {'J01': np.float32(-4.0)}, {'J01': 40}, {'J01': 141}, 
2815.0, {'J01': np.float32(-4.0)}, {'J01': 40}, {'J01': 141}, 
2820.0, {'J01': np.float32(-4.0)}, {'J01': 40}, {'J01': 141}, 
2825.0, {'J01': np.float32(-3.578125)}, {'J01': 40}, {'J01': 141}, 
2830.0, {'J01': np.float32(-4.0)}, {'J01': 40}, {'J01': 141}, 
2835.0, {'J01': np.float32(-4.0)}, {'J01': 40}, {'J01': 141}, 
2840.0, {'J01': np.float32(-4.0)}, {'J01': 40}, {'J01': 141}, 
2845.0, {'J01': np.float32(-4.0)}, {'J01': 40}, {'J01': 141}, 
2850.0, {'J01': np.float32(-4.0)}, {'J01': 40}, {'J01': 141}, 
2855.0, {'J01': np.float32(-4.0)}, {'J01': 40}, {'J01': 141}, 
2860.0, {'J01': np.float32(-4.0)}, {'J01': 40}, {'J01': 141}, 
2865.0, {'J01': np.float32(-4.0)}, {'J01': 40}, {'J01': 141}, 
2870.0, {'J01': np.float32(-4.0)}, {'J01': 40}, {'J01': 141}, 
2875.0, {'J01': np.float32(-4.0)}, {'J01': 40}, {'J01': 141}, 
2880.0, {'J01': np.float32(-4.0)}, {'J01': 40}, {'J01': 141}, 
2885.0, {'J01': np.float32(-4.0)}, {'J01': 40}, {'J01': 141}, 
2890.0, {'J01': np.float32(-4.0)}, {'J01': 40}, {'J01': 141}, 
2895.0, {'J01': np.float32(-4.0)}, {'J01': 40}, {'J01': 141}, 
2900.0, {'J01': np.float32(-4.0)}, {'J01': 40}, {'J01': 141}, 
2905.0, {'J01': np.float32(-4.0)}, {'J01': 40}, {'J01': 141}, 
2910.0, {'J01': np.float32(-4.0)}, {'J01': 40}, {'J01': 141}, 
2915.0, {'J01': np.float32(-4.0)}, {'J01': 40}, {'J01': 141}, 
2920.0, {'J01': np.float32(-4.0)}, {'J01': 40}, {'J01': 141}, 
2925.0, {'J01': np.float32(-4.0)}, {'J01': 40}, {'J01': 141}, 
2930.0, {'J01': np.float32(-4.0)}, {'J01': 40}, {'J01': 141}, 
2935.0, {'J01': np.float32(-4.0)}, {'J01': 40}, {'J01': 141}, 
2940.0, {'J01': np.float32(-4.0)}, {'J01': 40}, {'J01': 141}, 
2945.0, {'J01': np.float32(-4.0)}, {'J01': 40}, {'J01': 141}, 
2950.0, {'J01': np.float32(-4.0)}, {'J01': 40}, {'J01': 141}, 
2955.0, {'J01': np.float32(-4.0)}, {'J01': 40}, {'J01': 141}, 
2960.0, {'J01': np.float32(-4.0)}, {'J01': 40}, {'J01': 141}, 
2965.0, {'J01': np.float32(-4.0)}, {'J01': 40}, {'J01': 141}, 
2970.0, {'J01': np.float32(-4.0)}, {'J01': 40}, {'J01': 141}, 
2975.0, {'J01': np.float32(-4.0)}, {'J01': 40}, {'J01': 141}, 
2980.0, {'J01': np.float32(-4.0)}, {'J01': 40}, {'J01': 141}, 
2985.0, {'J01': np.float32(-4.0)}, {'J01': 40}, {'J01': 141}, 
2990.0, {'J01': np.float32(-4.0)}, {'J01': 40}, {'J01': 141}, 
2995.0, {'J01': np.float32(-4.0)}, {'J01': 40}, {'J01': 141}, 
3000.0, {'J01': np.float32(-4.0)}, {'J01': 40}, {'J01': 141}, 
3005.0, {'J01': np.float32(-4.0)}, {'J01': 40}, {'J01': 141}, 
3010.0, {'J01': np.float32(-4.0)}, {'J01': 40}, {'J01': 141}, 
3015.0, {'J01': np.float32(-4.0)}, {'J01': 40}, {'J01': 141}, 
3020.0, {'J01': np.float32(-4.0)}, {'J01': 40}, {'J01': 141}, 
3025.0, {'J01': np.float32(-4.0)}, {'J01': 40}, {'J01': 141}, 
3030.0, {'J01': np.float32(-4.0)}, {'J01': 40}, {'J01': 141}, 
3035.0, {'J01': np.float32(-4.0)}, {'J01': 40}, {'J01': 141}, 
3040.0, {'J01': np.float32(-4.0)}, {'J01': 40}, {'J01': 141}, 
3045.0, {'J01': np.float32(-4.0)}, {'J01': 40}, {'J01': 141}, 
3050.0, {'J01': np.float32(-4.0)}, {'J01': 40}, {'J01': 141}, 
3055.0, {'J01': np.float32(-4.0)}, {'J01': 40}, {'J01': 141}, 
3060.0, {'J01': np.float32(-4.0)}, {'J01': 40}, {'J01': 141}, 
3065.0, {'J01': np.float32(-4.0)}, {'J01': 40}, {'J01': 141}, 
3070.0, {'J01': np.float32(-4.0)}, {'J01': 40}, {'J01': 141}, 
3075.0, {'J01': np.float32(-4.0)}, {'J01': 40}, {'J01': 141}, 
3080.0, {'J01': np.float32(-4.0)}, {'J01': 40}, {'J01': 141}, 
3085.0, {'J01': np.float32(-4.0)}, {'J01': 40}, {'J01': 141}, 
3090.0, {'J01': np.float32(-4.0)}, {'J01': 40}, {'J01': 141}, 
3095.0, {'J01': np.float32(-4.0)}, {'J01': 40}, {'J01': 141}, 
3100.0, {'J01': np.float32(2.03125)}, {'J01': 40}, {'J01': 141}, 
3105.0, {'J01': np.float32(2.2544644)}, {'J01': 40}, {'J01': 141}, 
3110.0, {'J01': np.float32(-4.0)}, {'J01': 40}, {'J01': 141}, 
3115.0, {'J01': np.float32(-4.0)}, {'J01': 40}, {'J01': 141}, 
3120.0, {'J01': np.float32(-4.0)}, {'J01': 40}, {'J01': 141}, 
3125.0, {'J01': np.float32(-4.0)}, {'J01': 40}, {'J01': 141}, 
3130.0, {'J01': np.float32(-4.0)}, {'J01': 40}, {'J01': 141}, 
3135.0, {'J01': np.float32(-4.0)}, {'J01': 40}, {'J01': 141}, 
3140.0, {'J01': np.float32(-4.0)}, {'J01': 40}, {'J01': 141}, 
3145.0, {'J01': np.float32(-4.0)}, {'J01': 40}, {'J01': 141}, 
3150.0, {'J01': np.float32(-4.0)}, {'J01': 40}, {'J01': 141}, 
3155.0, {'J01': np.float32(-4.0)}, {'J01': 40}, {'J01': 141}, 
3160.0, {'J01': np.float32(-4.0)}, {'J01': 40}, {'J01': 141}, 
3165.0, {'J01': np.float32(-4.0)}, {'J01': 40}, {'J01': 141}, 
3170.0, {'J01': np.float32(-4.0)}, {'J01': 40}, {'J01': 141}, 
3175.0, {'J01': np.float32(-4.0)}, {'J01': 40}, {'J01': 141}, 
3180.0, {'J01': np.float32(-4.0)}, {'J01': 40}, {'J01': 141}, 
3185.0, {'J01': np.float32(-4.0)}, {'J01': 40}, {'J01': 141}, 
3190.0, {'J01': np.float32(-4.0)}, {'J01': 40}, {'J01': 141}, 
3195.0, {'J01': np.float32(-4.0)}, {'J01': 40}, {'J01': 141}, 
3200.0, {'J01': np.float32(-4.0)}, {'J01': 40}, {'J01': 141}, 
3205.0, {'J01': np.float32(-4.0)}, {'J01': 40}, {'J01': 141}, 
3210.0, {'J01': np.float32(-4.0)}, {'J01': 40}, {'J01': 141}, 
3215.0, {'J01': np.float32(-4.0)}, {'J01': 40}, {'J01': 141}, 
3220.0, {'J01': np.float32(-4.0)}, {'J01': 40}, {'J01': 141}, 
3225.0, {'J01': np.float32(-4.0)}, {'J01': 40}, {'J01': 141}, 
3230.0, {'J01': np.float32(-4.0)}, {'J01': 40}, {'J01': 141}, 
3235.0, {'J01': np.float32(-4.0)}, {'J01': 40}, {'J01': 141}, 
3240.0, {'J01': np.float32(-4.0)}, {'J01': 40}, {'J01': 141}, 
3245.0, {'J01': np.float32(-4.0)}, {'J01': 40}, {'J01': 141}, 
3250.0, {'J01': np.float32(-4.0)}, {'J01': 40}, {'J01': 141}, 
3255.0, {'J01': np.float32(-4.0)}, {'J01': 40}, {'J01': 141}, 
3260.0, {'J01': np.float32(-4.0)}, {'J01': 40}, {'J01': 141}, 
3265.0, {'J01': np.float32(-4.0)}, {'J01': 40}, {'J01': 141}, 
3270.0, {'J01': np.float32(-4.0)}, {'J01': 40}, {'J01': 141}, 
3275.0, {'J01': np.float32(-4.0)}, {'J01': 40}, {'J01': 141}, 
3280.0, {'J01': np.float32(-4.0)}, {'J01': 40}, {'J01': 141}, 
3285.0, {'J01': np.float32(-4.0)}, {'J01': 40}, {'J01': 141}, 
3290.0, {'J01': np.float32(-3.9285715)}, {'J01': 40}, {'J01': 141}, 
3295.0, {'J01': np.float32(-4.0)}, {'J01': 40}, {'J01': 141}, 
3300.0, {'J01': np.float32(-4.0)}, {'J01': 40}, {'J01': 141}, 
3305.0, {'J01': np.float32(-4.0)}, {'J01': 40}, {'J01': 141}, 
3310.0, {'J01': np.float32(-4.0)}, {'J01': 40}, {'J01': 141}, 
3315.0, {'J01': np.float32(-4.0)}, {'J01': 40}, {'J01': 141}, 
3320.0, {'J01': np.float32(-4.0)}, {'J01': 40}, {'J01': 141}, 
3325.0, {'J01': np.float32(-4.0)}, {'J01': 40}, {'J01': 141}, 
3330.0, {'J01': np.float32(-4.0)}, {'J01': 40}, {'J01': 141}, 
3335.0, {'J01': np.float32(-4.0)}, {'J01': 40}, {'J01': 141}, 
3340.0, {'J01': np.float32(-4.0)}, {'J01': 40}, {'J01': 141}, 
3345.0, {'J01': np.float32(-4.0)}, {'J01': 40}, {'J01': 141}, 
3350.0, {'J01': np.float32(-4.0)}, {'J01': 40}, {'J01': 141}, 
3355.0, {'J01': np.float32(-4.0)}, {'J01': 40}, {'J01': 141}, 
3360.0, {'J01': np.float32(-4.0)}, {'J01': 40}, {'J01': 141}, 
3365.0, {'J01': np.float32(-4.0)}, {'J01': 40}, {'J01': 141}, 
3370.0, {'J01': np.float32(-4.0)}, {'J01': 40}, {'J01': 141}, 
3375.0, {'J01': np.float32(-4.0)}, {'J01': 40}, {'J01': 141}, 
3380.0, {'J01': np.float32(-4.0)}, {'J01': 40}, {'J01': 141}, 
3385.0, {'J01': np.float32(-4.0)}, {'J01': 40}, {'J01': 141}, 
3390.0, {'J01': np.float32(-4.0)}, {'J01': 40}, {'J01': 141}, 
3395.0, {'J01': np.float32(-4.0)}, {'J01': 40}, {'J01': 141}, 
3400.0, {'J01': np.float32(-2.84375)}, {'J01': 40}, {'J01': 141}, 
3405.0, {'J01': np.float32(1.1160715)}, {'J01': 40}, {'J01': 141}, 
3410.0, {'J01': np.float32(-3.002232)}, {'J01': 40}, {'J01': 141}, 
3415.0, {'J01': np.float32(-4.0)}, {'J01': 40}, {'J01': 141}, 
3420.0, {'J01': np.float32(-4.0)}, {'J01': 40}, {'J01': 141}, 
3425.0, {'J01': np.float32(-2.8861606)}, {'J01': 40}, {'J01': 141}, 
3430.0, {'J01': np.float32(-4.0)}, {'J01': 40}, {'J01': 141}, 
3435.0, {'J01': np.float32(-4.0)}, {'J01': 40}, {'J01': 141}, 
3440.0, {'J01': np.float32(-4.0)}, {'J01': 40}, {'J01': 141}, 
3445.0, {'J01': np.float32(-4.0)}, {'J01': 40}, {'J01': 141}, 
3450.0, {'J01': np.float32(-4.0)}, {'J01': 40}, {'J01': 141}, 
3455.0, {'J01': np.float32(-4.0)}, {'J01': 40}, {'J01': 141}, 
3460.0, {'J01': np.float32(-4.0)}, {'J01': 40}, {'J01': 141}, 
3465.0, {'J01': np.float32(-4.0)}, {'J01': 40}, {'J01': 141}, 
3470.0, {'J01': np.float32(-4.0)}, {'J01': 40}, {'J01': 141}, 
3475.0, {'J01': np.float32(-4.0)}, {'J01': 40}, {'J01': 141}, 
3480.0, {'J01': np.float32(-4.0)}, {'J01': 40}, {'J01': 141}, 
3485.0, {'J01': np.float32(-4.0)}, {'J01': 40}, {'J01': 141}, 
3490.0, {'J01': np.float32(-4.0)}, {'J01': 40}, {'J01': 141}, 
3495.0, {'J01': np.float32(-4.0)}, {'J01': 40}, {'J01': 141}, 
3500.0, {'J01': np.float32(-4.0)}, {'J01': 40}, {'J01': 141}, 
3505.0, {'J01': np.float32(-4.0)}, {'J01': 40}, {'J01': 141}, 
3510.0, {'J01': np.float32(-4.0)}, {'J01': 40}, {'J01': 141}, 
3515.0, {'J01': np.float32(-4.0)}, {'J01': 40}, {'J01': 141}, 
3520.0, {'J01': np.float32(-4.0)}, {'J01': 40}, {'J01': 141}, 
3525.0, {'J01': np.float32(-4.0)}, {'J01': 40}, {'J01': 141}, 
3530.0, {'J01': np.float32(-4.0)}, {'J01': 40}, {'J01': 141}, 
3535.0, {'J01': np.float32(-4.0)}, {'J01': 40}, {'J01': 141}, 
3540.0, {'J01': np.float32(-4.0)}, {'J01': 40}, {'J01': 141}, 
3545.0, {'J01': np.float32(-4.0)}, {'J01': 40}, {'J01': 141}, 
3550.0, {'J01': np.float32(-4.0)}, {'J01': 40}, {'J01': 141}, 
3555.0, {'J01': np.float32(-4.0)}, {'J01': 40}, {'J01': 141}, 
3560.0, {'J01': np.float32(-4.0)}, {'J01': 40}, {'J01': 141}, 
3565.0, {'J01': np.float32(-4.0)}, {'J01': 40}, {'J01': 141}, 
3570.0, {'J01': np.float32(-4.0)}, {'J01': 40}, {'J01': 141}, 
3575.0, {'J01': np.float32(-4.0)}, {'J01': 40}, {'J01': 141}, 
3580.0, {'J01': np.float32(-4.0)}, {'J01': 40}, {'J01': 141}, 
3585.0, {'J01': np.float32(-4.0)}, {'J01': 40}, {'J01': 141}, 
3590.0, {'J01': np.float32(-4.0)}, {'J01': 40}, {'J01': 141}, 
3595.0, {'J01': np.float32(-4.0)}, {'J01': 40}, {'J01': 141}, 
3600.0, {'J01': np.float32(-4.0)}, {'J01': 40}, {'J01': 141}, 
